Date,XAU BGNL Curncy,ECSURPUS Index,BDIY Index,CRY Index,DXY Curncy,JPY Curncy,GBP Curncy,Cl1 Comdty,VIX Index,USGG30YR Index,GT10 Govt,USGG2YR Index,USGG3M Index,US0001M Index,GTDEM30Y Govt,GTDEM10Y Govt,GTDEM2Y Govt,EONIA Index,GTITL30YR Corp,GTITL10YR Corp,GTITL2YR Corp,GTJPY30YR Corp,GTJPY10YR Corp,GTJPY2YR Corp,GTGBP30Y Govt,GTGBP20Y Govt,GTGBP2Y Govt,LUMSTRUU Index,LMBITR Index,LUACTRUU Index,LF98TRUU Index,LG30TRUU Index,LP01TREU Index,EMUSTRUU Index,LF94TRUU Index,MXUS Index,MXEU Index,MXJP Index,MXBR Index,MXRU Index,MXIN Index,MXCN Index,MXWO Index,MXWD Index,LEGATRUU Index,HFRXGL Index,RX1 Comdty,TY1 Comdty,GC1 Comdty,CO1 Comdty,ES1 Index,VG1 Index,NQ1 Index,LLL1 Index,TP1 Index,DU1 Comdty,TU2 Comdty
1999-04-27,282.25,,995.0,134.65,100.63,120.44,1.617,17.81,23.36,5.538,5.205,4.998,4.476,4.903,4.835,3.854,2.675,2.93,,,,,1.435,0.143,4.533,4.649,5.042,874.9,491.102,1021.51,555.39,295.21,113.298,207.964,,1332.91,111.67,871.64,596.7,110.54,119.39,33.4,1252.1,299.05,218.647,,115.76,115.563,282.3,15.8,1376.5,3726.0,,,1347.5,105.69,104.898
1999-05-04,285.55,,1095.0,139.04,100.68,120.77,1.626,18.92,25.62,5.713,5.405,5.088,4.6,4.903,4.925,3.942,2.725,2.53,,,,,1.439,0.149,4.655,4.762,5.144,873.01,490.824,1012.45,557.86,297.941,116.997,210.785,120.006,1300.51,111.77,859.79,635.9,123.99,130.11,33.99,1232.99,295.25,217.424,658.0,115.11,114.313,286.9,16.93,1343.0,3740.0,,,1328.5,105.58,104.664
1999-05-11,278.25,,1121.0,136.78,100.24,121.07,1.621,18.06,25.62,5.835,5.578,5.173,4.579,4.901,5.035,4.057,2.702,2.51,,,,,1.353,0.13,4.719,4.83,5.049,871.5,489.058,1005.23,554.77,297.327,135.0,210.305,120.006,1323.8,109.24,869.15,706.79,129.03,144.99,35.22,1239.79,297.31,217.676,658.0,114.6,113.344,278.8,15.96,1358.25,3690.0,,,1343.5,105.67,104.406
1999-05-18,273.95,,1061.0,133.9,100.72,123.21,1.621,17.11,27.26,5.89,5.661,5.345,4.652,4.914,5.082,4.112,2.729,2.51,,,,,1.28,0.075,4.779,4.896,5.139,868.45,487.495,1002.54,553.05,293.601,113.908,206.449,120.006,1303.06,106.83,845.26,699.12,136.34,150.73,34.78,1212.2,290.72,216.441,658.0,114.24,112.344,274.2,15.14,1341.25,3595.0,,,1323.5,105.6,104.141
1999-05-25,271.45,,1017.0,132.09,101.38,122.85,1.602,17.14,28.9,5.748,5.473,5.261,4.642,4.921,5.021,4.033,2.7,2.61,,,,,1.322,0.074,4.699,4.808,4.994,871.29,488.088,1011.6,551.88,290.145,111.377,201.908,120.006,1255.55,107.29,831.5,586.78,129.18,150.01,33.6,1185.38,283.84,216.754,658.0,114.79,113.125,270.8,15.43,1284.5,3631.0,,,1307.0,105.68,104.289
1999-06-01,267.15,,975.0,130.73,102.07,120.45,1.612,16.34,26.62,5.924,5.758,5.523,4.658,4.944,5.198,4.218,2.875,2.51,,,,,1.625,0.137,4.833,4.951,5.218,864.65,487.982,993.71,548.8,289.413,114.954,201.385,121.912,1263.53,107.17,841.1,609.32,126.18,144.53,34.39,1186.63,284.21,213.814,649.58,113.15,111.219,268.2,14.55,1295.5,3611.0,,,1325.0,105.27,103.836
1999-06-08,261.65,,1014.0,136.13,101.76,119.25,1.605,17.66,24.02,5.994,5.824,5.558,4.613,4.951,5.203,4.235,2.891,2.54,,,,,1.594,0.113,4.788,4.913,5.251,863.57,486.15,992.16,547.83,290.708,112.238,204.091,121.912,1288.04,110.57,855.04,603.14,137.43,150.71,34.37,1214.13,291.17,213.557,649.58,112.77,111.313,262.8,15.84,1321.25,3727.0,,,1339.0,105.3,103.781
1999-06-15,259.75,,1014.0,137.43,102.21,120.7,1.591,18.55,25.91,6.111,5.977,5.638,4.725,5.0,5.271,4.288,3.008,2.55,,,,,1.593,0.173,4.793,4.919,5.171,857.11,481.607,984.94,546.54,290.238,111.8,204.093,121.912,1270.24,110.47,887.33,609.65,140.03,144.09,38.54,1209.11,289.86,212.387,649.58,111.68,110.656,260.1,16.46,1305.0,3742.0,,,1385.0,104.95,103.617
1999-06-22,258.55,,955.0,136.27,103.0,121.85,1.589,17.61,21.7,6.057,5.923,5.632,4.738,5.041,5.322,4.38,3.086,2.6,,,,,1.685,0.23,4.788,4.924,5.321,861.16,482.228,987.76,547.8,293.03,112.487,208.024,121.912,1304.26,113.11,908.91,647.5,152.38,156.01,43.46,1234.34,296.63,211.331,649.58,111.01,110.156,259.4,16.1,1349.25,3880.0,2242.5,,1424.0,104.77,103.656
1999-06-29,261.25,,976.0,137.13,103.05,120.96,1.576,18.44,22.51,6.068,5.926,5.679,4.821,5.21,5.395,4.513,3.174,2.58,,,,,1.827,0.33,4.729,4.871,5.393,860.04,479.802,989.94,548.35,292.147,112.301,206.333,121.912,1319.99,110.42,906.78,619.02,148.4,153.94,47.9,1234.29,296.36,211.107,649.58,110.28,110.281,262.0,16.79,1356.75,3799.0,2294.0,,1426.0,104.61,103.648
1999-07-06,256.75,,947.0,137.24,103.78,122.02,1.563,19.78,20.73,6.037,5.868,5.601,4.629,5.183,5.526,4.681,3.159,2.58,,,,,1.699,0.366,4.766,4.912,5.382,864.37,481.189,993.34,548.85,293.819,112.684,209.137,120.724,1357.06,114.77,934.53,643.0,176.66,159.86,47.9,1269.73,305.12,210.458,665.1,109.0,110.688,257.8,18.1,1403.25,3988.0,2365.0,,1482.5,104.61,103.648
1999-07-13,255.2,,984.0,137.59,104.32,121.25,1.557,20.15,19.95,5.91,5.705,5.489,4.694,5.181,5.427,4.635,3.142,2.54,,,,,1.618,0.357,4.691,4.86,5.274,868.72,482.174,1003.52,553.17,293.497,112.91,206.551,120.724,1360.65,112.43,940.48,605.76,165.58,169.81,46.81,1260.53,302.67,210.911,665.1,109.33,111.75,256.7,19.03,1403.75,3915.0,2395.0,,1478.5,104.61,103.648
1999-07-20,253.45,,983.0,138.3,102.41,118.94,1.572,19.37,21.79,5.886,5.633,5.401,4.613,5.18,5.4,4.698,3.277,2.62,,,,,1.804,0.38,4.603,4.803,5.413,870.24,484.527,1007.57,555.28,294.547,112.867,207.048,120.724,1344.26,111.0,960.48,618.73,159.52,170.63,42.4,1261.65,302.94,213.035,665.1,109.69,112.109,254.1,18.55,1387.5,3863.0,2353.0,,1509.0,104.44,103.648
1999-07-27,253.85,,979.0,141.6,100.79,116.27,1.591,20.38,23.23,6.01,5.807,5.544,4.706,5.18,5.453,4.685,3.218,1.87,,,,,1.655,0.276,4.694,4.902,5.579,861.9,484.917,1000.53,553.2,293.93,111.675,206.963,120.724,1329.23,107.23,901.96,586.69,152.21,170.47,40.4,1240.96,297.47,214.756,665.1,109.49,111.0,254.5,19.13,1363.75,3685.0,2306.5,,1427.0,104.48,103.648
1999-08-03,256.05,,1019.0,143.64,99.91,115.08,1.623,20.3,26.27,6.164,5.957,5.655,4.821,5.203,5.619,4.891,3.489,2.58,,,,,1.769,0.441,4.602,4.807,5.952,855.64,482.707,988.41,548.96,291.589,111.884,204.891,122.352,1287.54,106.84,936.26,560.19,142.22,169.18,43.23,1229.54,294.77,213.613,661.11,107.8,110.109,257.0,19.4,1328.75,3614.0,2257.0,,1485.0,104.06,103.648
1999-08-10,257.25,,1045.0,147.74,99.81,114.59,1.617,21.3,28.45,6.242,6.149,5.775,4.923,5.244,5.645,4.991,3.526,2.53,,,,,1.769,0.456,4.608,4.839,5.921,846.82,479.249,980.53,543.88,289.054,111.101,203.438,122.352,1247.79,103.48,894.1,527.97,127.64,171.85,36.65,1191.55,285.87,212.776,661.11,107.09,108.844,258.7,20.49,1290.5,3532.0,2175.5,,1419.0,104.0,103.297
1999-08-17,261.3,,1064.0,148.21,100.84,114.08,1.604,21.74,21.67,6.008,5.881,5.666,4.821,5.279,5.637,4.858,3.398,2.57,,,,,1.769,0.394,4.727,4.912,5.775,865.24,476.693,988.43,544.72,291.079,109.932,206.58,122.352,1308.28,108.69,926.59,534.3,127.24,174.33,37.91,1238.22,296.67,213.082,661.11,108.19,110.516,262.1,20.74,1347.0,3756.0,2345.0,,1467.5,104.26,103.523
1999-08-24,253.55,,1053.0,147.18,100.49,111.01,1.595,21.47,22.4,5.931,5.816,5.597,4.968,5.339,5.585,4.804,3.386,1.94,,,,,1.769,0.309,4.721,4.883,5.736,866.09,476.404,994.26,545.89,291.113,110.408,206.047,122.352,1330.52,110.19,941.28,543.35,140.41,181.54,42.71,1262.79,302.57,214.444,661.11,108.8,110.891,253.5,20.63,1370.5,3795.0,2416.5,,1500.0,104.38,103.805
1999-08-31,255.85,,1038.0,149.16,99.95,109.37,1.61,22.11,24.45,6.059,5.97,5.722,4.967,5.371,5.656,4.891,3.462,2.55,,,,,1.935,0.367,4.53,4.708,5.799,859.78,478.844,987.88,544.39,290.895,111.525,206.489,119.353,1285.06,109.46,889.26,553.13,122.94,185.37,41.98,1232.16,295.6,214.35,661.11,107.87,110.0,256.7,21.33,1319.75,3768.0,2393.0,,1468.5,104.22,103.5
1999-09-07,255.95,,1051.0,151.81,100.0,110.97,1.606,22.61,23.44,6.073,5.938,5.664,4.806,5.379,5.807,5.051,3.508,2.54,,,,2.86,1.834,0.346,4.643,4.833,5.828,864.13,479.364,990.03,544.58,291.877,111.661,208.126,119.353,1315.27,111.16,919.69,578.47,126.97,181.06,42.79,1258.79,301.71,214.227,662.04,106.83,110.234,256.6,21.98,1352.5,3826.0,2501.0,,1504.0,104.28,103.594
1999-09-14,257.25,,1143.0,152.95,100.73,105.48,1.605,23.86,23.77,6.119,5.959,5.682,4.79,5.38,5.881,5.138,3.604,2.51,,,,2.738,1.702,0.301,4.848,5.044,6.145,868.01,479.236,990.12,543.21,292.325,112.165,209.893,119.353,1300.81,110.47,929.54,604.77,117.17,179.94,43.93,1254.82,301.03,214.075,662.04,105.12,110.172,257.4,23.71,1337.5,3824.0,2514.5,,1508.5,103.48,103.602
1999-09-21,259.85,,1205.0,152.02,99.6,104.85,1.632,24.46,25.65,6.089,5.925,5.649,4.79,5.381,5.815,5.092,3.646,2.46,,,,2.697,1.675,0.215,4.821,5.027,6.065,870.32,478.953,994.25,543.47,292.455,112.718,209.941,119.353,1272.29,108.97,931.07,601.53,92.98,178.87,42.52,1237.17,296.65,215.464,662.04,105.5,110.375,260.8,22.68,1322.0,3749.0,2511.5,,1520.0,103.58,103.68
1999-09-28,308.8,,1217.0,156.66,99.18,106.08,1.65,24.33,26.06,6.086,5.906,5.641,4.863,5.38,5.731,5.076,3.629,2.52,,,,2.606,1.735,0.233,4.894,5.092,6.073,873.94,479.507,997.68,542.55,292.459,112.603,210.556,119.353,1247.58,108.21,894.24,590.53,106.35,185.15,40.09,1213.25,290.91,215.922,662.04,105.85,110.219,308.1,23.76,1294.25,3702.0,2463.0,,1460.0,103.66,103.797
1999-10-05,327.5,,1267.0,152.57,97.98,106.88,1.653,23.45,24.79,6.177,6.033,5.772,4.839,5.418,5.791,5.167,3.866,2.57,,,,2.568,1.627,0.231,4.781,4.996,6.228,870.44,479.041,991.7,540.23,292.243,111.96,211.038,121.382,1263.52,108.94,912.88,562.57,110.37,183.73,39.38,1233.4,295.41,216.307,665.15,105.32,109.141,324.4,22.93,1315.75,3753.0,2508.5,,1510.0,103.24,103.797
1999-10-12,320.4,,1308.0,152.63,97.95,106.33,1.656,22.3,22.84,6.224,6.048,5.782,4.823,5.408,5.982,5.33,4.009,2.53,,,,2.724,1.821,0.265,4.828,5.052,6.187,872.63,477.126,990.95,541.44,293.214,112.112,211.975,121.382,1272.72,109.48,931.26,588.0,117.12,198.2,37.09,1246.41,298.89,216.132,665.15,104.22,108.906,316.7,22.05,1326.0,3763.0,2559.5,,1544.5,102.97,103.797
1999-10-19,308.15,,1385.0,152.7,97.38,105.33,1.671,22.22,26.56,6.351,6.179,5.895,5.134,5.408,6.008,5.39,4.077,2.6,,,,2.638,1.795,0.2,4.754,5.001,6.203,868.98,474.026,989.52,539.37,292.527,111.946,212.163,121.382,1226.58,107.09,892.32,552.81,119.62,192.86,34.91,1208.33,289.53,216.403,665.15,103.54,108.359,308.0,21.76,1274.5,3724.0,2382.5,,1467.5,102.82,103.797
1999-10-26,292.55,,1390.0,152.52,98.82,104.89,1.652,23.19,24.26,6.384,6.238,5.984,5.134,5.41,6.021,5.427,4.112,1.76,,,,2.72,1.904,0.221,4.723,4.974,6.317,868.43,471.833,988.05,538.13,294.101,112.493,215.693,121.382,1247.09,109.38,924.11,575.31,120.68,188.41,35.96,1228.61,294.31,214.656,665.15,103.41,108.0,288.9,22.7,1285.5,3812.0,2476.0,,1541.0,102.84,103.797
1999-11-02,290.5,,1320.0,150.74,99.18,104.1,1.646,22.39,23.1,6.139,6.018,5.803,5.109,5.408,5.656,5.078,3.884,2.8,5.885,5.319,4.054,2.597,1.768,0.23,4.344,4.56,6.069,878.22,473.847,1003.39,537.32,295.837,113.159,219.506,122.643,1310.66,112.96,935.53,602.37,120.66,173.66,36.13,1273.58,305.11,217.042,673.13,106.29,109.656,292.4,22.08,1352.5,3940.0,2641.5,,1576.5,103.29,99.938
1999-11-09,291.7,,1301.0,154.06,100.23,104.93,1.622,24.03,22.7,6.071,5.956,5.751,5.186,5.4,5.59,4.966,3.799,2.95,5.885,5.319,4.054,2.629,1.79,0.216,4.27,4.473,5.96,882.94,477.82,1008.8,541.26,298.753,113.466,222.417,122.643,1326.71,115.62,937.75,662.98,131.09,179.69,37.27,1286.64,308.71,217.171,673.13,106.92,110.266,293.1,24.13,1372.0,4052.0,2785.5,,1571.5,103.57,100.07
1999-11-16,293.9,,1346.0,156.51,100.79,105.74,1.617,25.7,20.73,6.063,5.958,5.835,5.29,5.459,5.544,4.859,3.737,2.97,5.885,5.319,4.054,2.622,1.79,0.218,4.077,4.304,5.894,883.61,479.82,1012.22,541.05,299.703,115.381,224.442,122.643,1375.95,119.35,944.43,668.58,141.8,177.81,40.37,1322.9,317.22,216.885,673.13,108.2,110.297,295.3,24.54,1431.0,4216.0,2976.5,,1582.5,103.72,99.992
1999-11-23,298.2,,1355.0,156.66,100.83,104.14,1.624,26.44,21.0,6.196,6.078,5.938,5.269,5.589,5.728,5.1,3.954,2.74,5.885,5.319,4.054,2.723,1.89,0.263,4.24,4.488,6.141,881.67,479.936,1006.29,541.69,300.058,115.642,224.591,122.643,1367.95,119.22,981.28,689.23,153.22,181.52,37.34,1329.19,318.77,215.97,673.13,106.35,109.578,298.7,25.15,1412.0,4238.0,3015.5,,1663.0,103.34,99.883
1999-11-30,292.1,,1351.0,153.94,101.99,101.63,1.596,24.59,24.18,6.293,6.191,6.014,5.301,6.476,5.753,5.125,3.983,3.04,5.885,5.319,4.054,2.624,1.84,0.408,4.266,4.505,6.283,879.24,478.891,1004.27,543.19,299.78,115.831,223.505,122.396,1352.84,120.85,954.79,709.67,138.38,182.68,36.21,1315.68,315.68,214.293,673.13,106.19,109.25,290.1,23.64,1391.5,4342.0,2972.5,,1641.5,103.37,99.734
1999-12-07,280.45,,1344.0,156.8,100.82,102.3,1.624,26.22,21.09,6.2,6.1,5.929,5.207,6.469,5.653,5.028,3.943,3.04,5.827,5.222,4.225,2.6,1.798,0.336,4.384,4.583,6.224,883.39,478.533,1009.99,546.24,302.489,116.441,226.366,122.396,1380.85,124.93,958.67,748.94,140.43,191.57,35.24,1353.63,324.79,216.632,709.21,107.1,109.797,283.7,25.4,1415.75,4500.0,3211.5,,1630.0,103.38,99.875
1999-12-14,279.8,,1358.0,155.5,102.35,103.58,1.612,25.73,23.06,6.306,6.216,6.067,5.384,6.463,5.736,5.088,3.992,3.0,5.919,5.303,4.279,2.581,1.779,0.283,4.305,4.494,6.222,880.61,479.131,1005.7,548.3,304.571,117.136,228.907,122.396,1379.88,125.94,947.39,755.17,136.03,189.89,34.18,1345.89,323.32,214.607,709.21,106.2,109.234,280.0,25.02,1405.5,4517.0,3176.5,,1607.0,102.94,99.656
1999-12-21,283.05,,1329.0,157.92,101.93,102.02,1.613,26.26,22.66,6.461,6.376,6.207,5.583,6.461,5.858,5.23,4.16,3.04,6.04,5.477,4.427,2.494,1.718,0.299,4.47,4.658,6.308,874.99,476.315,998.26,548.6,305.882,118.135,230.806,122.396,1412.45,126.72,952.8,818.3,179.67,195.97,33.09,1370.74,329.29,214.044,709.21,105.15,108.359,286.9,25.29,1454.5,4588.0,3599.0,,1623.5,102.81,99.359
1999-12-28,290.05,,1319.0,158.99,101.94,102.19,1.615,26.82,22.97,6.474,6.413,6.213,5.374,6.49,5.908,5.297,4.194,3.07,6.064,5.575,4.408,2.42,1.694,0.262,4.544,4.727,6.377,876.55,474.995,997.91,548.87,306.086,117.62,231.05,122.396,1435.46,131.18,997.95,834.52,186.86,202.73,33.3,1406.64,337.94,214.215,709.21,104.63,96.0,290.0,25.21,1478.75,4808.0,3622.5,,1702.0,102.73,99.344
2000-01-04,281.9,,1320.0,155.49,100.41,103.1,1.639,25.55,27.01,6.537,6.497,6.299,5.447,5.823,6.062,5.492,4.338,3.75,6.256,5.73,4.569,2.459,1.738,0.322,4.673,4.88,6.551,875.15,475.322,997.38,547.66,306.079,117.053,231.367,123.762,1379.11,127.72,1014.05,816.43,223.76,231.34,34.9,1378.31,332.3,214.786,750.63,103.16,95.563,283.7,24.39,1411.75,4672.0,3557.5,,1719.0,102.49,99.406
2000-01-11,283.25,0.077,1388.0,157.26,100.56,105.86,1.646,25.77,22.5,6.671,6.657,6.428,5.426,5.781,6.121,5.541,4.316,2.89,6.321,5.777,4.495,2.422,1.709,0.346,4.535,4.77,6.524,870.94,474.045,990.75,546.04,305.057,116.464,230.527,123.762,1416.12,127.75,990.59,856.76,224.33,217.34,34.3,1386.34,334.05,213.575,750.63,102.76,94.563,284.4,24.62,1454.25,4708.0,3575.0,,1681.5,102.56,98.805
2000-01-18,287.65,0.043,1405.0,165.01,101.86,105.47,1.638,28.85,21.5,6.747,6.748,6.465,5.378,5.803,6.254,5.644,4.321,3.03,6.459,5.889,4.535,2.418,1.765,0.349,4.746,4.975,6.613,869.33,473.223,990.48,545.68,305.303,117.267,231.377,123.762,1428.79,129.5,993.98,925.22,234.37,227.08,32.74,1391.6,336.12,211.894,750.63,102.06,94.125,289.6,26.05,1469.5,4781.0,3807.0,,1661.5,102.55,98.742
2000-01-25,287.15,0.135,1368.0,167.24,102.41,106.04,1.65,28.28,23.02,6.634,6.692,6.432,5.562,5.819,6.045,5.515,4.27,3.15,6.281,5.76,4.511,2.259,1.625,0.293,4.691,4.9,6.521,873.5,472.723,997.68,546.7,306.181,117.995,232.39,123.762,1385.93,126.48,974.83,886.93,216.82,233.0,32.46,1352.8,326.45,212.783,750.63,103.08,94.484,286.6,26.54,1418.5,4690.0,3791.5,,1637.5,102.65,98.797
2000-02-01,282.75,0.191,1311.0,166.85,104.92,107.85,1.611,28.22,23.45,6.423,6.619,6.574,5.708,5.885,5.944,5.459,4.326,3.3,6.188,5.71,4.54,2.33,1.77,0.364,4.593,4.794,6.467,871.22,473.255,997.91,547.38,305.997,120.51,231.942,122.328,1385.31,129.19,1007.12,842.6,201.89,237.48,31.29,1348.85,325.39,209.757,750.63,103.67,95.094,282.5,26.39,1416.75,4830.0,3723.5,,1700.5,102.6,98.5
2000-02-08,298.4,0.312,1277.0,165.43,104.22,109.3,1.611,28.02,21.25,6.231,6.613,6.678,5.677,5.891,5.85,5.482,4.39,3.26,6.118,5.728,4.638,2.481,1.919,0.359,4.548,4.768,6.472,872.39,474.733,998.77,548.25,309.476,118.791,237.812,122.328,1411.95,134.67,1034.58,945.15,218.0,258.02,31.32,1391.96,336.31,210.349,757.76,103.56,95.109,299.2,26.37,1446.25,5192.0,4095.0,,1737.0,102.53,98.266
2000-02-15,303.9,0.391,1393.0,169.58,104.69,108.73,1.597,30.06,22.92,6.246,6.552,6.628,5.74,5.88,5.9,5.562,4.419,3.25,6.171,5.814,4.651,2.309,1.801,0.333,4.647,4.871,6.376,873.35,475.192,997.72,548.17,310.577,118.608,240.116,122.328,1369.47,130.6,1007.86,885.56,204.59,288.98,27.66,1353.77,327.35,210.234,757.76,103.03,94.797,301.7,27.13,1410.0,5044.0,4036.5,,1685.5,102.5,98.477
2000-02-22,305.5,0.497,1481.0,168.86,103.28,110.92,1.617,29.62,25.86,6.086,6.361,6.551,5.764,5.88,5.735,5.415,4.434,3.2,6.019,5.669,4.648,2.332,1.86,0.304,4.471,4.698,6.36,878.81,476.498,1009.07,549.29,311.078,118.313,240.144,122.328,1315.93,130.85,987.38,866.46,206.14,315.21,27.95,1330.4,321.59,212.836,757.76,104.19,96.109,305.6,26.58,1349.0,5069.0,3967.5,,1643.0,102.54,98.734
2000-02-29,293.3,0.497,1531.0,170.2,105.92,109.97,1.58,30.43,23.37,6.14,6.409,6.521,5.781,5.913,5.866,5.5,4.439,3.34,6.146,5.77,4.664,2.341,1.844,0.378,4.542,4.763,6.41,879.57,478.746,1004.66,547.99,312.082,119.962,243.105,122.002,1333.28,135.71,1014.69,874.47,199.23,275.1,26.2,1340.58,323.59,209.516,757.76,103.72,95.766,294.2,28.09,1372.0,5210.0,4301.0,,1729.0,102.57,98.711
2000-03-07,292.0,0.484,1602.0,179.94,106.01,106.1,1.576,34.13,24.31,6.145,6.373,6.486,5.834,5.95,5.811,5.432,4.469,3.28,6.1,5.705,4.683,2.174,1.792,0.423,4.329,4.563,6.298,883.06,479.716,1007.3,548.5,314.149,121.394,246.522,122.002,1319.95,141.85,994.72,918.79,234.18,283.74,26.54,1356.14,327.82,210.643,802.85,104.09,95.938,293.7,31.9,1351.75,5425.0,4392.5,,1673.5,102.55,98.789
2000-03-14,289.6,0.488,1645.0,175.67,105.2,104.84,1.575,31.69,24.41,6.09,6.292,6.468,5.886,6.004,5.754,5.359,4.5,3.52,6.042,5.636,4.681,2.289,1.814,0.43,4.415,4.65,6.329,882.52,481.542,1004.17,547.91,314.588,121.454,247.661,122.002,1324.43,138.6,943.05,868.24,263.28,253.36,27.35,1342.83,324.12,211.633,802.85,104.2,96.563,289.7,28.34,1362.25,5230.0,4244.0,,1580.0,102.17,98.875
2000-03-21,290.83,0.566,1624.0,171.25,105.81,106.98,1.572,28.0,21.7,5.969,6.135,6.502,5.918,6.113,5.564,5.221,4.421,3.49,5.858,5.503,4.59,2.339,1.884,0.494,4.315,4.559,6.292,887.03,484.823,1010.44,546.84,315.483,121.144,249.914,122.002,1457.01,139.93,987.77,905.21,249.45,238.15,25.74,1421.68,342.21,212.863,802.85,105.16,97.516,290.4,25.72,1507.5,5289.0,4518.0,,1664.5,102.45,98.906
2000-03-28,279.9,0.572,1627.0,170.05,105.53,105.93,1.588,27.09,24.86,5.977,6.151,6.598,5.886,6.131,5.62,5.278,4.465,3.59,5.931,5.555,4.646,2.35,1.875,0.492,4.489,4.703,6.435,883.36,488.362,1008.69,544.41,315.174,121.071,250.974,122.002,1474.82,142.68,1009.1,914.4,268.41,259.64,27.33,1445.78,348.22,212.468,802.85,104.98,96.906,279.5,25.51,1530.25,5421.0,4662.5,,1691.5,102.37,98.727
2000-04-04,287.4,0.631,1676.0,166.01,105.17,104.66,1.602,25.45,27.12,5.773,5.895,6.308,5.876,6.131,5.569,5.182,4.391,3.75,5.869,5.482,4.585,2.205,1.782,0.439,4.467,4.663,6.389,897.26,489.214,1021.25,536.9,311.147,120.06,248.429,124.639,1465.45,137.99,1039.55,864.74,267.67,226.13,26.42,1420.99,341.58,213.626,815.29,106.3,99.016,283.9,23.65,1519.5,5180.0,4066.0,,1709.0,102.72,98.773
2000-04-11,281.7,0.509,1684.0,162.63,105.94,107.04,1.587,24.14,27.25,5.77,5.882,6.331,5.844,6.13,5.521,5.162,4.39,3.58,5.843,5.443,4.583,2.077,1.742,0.414,4.451,4.641,6.287,895.22,491.498,1017.81,538.45,311.358,120.212,247.732,124.639,1468.75,136.71,1028.54,860.38,259.18,262.49,26.46,1417.99,341.23,213.872,815.29,105.58,98.547,281.2,21.67,1519.0,5153.0,3955.0,,1707.0,102.52,98.773
2000-04-18,280.95,0.506,1670.0,167.54,106.63,104.73,1.579,26.11,26.12,5.91,6.059,6.329,5.813,6.13,5.609,5.253,4.429,3.61,5.929,5.535,4.622,2.042,1.713,0.414,4.574,4.762,6.286,896.09,490.06,1010.63,537.47,309.803,120.195,245.635,124.639,1410.47,132.97,967.7,782.6,235.12,219.97,29.59,1360.99,326.54,212.919,815.29,105.31,97.766,281.0,23.05,1452.75,5084.0,3750.0,,1590.0,102.52,98.773
2000-04-25,278.55,0.363,1647.0,168.78,108.67,105.72,1.58,25.33,25.24,5.936,6.128,6.484,5.813,6.15,5.675,5.334,4.56,3.35,5.986,5.62,4.73,2.101,1.718,0.384,4.597,4.783,6.348,894.2,489.058,1009.42,538.79,310.946,121.397,247.136,124.639,1439.63,137.08,1008.62,768.91,249.61,207.69,30.79,1384.11,331.77,210.669,815.29,104.66,97.531,278.1,23.33,1489.25,5173.0,3645.0,,1649.5,102.24,98.773
2000-05-02,274.9,0.337,1622.0,173.74,110.26,108.44,1.559,26.89,28.5,6.011,6.299,6.711,5.918,6.291,5.641,5.343,4.695,3.93,5.963,5.625,4.854,2.175,1.73,0.356,4.457,4.653,6.196,888.77,486.321,1001.05,537.67,309.898,122.279,246.095,124.358,1409.11,142.61,1031.16,791.3,268.6,193.26,29.53,1378.14,330.53,207.612,783.9,104.69,96.438,277.0,25.08,1450.5,5448.0,3638.0,,1700.0,102.04,98.625
2000-05-09,277.35,0.414,1609.0,177.22,110.75,109.48,1.532,28.65,28.93,6.213,6.529,6.843,6.138,6.461,5.62,5.355,4.786,4.03,5.989,5.705,4.956,2.147,1.711,0.32,4.495,4.712,6.29,878.13,480.6,986.94,537.98,306.686,121.607,240.071,124.358,1375.57,137.33,1012.28,743.21,272.04,200.09,28.12,1335.83,320.48,205.572,783.9,104.3,95.234,278.2,26.82,1419.75,5153.0,3452.5,,1663.5,101.96,98.32
2000-05-16,275.85,0.4,1612.0,182.08,111.31,109.73,1.499,29.73,24.34,6.113,6.424,6.872,6.211,6.57,5.567,5.348,4.852,3.9,5.975,5.706,5.028,2.201,1.744,0.343,4.487,4.718,6.336,879.56,479.047,990.92,538.5,306.731,120.103,239.814,124.358,1426.88,140.15,1002.21,780.03,261.52,183.77,32.29,1369.78,328.28,205.77,783.9,104.25,95.781,276.2,28.78,1471.75,5340.0,3670.0,,1642.0,101.8,98.227
2000-05-23,274.15,0.42,1598.0,182.56,111.44,106.78,1.475,28.78,25.87,6.16,6.435,6.788,5.938,6.61,5.545,5.342,4.958,3.79,6.033,5.743,5.151,2.326,1.716,0.314,4.612,4.835,6.267,882.42,478.655,990.46,535.5,303.868,117.021,236.653,124.358,1337.55,132.59,942.83,694.36,202.11,169.39,30.11,1295.39,310.08,206.648,783.9,104.23,95.781,274.7,27.5,1382.5,4972.0,3012.5,,1509.5,101.7,98.32
2000-05-30,273.35,0.336,1569.0,184.89,108.93,106.47,1.496,30.35,23.62,6.092,6.376,6.731,5.764,6.615,5.464,5.241,4.924,4.02,5.913,5.603,5.11,2.191,1.716,0.333,4.457,4.693,6.234,886.95,481.789,996.6,531.96,305.059,115.248,240.921,124.358,1379.85,135.69,943.51,782.02,226.74,181.38,28.38,1337.95,320.4,209.72,783.9,105.12,96.406,272.3,28.96,1427.25,5162.0,3427.0,,1521.0,101.81,98.359
2000-06-06,288.75,0.027,1559.0,184.25,106.59,105.86,1.527,29.75,23.05,5.908,6.122,6.492,5.985,6.623,5.409,5.138,4.76,4.16,5.895,5.527,4.96,2.283,1.716,0.483,4.412,4.628,6.13,904.13,487.542,1016.26,535.51,308.928,116.452,245.36,121.331,1412.52,139.1,983.03,830.49,234.24,196.46,32.6,1390.11,333.16,214.207,783.35,106.13,97.938,289.0,28.59,1463.0,5315.0,3662.5,,1589.0,102.1,98.891
2000-06-13,287.15,-0.018,1569.0,187.57,106.4,106.77,1.51,32.56,21.67,5.949,6.116,6.481,5.907,6.649,5.367,5.119,4.905,4.33,5.871,5.514,5.053,2.176,1.716,0.448,4.431,4.636,6.14,905.03,490.88,1020.87,538.48,311.496,115.91,248.424,121.331,1419.28,137.78,975.17,845.69,234.61,197.81,31.59,1387.1,332.46,214.305,783.35,105.9,98.063,285.5,31.49,1472.0,5307.0,3772.5,,1571.0,101.66,98.953
2000-06-20,286.6,-0.105,1599.0,185.33,106.64,105.28,1.513,33.05,20.88,5.896,6.02,6.427,5.797,6.648,5.367,5.112,4.853,4.24,5.878,5.514,5.035,2.177,1.716,0.423,4.502,4.713,5.985,908.57,495.038,1023.92,541.37,313.182,116.42,249.919,121.331,1425.88,138.75,969.96,873.11,221.53,212.98,32.69,1394.38,333.96,214.777,783.35,106.12,98.609,285.7,29.02,1499.0,5370.0,4007.5,,1560.5,101.72,99.094
2000-06-27,284.55,-0.109,1625.0,188.49,107.36,105.43,1.503,32.06,21.8,5.933,6.085,6.494,5.807,6.665,5.448,5.244,4.984,4.51,5.934,5.641,5.15,2.219,1.716,0.509,4.551,4.753,6.061,905.68,494.892,1019.62,541.69,313.082,116.769,249.682,121.331,1402.53,135.97,979.46,852.49,208.14,203.46,33.35,1369.55,328.21,212.99,783.35,105.16,97.984,285.6,30.24,1471.0,5258.0,3767.5,,1584.5,101.53,98.984
2000-07-04,286.85,-0.114,1610.0,187.3,107.29,106.18,1.515,32.5,19.83,5.867,5.989,6.294,5.895,6.64,5.476,5.269,5.01,4.75,5.929,5.629,5.164,2.236,1.716,0.483,4.478,4.673,5.971,910.98,496.605,1028.54,543.2,314.589,115.863,252.109,125.08,1421.65,136.71,1001.01,895.56,220.73,212.67,32.96,1388.26,332.75,214.339,787.43,104.82,98.844,291.5,29.58,1487.0,5243.0,3850.5,,1603.0,101.5,99.008
2000-07-11,282.5,-0.121,1601.0,182.88,107.09,107.08,1.513,29.7,20.11,5.885,6.048,6.309,6.127,6.63,5.491,5.244,5.021,4.31,5.933,5.564,5.171,2.334,1.716,0.497,4.491,4.682,5.957,913.47,499.117,1030.37,544.81,315.563,115.989,252.953,125.08,1429.53,137.9,999.85,874.91,219.43,210.57,35.12,1396.12,334.57,214.365,787.43,105.05,98.578,283.3,29.22,1494.75,5282.0,3781.5,,1607.5,101.49,99.008
2000-07-18,283.1,-0.118,1626.0,189.46,109.38,108.32,1.495,31.94,19.75,5.908,6.141,6.429,6.152,6.63,5.519,5.329,5.156,4.31,5.971,5.659,5.32,2.271,1.716,0.435,4.555,4.745,5.98,908.62,502.133,1029.61,547.1,317.09,116.255,254.774,125.08,1439.0,139.64,956.45,897.8,227.2,203.91,35.27,1389.23,333.03,212.094,787.43,104.51,97.859,283.1,29.32,1511.5,5365.0,4023.5,,1540.5,101.25,99.008
2000-07-25,279.2,-0.229,1629.0,179.91,108.31,109.24,1.518,27.95,19.39,5.807,6.028,6.333,6.184,6.62,5.428,5.218,5.11,3.98,5.883,5.555,5.268,2.359,1.759,0.438,4.441,4.634,6.023,914.82,502.512,1037.41,548.7,318.568,116.702,256.307,125.08,1418.85,138.14,932.36,883.09,227.44,187.73,34.41,1374.14,328.84,213.802,787.43,105.25,98.766,279.3,26.94,1484.5,5233.0,3888.0,,1502.5,101.31,99.008
2000-08-01,277.95,-0.133,1645.0,179.9,110.6,109.38,1.498,27.79,20.55,5.727,5.984,6.237,6.236,6.621,5.348,5.157,5.06,4.35,5.832,5.514,5.221,2.289,1.679,0.409,4.561,4.752,6.051,916.31,503.519,1040.2,546.73,318.375,116.071,257.523,124.024,1391.35,136.75,920.68,841.68,240.4,183.7,33.62,1343.45,321.56,212.973,787.43,105.8,99.188,276.9,27.14,1447.5,5133.0,3569.5,,1482.0,101.46,99.008
2000-08-08,273.1,-0.205,1647.0,182.84,111.32,108.55,1.502,29.12,18.79,5.731,5.918,6.16,6.263,6.618,5.398,5.193,5.058,4.33,5.856,5.541,5.217,2.28,1.694,0.428,4.538,4.731,5.997,923.6,505.968,1046.28,548.71,319.949,117.018,259.789,124.024,1428.75,138.31,911.28,861.1,253.6,185.28,33.19,1356.3,324.26,212.01,783.96,105.54,99.766,272.8,28.9,1491.75,5139.0,3717.5,,1469.5,101.49,99.57
2000-08-15,274.65,-0.23,1634.0,186.64,110.51,109.06,1.505,31.67,17.98,5.709,5.802,6.27,6.257,6.62,5.34,5.199,5.21,4.35,5.85,5.578,5.353,2.335,1.75,0.508,4.572,4.773,6.03,925.35,507.766,1045.94,547.07,320.1,116.124,260.992,124.024,1427.27,140.05,927.15,900.34,273.28,182.66,33.08,1370.86,327.95,212.789,783.96,105.37,99.563,274.6,32.18,1494.75,5213.0,3751.0,,1503.0,101.24,99.383
2000-08-22,273.65,-0.259,1627.0,188.32,111.79,108.3,1.482,31.22,17.47,5.712,5.775,6.26,6.279,6.62,5.361,5.244,5.264,4.27,5.793,5.588,5.462,2.45,1.805,0.52,4.641,4.837,6.048,926.32,509.449,1046.45,547.44,319.968,115.941,261.08,124.024,1435.93,140.42,928.87,866.95,269.6,193.8,33.43,1371.26,328.08,211.762,783.96,105.23,99.719,273.5,29.93,1507.5,5193.0,3845.0,,1497.0,101.2,99.492
2000-08-29,272.6,-0.296,1641.0,193.48,112.2,106.21,1.456,32.74,16.89,5.747,5.808,6.256,6.309,6.62,5.419,5.3,5.251,4.73,5.876,5.668,5.422,2.558,1.89,0.61,4.659,4.852,6.056,926.35,511.111,1046.82,548.36,320.804,115.131,262.217,124.024,1450.16,140.11,956.92,868.61,287.17,192.55,32.06,1383.41,330.68,211.84,783.96,104.72,99.563,273.4,31.36,1518.25,5209.0,3976.5,,1537.0,101.19,99.539
2000-09-05,275.65,-0.377,1671.0,197.57,112.32,105.86,1.452,33.83,19.82,5.667,5.689,6.078,6.238,6.62,5.367,5.209,5.148,4.6,5.83,5.578,5.331,2.645,1.955,0.655,4.606,4.807,6.022,932.97,511.351,1054.29,553.36,324.452,120.694,265.075,122.354,1442.61,143.36,925.11,879.38,275.27,201.88,32.26,1380.38,330.02,212.221,812.03,105.49,100.531,277.1,32.98,1512.25,5342.0,3999.0,,1485.0,101.42,99.914
2000-09-12,273.7,-0.303,1705.0,199.8,115.17,106.86,1.404,34.28,18.59,5.751,5.772,6.119,6.1,6.62,5.459,5.283,5.186,4.64,5.93,5.653,5.365,2.57,1.84,0.578,4.739,4.937,5.994,930.52,512.362,1050.71,555.43,323.721,117.183,263.768,122.354,1416.78,140.28,902.72,870.98,254.56,208.56,30.01,1336.41,319.42,209.411,812.03,104.64,100.031,273.8,32.48,1482.0,5238.0,3661.0,,1473.0,101.23,99.82
2000-09-19,271.8,-0.232,1725.0,200.32,116.11,106.97,1.407,36.51,19.54,5.908,5.852,6.067,6.152,6.624,5.637,5.318,5.064,4.53,6.072,5.702,5.262,2.644,1.847,0.579,4.738,4.936,5.926,932.01,510.77,1050.69,552.35,320.174,116.947,259.482,122.354,1394.02,137.94,914.59,819.8,229.78,185.62,27.81,1316.4,313.91,208.942,812.03,104.59,99.922,272.6,33.63,1478.5,5172.0,3804.0,,1491.0,101.47,100.0
2000-09-26,275.35,-0.21,1739.0,194.45,113.13,107.64,1.461,31.5,21.88,5.854,5.802,6.048,6.173,6.62,5.56,5.247,5.07,4.12,6.02,5.631,5.288,2.746,1.899,0.605,4.78,4.966,5.912,936.02,508.967,1056.76,551.46,320.517,115.222,260.567,122.354,1365.01,134.57,904.45,824.17,221.43,177.45,26.67,1299.7,310.05,211.708,812.03,105.1,100.188,274.2,30.42,1443.0,4982.0,3617.5,,1472.0,101.46,100.023
2000-10-03,272.05,-0.184,1729.0,195.18,114.22,108.68,1.458,32.07,21.85,5.94,5.867,5.995,6.253,6.62,5.613,5.242,5.002,4.91,6.028,5.603,5.242,2.713,1.829,0.584,4.697,4.879,5.864,937.77,508.621,1054.24,545.44,318.919,112.723,261.909,123.467,1358.24,136.82,922.49,814.03,247.12,176.43,27.3,1302.84,310.57,211.383,810.24,105.2,99.891,271.6,31.05,1441.5,5072.0,3397.0,,1503.0,101.58,99.648
2000-10-10,272.85,-0.073,1719.0,198.48,114.36,107.84,1.45,33.18,24.86,5.806,5.772,5.935,6.234,6.62,5.587,5.222,5.032,4.8,6.001,5.587,5.263,2.81,1.829,0.568,4.652,4.821,5.89,938.35,508.576,1054.66,545.29,319.078,112.463,262.326,123.467,1323.43,133.35,910.57,814.19,220.36,169.12,27.72,1269.42,302.72,211.52,810.24,105.58,100.391,272.4,31.85,1391.0,4916.0,3160.0,,1483.0,101.55,99.648
2000-10-17,270.4,-0.056,1727.0,197.51,115.89,108.16,1.445,32.99,27.84,5.767,5.673,5.831,6.299,6.619,5.598,5.219,5.005,4.73,6.04,5.604,5.263,2.967,1.83,0.521,4.655,4.808,5.811,943.41,510.31,1056.72,536.74,312.811,107.44,257.536,123.467,1279.95,131.93,882.09,762.9,229.03,157.63,25.86,1228.02,292.46,210.81,810.24,105.5,101.281,271.1,31.13,1359.8,4795.0,3170.0,,1438.0,101.6,99.648
2000-10-24,270.05,-0.116,1748.0,196.08,117.42,108.03,1.45,33.37,24.28,5.705,5.615,5.828,6.351,6.62,5.55,5.206,5.079,4.68,6.011,5.604,5.333,3.033,1.855,0.53,4.708,4.854,5.754,948.9,512.434,1061.77,536.06,311.37,109.04,255.666,123.467,1326.42,138.67,873.58,708.28,229.1,158.36,25.6,1264.39,300.96,210.617,810.24,105.61,101.625,270.1,31.59,1403.0,5083.0,3342.5,,1419.5,101.48,99.648
2000-10-31,264.68,-0.112,1759.0,190.53,116.65,109.15,1.449,32.7,23.63,5.788,5.751,5.914,6.389,6.62,5.593,5.215,5.082,4.85,6.034,5.599,5.322,2.996,1.808,0.503,4.582,4.763,5.785,945.32,514.172,1057.16,528.24,309.482,109.169,256.671,123.405,1361.95,139.34,860.75,756.14,214.92,163.1,26.09,1282.14,304.9,210.555,810.24,105.46,100.703,266.4,30.76,1440.25,5111.0,3300.0,,1379.0,101.5,99.648
2000-11-07,264.45,-0.15,1759.0,194.18,115.61,107.26,1.435,33.4,24.91,5.894,5.866,5.974,6.414,6.62,5.62,5.238,5.06,4.85,6.071,5.622,5.283,3.128,1.815,0.494,4.558,4.739,5.707,945.4,514.126,1055.82,524.84,307.034,107.944,254.432,123.405,1368.83,138.69,890.65,750.31,217.09,172.66,27.7,1299.05,309.33,212.106,802.54,105.24,100.156,265.4,31.68,1444.0,5119.0,3314.0,,1449.0,101.53,99.648
2000-11-14,264.45,-0.11,1732.0,197.05,116.22,108.1,1.43,34.87,26.81,5.819,5.753,5.907,6.361,6.62,5.622,5.186,4.987,4.81,6.068,5.578,5.219,2.812,1.782,0.515,4.512,4.695,5.64,949.3,513.581,1062.44,525.23,307.996,107.545,256.103,123.405,1320.88,136.99,853.25,727.54,199.22,171.57,25.88,1258.67,299.67,212.256,802.54,105.69,101.0,265.4,32.69,1394.5,5040.0,3057.5,,1395.0,101.66,100.266
2000-11-21,266.05,-0.07,1701.0,201.43,117.95,110.15,1.416,35.16,26.62,5.728,5.652,5.856,6.351,6.616,5.57,5.185,4.998,4.76,6.031,5.564,5.222,2.601,1.704,0.485,4.452,4.642,5.592,951.68,514.602,1059.54,522.78,307.889,105.13,258.193,123.405,1284.08,135.15,834.6,747.76,188.15,171.73,26.24,1222.02,290.84,210.928,802.54,105.81,101.5,266.1,33.1,1355.75,4915.0,2807.5,,1357.0,101.63,100.344
2000-11-28,269.3,-0.063,1683.0,199.86,116.63,110.14,1.417,34.22,27.64,5.675,5.582,5.795,6.278,6.616,5.453,5.077,4.948,4.83,5.927,5.464,5.164,2.52,1.703,0.498,4.144,4.445,5.538,955.39,515.685,1061.68,516.2,304.499,103.16,256.412,123.405,1272.86,133.65,837.18,687.39,178.13,176.35,22.72,1217.8,289.45,212.512,802.54,106.6,102.031,269.8,32.19,1338.5,4891.0,2637.5,,1364.5,101.74,100.516
2000-12-05,270.75,-0.232,1647.0,194.43,114.47,110.91,1.439,29.53,24.99,5.586,5.416,5.469,6.069,6.776,5.418,4.944,4.785,4.84,5.891,5.335,4.963,2.496,1.599,0.545,4.211,4.493,5.459,962.58,518.292,1071.62,505.64,302.027,99.441,258.467,124.27,1309.41,133.32,835.0,709.51,169.21,180.15,24.09,1248.26,296.39,215.772,816.83,107.61,102.984,270.4,27.79,1374.25,4940.0,2840.5,,1366.0,102.07,101.07
2000-12-12,270.9,-0.302,1598.0,197.34,114.26,111.44,1.447,29.68,24.88,5.53,5.346,5.518,6.089,6.714,5.494,4.986,4.788,4.83,5.931,5.363,4.929,2.585,1.64,0.61,4.301,4.571,5.402,965.96,523.703,1078.83,512.4,305.415,102.344,259.987,124.27,1309.69,134.94,855.16,734.56,180.25,187.03,24.53,1253.39,298.03,215.37,816.83,107.52,103.266,270.3,27.06,1379.0,4970.0,2869.5,,1389.0,102.15,101.039
2000-12-19,269.8,-0.307,1588.0,195.63,113.21,112.48,1.464,29.33,27.17,5.473,5.188,5.345,5.948,6.686,5.419,4.883,4.629,4.78,5.879,5.28,4.791,2.582,1.645,0.538,4.255,4.542,5.454,971.0,528.343,1086.89,516.17,308.385,103.833,262.548,124.27,1242.73,131.7,815.57,757.35,151.25,181.78,23.94,1207.5,287.28,217.015,816.83,108.24,104.125,269.7,25.0,1318.0,4893.0,2410.0,,1313.5,102.36,101.297
2000-12-26,274.9,-0.298,1598.0,194.52,110.31,113.65,1.479,26.64,28.73,5.432,5.036,5.126,5.758,6.646,5.406,4.865,4.536,4.85,5.874,5.273,4.672,2.54,1.605,0.481,4.272,4.555,5.289,975.23,529.932,1093.0,517.68,309.96,104.033,264.231,124.27,1246.34,126.39,810.45,729.45,152.58,165.42,22.25,1206.91,286.68,219.593,816.83,108.33,105.422,274.1,23.66,1337.0,4705.0,2477.5,,1300.0,102.55,101.75
2001-01-02,269.8,-0.218,1599.0,192.92,108.61,114.5,1.499,27.21,29.99,5.342,4.916,4.862,5.904,6.561,5.262,4.739,4.332,5.16,5.766,5.16,4.518,2.568,1.639,0.474,4.159,4.44,5.23,980.95,532.604,1100.86,518.34,311.147,104.288,265.27,128.549,1216.76,127.2,809.54,761.09,155.16,175.24,22.58,1201.87,285.72,222.155,857.92,109.34,106.188,270.0,24.3,1299.75,4738.0,2167.5,,1282.5,102.94,102.414
2001-01-09,267.6,-0.43,1593.0,195.82,109.52,116.67,1.489,27.64,27.99,5.429,5.0,4.659,5.286,5.884,5.295,4.75,4.321,4.78,5.741,5.136,4.496,2.51,1.55,0.405,4.285,4.534,5.223,985.27,538.828,1108.58,527.0,316.25,106.47,268.865,128.549,1233.25,125.89,803.34,819.0,161.56,180.12,24.0,1200.3,286.18,221.439,857.92,109.08,105.969,268.5,24.59,1309.5,4678.0,2326.0,,1266.5,102.89,102.711
2001-01-16,263.3,-0.434,1579.0,198.53,110.11,117.37,1.468,30.29,25.28,5.596,5.23,4.881,5.353,5.911,5.417,4.847,4.445,4.81,5.855,5.232,4.6,2.454,1.57,0.411,4.352,4.586,5.244,980.74,537.902,1100.84,535.9,320.338,109.737,269.596,128.549,1259.71,126.11,801.73,812.25,180.05,176.28,24.83,1212.34,289.09,219.766,857.92,108.35,104.516,263.9,26.2,1335.5,4720.0,2515.5,,1267.5,102.67,102.164
2001-01-23,265.7,-0.487,1552.0,200.67,110.34,117.01,1.47,29.57,21.57,5.652,5.281,4.828,5.265,5.726,5.404,4.846,4.39,4.72,5.835,5.222,4.549,2.336,1.479,0.34,4.385,4.605,5.279,982.12,536.963,1105.59,542.77,324.492,111.209,272.658,128.549,1288.41,128.14,818.87,858.01,184.47,185.71,26.05,1238.2,295.62,220.456,857.92,108.41,104.281,266.7,26.67,1366.0,4760.0,2745.0,,1309.5,102.75,102.117
2001-01-30,265.95,-0.479,1514.0,197.55,111.0,115.8,1.462,29.06,22.57,5.593,5.229,4.696,5.026,5.648,5.332,4.822,4.43,4.78,5.807,5.208,4.584,2.24,1.487,0.358,4.352,4.57,5.231,986.21,535.495,1114.42,549.73,328.574,112.515,276.426,128.549,1301.87,129.85,813.79,849.35,185.97,189.45,25.72,1243.55,296.87,220.254,857.92,108.74,104.781,265.5,26.89,1382.0,4750.0,2697.5,,1297.0,102.71,102.258
2001-02-06,263.05,-0.405,1472.0,200.69,110.7,114.93,1.458,30.35,21.98,5.501,5.183,4.687,5.078,5.574,5.252,4.774,4.427,4.77,5.736,5.164,4.563,2.237,1.5,0.381,4.326,4.542,5.243,988.4,538.179,1114.53,557.66,331.663,114.152,275.623,128.902,1281.55,128.73,786.21,817.66,179.72,190.05,25.57,1230.11,293.76,221.871,876.28,109.17,104.953,263.3,28.7,1356.25,4730.0,2490.0,,1258.5,102.68,102.195
2001-02-13,260.05,-0.328,1445.0,200.71,112.01,116.76,1.453,30.36,21.37,5.412,5.07,4.719,5.036,5.569,5.258,4.761,4.404,4.76,5.739,5.145,4.538,2.145,1.389,0.302,4.36,4.574,5.208,988.15,538.925,1115.74,561.57,333.64,116.052,276.722,128.902,1247.08,126.64,792.57,827.24,187.25,189.25,25.41,1198.79,286.65,220.578,876.28,109.08,105.172,260.3,28.46,1326.0,4659.0,2226.0,,1257.5,102.65,102.156
2001-02-20,256.7,-0.259,1477.0,196.21,112.82,115.67,1.442,28.58,24.69,5.459,5.105,4.727,5.026,5.576,5.324,4.818,4.495,5.01,5.808,5.23,4.647,2.104,1.39,0.278,4.42,4.637,5.241,988.87,538.016,1116.89,562.48,332.756,116.016,274.643,128.902,1213.2,122.96,783.23,775.06,182.01,188.48,24.86,1162.4,278.26,220.307,876.28,108.72,105.016,256.1,26.62,1285.25,4489.0,2130.0,,1244.5,102.51,102.125
2001-02-27,268.35,-0.225,1531.0,194.18,112.34,116.24,1.442,28.13,26.49,5.352,4.952,4.439,4.787,5.381,5.313,4.757,4.374,5.08,5.8,5.176,4.537,2.05,1.377,0.237,4.38,4.607,5.124,994.43,537.599,1126.01,561.45,331.515,114.563,273.192,128.902,1194.62,120.3,790.79,772.34,167.88,173.3,23.83,1149.08,274.54,221.789,876.28,109.2,105.875,268.4,26.02,1264.0,4342.0,1969.0,,1249.0,102.73,102.594
2001-03-06,260.3,-0.062,1527.0,196.3,111.12,118.82,1.467,28.32,25.89,5.381,4.971,4.47,4.725,5.275,5.307,4.751,4.426,4.81,5.801,5.179,4.571,1.795,1.194,0.254,4.339,4.566,5.196,994.28,539.122,1129.49,563.25,334.404,113.565,277.871,128.818,1186.59,121.74,773.77,787.65,185.89,168.9,22.11,1149.1,274.48,222.071,877.06,109.27,105.891,260.9,26.48,1257.0,4433.0,1985.5,,1229.0,102.64,102.523
2001-03-13,268.8,-0.044,1493.0,192.18,113.11,119.94,1.449,27.59,27.55,5.322,4.929,4.435,4.631,5.193,5.292,4.735,4.417,4.85,5.791,5.17,4.525,1.825,1.18,0.159,4.464,4.642,5.105,996.02,540.533,1131.89,561.79,333.145,112.845,277.228,128.818,1134.13,115.91,744.41,748.63,180.03,147.27,20.66,1090.84,260.61,220.956,877.06,109.18,106.078,267.5,25.28,1197.25,4178.0,1783.0,,1161.0,102.86,102.586
2001-03-20,262.85,-0.004,1508.0,185.63,114.11,122.65,1.428,25.96,30.96,5.26,4.758,4.205,4.507,4.98,5.315,4.699,4.264,4.78,5.797,5.134,4.45,1.803,1.139,0.09,4.371,4.527,4.978,1002.04,542.939,1141.75,555.82,328.366,110.326,273.414,128.818,1080.08,114.15,762.48,704.81,182.13,153.26,20.61,1052.21,251.48,220.055,877.06,109.53,107.094,260.8,24.62,1152.5,4149.0,1637.0,,1180.5,103.03,102.945
2001-03-27,261.3,0.002,1486.0,190.56,115.4,122.98,1.429,27.75,27.04,5.459,5.011,4.413,4.33,5.058,5.293,4.66,4.123,4.44,5.776,5.1,4.295,1.876,1.235,0.128,4.414,4.578,4.933,997.71,542.374,1133.22,552.69,326.944,107.991,272.976,128.818,1120.32,115.92,840.77,695.98,176.39,153.57,19.57,1086.02,259.08,218.898,877.06,109.55,105.578,261.1,25.89,1190.0,4217.0,1753.5,,1320.0,103.15,102.656
2001-04-03,256.68,-0.013,1424.0,183.6,115.63,125.39,1.432,26.19,34.72,5.466,4.929,4.122,4.123,5.056,5.354,4.711,4.141,4.85,5.816,5.139,4.306,2.025,1.325,0.179,4.604,4.753,4.916,1002.32,542.376,1136.33,547.77,324.017,108.118,271.162,126.84,1048.65,111.3,820.21,642.28,159.87,148.9,19.24,1024.6,244.31,217.097,896.36,109.35,106.063,256.8,24.77,1108.5,3993.0,1405.0,,1297.5,103.23,103.102
2001-04-10,257.1,0.005,1428.0,190.42,116.02,124.35,1.434,28.48,29.44,5.627,5.083,4.212,3.927,5.02,5.397,4.77,4.161,4.75,5.851,5.178,4.311,2.038,1.324,0.148,4.568,4.735,4.901,1002.25,540.552,1128.99,541.87,323.947,105.754,276.259,126.84,1108.31,118.27,794.52,701.5,168.65,142.11,19.05,1075.24,255.98,217.681,896.36,108.66,105.406,257.3,26.54,1172.0,4276.0,1611.0,,1264.5,103.15,103.031
2001-04-17,260.85,-0.007,1429.0,190.56,116.36,123.47,1.428,28.24,25.61,5.665,5.225,4.431,4.103,5.039,5.475,4.885,4.421,5.73,5.929,5.296,4.577,2.281,1.449,0.139,4.699,4.882,5.047,1000.45,537.743,1125.87,541.87,322.677,106.486,273.561,126.84,1130.59,118.03,808.25,659.85,167.01,137.33,19.77,1085.9,258.54,216.464,896.36,107.9,104.609,261.1,27.63,1195.5,4273.0,1672.5,,1282.0,102.73,102.719
2001-04-24,263.9,0.101,1460.0,185.97,115.23,122.08,1.438,26.86,28.49,5.758,5.209,4.134,3.782,4.506,5.522,4.962,4.526,5.5,5.967,5.36,4.659,2.265,1.357,0.11,4.754,4.923,4.948,1005.98,536.59,1131.39,542.39,318.695,105.837,264.913,126.84,1147.61,119.26,830.6,638.25,168.67,150.42,21.15,1108.9,264.08,218.33,896.36,107.36,104.672,264.1,26.32,1216.5,4355.0,1786.5,,1335.0,102.55,102.836
2001-05-01,264.4,0.31,1453.0,191.44,115.3,121.94,1.436,28.94,24.2,5.742,5.292,4.227,3.896,4.433,5.564,5.022,4.635,4.81,6.018,5.426,4.762,2.273,1.354,0.114,4.808,4.994,4.977,1004.69,536.775,1136.91,543.89,321.339,106.232,269.243,126.269,1202.83,122.36,880.25,691.66,183.77,146.62,21.86,1153.09,274.47,219.082,896.36,106.93,104.078,264.8,28.33,1272.25,4516.0,1943.5,,1413.5,102.33,102.625
2001-05-08,265.08,0.24,1460.0,189.2,116.08,121.53,1.429,27.39,24.44,5.738,5.245,4.112,3.699,4.35,5.511,4.948,4.47,4.81,5.954,5.332,4.621,2.3,1.306,0.104,4.715,4.906,4.885,1009.45,540.098,1142.72,549.07,325.236,107.541,273.435,126.269,1198.33,121.0,876.29,673.5,198.23,151.68,22.51,1144.19,272.5,219.845,896.81,107.49,104.781,265.5,27.9,1263.5,4440.0,1942.5,,1407.5,102.62,102.859
2001-05-15,267.5,0.219,1479.0,190.83,116.77,123.22,1.424,28.98,23.71,5.911,5.512,4.239,3.606,4.151,5.687,5.097,4.332,4.58,6.101,5.441,4.508,2.243,1.284,0.08,4.814,4.998,5.028,1004.37,540.102,1132.07,548.69,323.738,107.522,270.959,126.269,1186.3,121.2,857.81,643.52,195.24,150.15,21.83,1131.69,269.38,217.769,896.81,106.42,102.969,268.5,28.16,1257.5,4452.0,1817.5,,1377.5,102.81,102.547
2001-05-22,283.5,0.207,1442.0,192.25,117.69,122.8,1.425,29.74,21.35,5.778,5.41,4.326,3.658,4.09,5.654,5.111,4.387,4.54,6.053,5.487,4.573,2.212,1.281,0.067,4.783,4.98,5.117,1007.59,541.526,1139.67,549.07,327.025,107.736,278.322,126.269,1239.09,124.88,859.1,680.45,208.15,152.68,23.64,1166.37,277.88,216.747,896.81,106.14,103.5,285.5,29.36,1312.75,4583.0,2046.5,,1374.0,102.72,102.406
2001-05-29,274.85,-0.012,1408.0,185.27,118.22,120.15,1.421,28.66,22.14,5.86,5.515,4.312,3.707,4.064,5.713,5.151,4.323,4.59,6.103,5.521,4.511,2.093,1.278,0.068,4.943,5.118,5.287,1004.32,541.963,1136.44,550.63,326.65,108.391,276.591,126.269,1201.52,122.84,845.57,654.56,205.01,157.31,23.36,1136.42,271.01,216.701,896.81,106.16,102.859,273.9,29.17,1268.5,4485.0,1856.5,,1357.0,102.85,102.328
2001-06-05,265.83,0.153,1366.0,183.9,118.53,120.37,1.409,28.24,19.58,5.653,5.269,4.105,3.637,4.031,5.6,5.013,4.27,4.54,6.003,5.394,4.356,2.078,1.219,0.056,4.931,5.067,5.195,1014.25,544.681,1154.99,552.73,330.174,107.996,282.773,126.847,1217.21,123.19,816.18,672.05,219.95,145.53,23.35,1137.82,271.1,217.979,896.72,107.1,104.703,265.7,29.68,1284.5,4505.0,1923.0,,1303.5,102.98,102.719
2001-06-12,270.95,0.102,1358.0,186.16,119.61,121.85,1.378,29.18,20.7,5.652,5.253,4.061,3.545,4.0,5.65,5.083,4.356,4.53,6.045,5.439,4.438,2.032,1.202,0.059,5.033,5.175,5.408,1015.5,545.834,1155.85,552.95,331.282,106.475,285.816,126.847,1191.69,118.2,795.96,652.92,214.02,147.46,23.87,1106.23,264.06,217.193,896.72,106.55,104.781,271.5,29.46,1254.5,4287.0,1842.0,,1269.0,102.84,102.766
2001-06-19,274.15,0.125,1387.0,181.34,119.04,122.86,1.398,27.48,22.34,5.689,5.236,3.958,3.41,3.881,5.639,5.02,4.3,4.52,6.033,5.399,4.387,2.025,1.185,0.049,4.926,5.083,5.406,1015.98,546.385,1153.96,541.92,324.877,102.812,281.705,126.847,1151.99,116.0,785.95,608.54,223.05,143.09,22.69,1079.16,257.47,217.867,896.72,107.05,105.125,273.4,26.98,1224.0,4234.0,1696.0,,1251.0,102.95,103.055
2001-06-26,276.03,0.226,1394.0,176.83,118.1,123.68,1.417,26.98,21.2,5.652,5.224,4.006,3.452,3.76,5.597,4.981,4.173,4.61,6.014,5.385,4.3,1.961,1.144,0.049,4.875,5.042,5.302,1017.71,546.97,1157.17,539.57,325.508,101.431,285.025,126.847,1155.52,114.08,806.53,642.5,222.4,142.26,23.0,1078.83,257.41,218.376,896.72,107.34,104.359,276.2,26.99,1220.5,4166.0,1765.5,,1294.5,103.11,103.055
2001-07-03,267.75,0.439,1375.0,173.71,119.35,124.39,1.406,26.24,18.92,5.719,5.38,4.235,3.658,3.86,5.702,5.127,4.314,4.72,6.106,5.52,4.425,2.275,1.283,0.089,5.028,5.211,5.471,1013.67,546.241,1151.88,538.78,322.753,101.541,280.575,127.178,1173.45,117.18,805.48,623.09,206.75,138.19,23.47,1090.63,260.08,215.898,900.13,106.22,103.172,268.3,25.36,1245.6,4272.0,1848.0,,1289.0,102.81,99.648
2001-07-10,266.85,0.532,1303.0,176.48,119.13,125.37,1.41,27.49,23.25,5.67,5.274,4.003,3.617,3.831,5.652,5.097,4.301,4.53,6.043,5.477,4.392,2.46,1.353,0.097,4.874,5.08,5.317,1018.92,547.327,1158.14,539.87,320.522,100.69,274.788,127.178,1124.52,112.26,782.1,567.5,203.2,138.29,21.8,1049.79,250.28,216.834,900.13,106.52,104.016,266.7,25.93,1186.5,4052.0,1638.0,,1244.0,102.92,99.648
2001-07-17,268.05,0.412,1213.0,174.71,118.9,124.91,1.404,25.57,22.61,5.599,5.204,4.08,3.606,3.83,5.58,5.031,4.275,4.52,5.979,5.434,4.38,2.483,1.367,0.093,4.825,5.033,5.328,1021.83,549.06,1163.83,537.65,316.202,96.625,268.919,127.178,1158.12,111.38,767.35,573.04,193.52,142.27,20.91,1060.6,252.39,217.163,900.13,107.07,104.797,268.6,24.89,1220.5,4013.0,1748.0,,1221.0,102.93,99.648
2001-07-24,270.0,0.408,1132.0,173.14,117.2,124.09,1.423,26.31,25.24,5.528,5.11,3.937,3.521,3.793,5.537,4.951,4.189,4.33,5.937,5.347,4.292,2.545,1.409,0.096,4.799,4.997,5.286,1025.91,552.04,1174.87,538.01,317.718,96.27,271.675,127.178,1116.32,109.47,739.97,592.67,188.53,138.6,20.03,1039.12,247.38,220.051,900.13,107.75,105.578,270.0,24.9,1178.25,3946.0,1625.5,,1177.0,103.11,99.648
2001-07-31,266.15,0.326,1049.0,173.86,117.18,124.99,1.425,26.35,21.62,5.522,5.054,3.797,3.524,3.76,5.462,4.88,4.134,4.52,5.843,5.271,4.231,2.428,1.333,0.112,4.719,4.927,5.168,1029.78,554.264,1180.46,545.33,317.952,98.487,266.085,129.664,1151.13,113.4,748.85,598.22,190.66,139.08,19.89,1069.67,254.54,220.789,900.13,108.38,106.109,266.2,24.69,1215.25,4103.0,1693.0,,1192.0,103.2,103.367
2001-08-07,267.45,0.243,1007.0,175.09,116.83,123.78,1.417,27.94,21.01,5.599,5.168,3.87,3.545,3.72,5.494,4.897,4.135,4.52,5.874,5.285,4.225,2.54,1.436,0.167,4.707,4.928,5.043,1028.07,554.978,1175.6,548.46,320.626,97.591,269.484,129.664,1145.71,112.95,767.59,599.43,185.24,139.05,18.68,1070.44,254.77,220.732,906.25,108.26,105.313,267.2,26.08,1207.75,4052.0,1705.5,,1223.5,103.16,103.094
2001-08-14,276.05,0.234,971.0,176.63,114.38,121.69,1.428,28.01,20.48,5.506,4.966,3.72,3.431,3.64,5.425,4.829,4.039,4.52,5.814,5.217,4.118,2.385,1.299,0.088,4.602,4.828,4.931,1032.89,558.03,1182.44,550.34,322.563,97.334,271.735,129.664,1126.82,110.33,750.16,580.93,195.57,139.17,19.31,1059.3,252.37,224.288,906.25,108.9,106.156,276.3,25.99,1192.25,3939.0,1634.5,,1202.0,103.36,103.438
2001-08-21,274.85,0.266,976.0,174.77,113.29,119.9,1.448,27.91,24.4,5.432,4.864,3.676,3.369,3.58,5.423,4.814,3.991,4.51,5.821,5.199,4.067,2.453,1.356,0.085,4.547,4.778,5.047,1034.18,560.294,1185.48,550.86,321.264,96.931,268.496,129.664,1097.61,107.8,726.43,547.9,191.6,138.41,16.99,1040.49,247.77,226.48,906.25,108.96,106.625,275.0,25.49,1156.25,3812.0,1476.0,,1158.0,103.43,103.43
2001-08-28,272.0,0.308,955.0,173.74,113.43,120.44,1.452,27.17,22.0,5.405,4.836,3.666,3.421,3.58,5.408,4.81,4.014,4.51,5.786,5.175,4.069,2.378,1.384,0.085,4.49,4.733,4.975,1037.18,561.877,1192.46,550.94,325.72,97.275,277.67,129.664,1100.62,108.21,726.88,549.74,207.48,139.35,15.93,1041.83,248.23,226.464,906.25,108.99,107.125,272.3,26.47,1163.6,3825.0,1534.0,,1151.5,103.38,103.523
2001-09-04,271.75,0.265,910.0,170.97,115.43,119.56,1.442,26.93,25.85,5.483,4.959,3.794,3.439,3.579,5.514,4.887,4.07,4.38,5.875,5.25,4.074,2.385,1.389,0.085,4.693,4.944,4.996,1035.39,562.596,1184.03,551.79,326.927,96.533,280.134,131.821,1074.32,106.57,695.1,540.8,204.83,136.1,15.46,1012.49,241.41,225.233,919.57,108.15,106.219,272.3,26.26,1131.0,3748.0,1426.5,,1100.0,103.19,103.258
2001-09-11,286.25,0.299,908.0,171.68,114.15,119.2,1.475,27.77,31.84,5.416,4.727,3.517,3.256,3.501,5.422,4.752,3.647,4.28,5.789,5.102,4.013,2.414,1.418,0.093,4.654,4.873,4.715,1040.34,563.372,1191.19,552.45,326.057,96.698,277.674,131.821,1037.9,93.25,671.72,471.02,198.02,133.85,14.31,953.55,227.29,225.907,919.57,108.89,108.375,275.5,29.06,1073.25,3140.0,1336.0,,1058.0,104.22,103.891
2001-09-18,287.75,0.185,974.0,170.79,111.88,117.23,1.465,27.7,38.87,5.542,4.707,2.947,2.525,3.384,5.618,4.816,3.518,4.23,5.997,5.193,3.633,2.368,1.355,0.056,4.808,4.967,4.61,1045.63,563.372,1185.77,552.45,317.488,93.138,272.338,131.821,980.1,92.28,632.32,471.26,185.72,117.69,13.46,917.06,218.2,229.649,919.57,108.48,108.938,288.6,27.27,1035.5,3189.0,1225.0,,1011.5,104.24,105.0
2001-09-25,290.35,0.092,991.0,155.65,112.21,117.74,1.469,21.81,35.81,5.568,4.7,2.848,2.402,2.644,5.62,4.839,3.491,3.12,5.962,5.194,3.555,2.38,1.384,0.076,4.872,5.022,4.551,1051.32,560.073,1187.51,523.78,311.357,90.296,268.986,131.821,962.44,89.87,623.47,440.71,168.71,112.6,14.24,899.19,213.72,230.084,919.57,108.35,107.938,290.5,22.38,1018.25,3133.0,1201.0,,1010.0,104.32,105.078
2001-10-02,289.55,0.041,926.0,156.56,113.0,120.96,1.466,22.79,31.18,5.322,4.501,2.746,2.279,2.638,5.443,4.712,3.415,3.83,5.788,5.057,3.49,2.389,1.374,0.106,4.795,4.895,4.568,1056.17,563.211,1199.2,515.35,306.797,86.112,267.438,131.444,1000.15,93.97,656.39,437.56,169.26,118.87,14.95,932.32,221.26,229.621,922.05,109.48,109.328,289.9,22.05,1055.5,3259.0,1163.5,,1070.0,104.39,99.648
2001-10-09,288.53,0.069,889.0,154.83,113.35,120.15,1.458,22.48,34.83,5.376,4.593,2.729,2.216,2.541,5.47,4.7,3.397,3.72,5.806,5.053,3.448,2.48,1.39,0.11,4.721,4.815,4.583,1055.88,566.301,1198.19,516.67,305.483,86.332,263.642,131.444,1003.02,96.67,639.55,432.58,166.37,118.83,15.63,941.8,223.65,230.107,922.05,109.45,109.0,288.9,21.88,1059.5,3378.0,1254.5,,1035.0,104.45,99.648
2001-10-16,281.65,0.076,902.0,152.71,113.95,121.32,1.448,22.0,32.88,5.343,4.559,2.737,2.207,2.518,5.348,4.645,3.382,3.98,5.679,4.987,3.429,2.514,1.349,0.111,4.6,4.778,4.541,1059.88,565.89,1204.95,520.74,310.806,91.329,271.653,131.444,1042.5,98.7,662.3,466.21,182.3,126.59,14.73,968.14,230.02,229.645,935.14,109.88,109.281,282.3,21.7,1099.5,3473.0,1411.5,,1076.0,104.48,99.648
2001-10-23,275.85,0.074,903.0,150.64,115.88,122.73,1.424,21.85,32.0,5.389,4.643,2.77,2.207,2.426,5.322,4.613,3.357,4.6,5.66,4.957,3.402,2.503,1.325,0.119,4.654,4.826,4.464,1059.4,565.783,1204.04,520.46,311.644,91.689,274.268,131.444,1031.35,101.79,674.47,482.28,188.95,129.37,15.18,964.73,229.36,227.463,935.14,110.14,108.859,276.1,20.94,1088.25,3608.0,1395.0,,1092.5,104.51,99.648
2001-10-30,280.45,-0.012,870.0,151.88,114.41,122.04,1.455,21.87,33.46,5.205,4.41,2.448,2.013,2.343,5.106,4.404,3.122,3.77,5.439,4.739,3.181,2.519,1.329,0.114,4.396,4.583,4.167,1065.79,566.449,1213.05,525.84,311.15,92.925,268.598,131.444,1004.58,97.77,651.19,463.94,192.92,125.89,15.24,943.17,224.43,231.433,935.14,111.73,110.625,281.2,20.91,1059.25,3421.0,1345.0,,1067.0,104.94,99.648
2001-11-06,279.35,-0.174,845.0,147.17,115.12,121.14,1.457,19.92,28.8,4.846,4.256,2.332,1.839,2.22,4.938,4.318,3.031,3.76,5.311,4.676,3.136,2.394,1.295,0.119,4.215,4.418,4.035,1068.27,570.582,1224.3,528.22,311.895,93.722,269.235,134.567,1058.2,102.7,654.95,521.89,197.79,130.96,15.66,983.04,233.87,232.135,935.14,112.26,111.438,280.2,19.07,1121.0,3611.0,1537.0,,1062.0,105.09,105.563
2001-11-13,277.4,-0.136,851.0,154.96,116.53,121.53,1.442,21.67,26.47,4.921,4.378,2.515,1.838,2.09,4.961,4.397,3.125,3.86,5.326,4.739,3.229,2.436,1.319,0.11,4.269,4.475,3.949,1065.47,571.974,1224.08,532.05,314.632,94.147,272.472,134.567,1077.78,105.32,622.19,539.8,230.64,131.37,15.77,991.42,236.07,230.396,935.14,111.66,110.594,278.0,20.81,1141.75,3734.0,1583.0,,1021.5,104.89,105.469
2001-11-20,273.25,-0.174,857.0,149.84,116.62,122.6,1.421,19.15,24.12,5.318,4.863,2.945,1.941,2.104,5.094,4.545,3.365,3.29,5.453,4.882,3.491,2.429,1.352,0.11,4.424,4.622,4.217,1056.58,565.181,1203.26,539.78,315.15,96.585,266.779,134.567,1083.04,105.94,652.77,529.91,211.29,137.8,16.69,1001.18,238.67,227.451,935.14,110.43,107.156,273.2,18.75,1144.25,3765.0,1554.5,,1055.0,104.4,104.5
2001-11-27,273.85,-0.123,866.0,150.88,116.89,124.11,1.416,19.48,24.0,5.333,4.919,3.023,1.879,2.108,5.239,4.705,3.624,3.28,5.565,5.029,3.675,2.486,1.394,0.128,4.481,4.695,4.487,1052.87,562.564,1203.04,543.16,317.969,96.786,270.029,134.567,1088.64,104.88,666.44,561.1,215.65,140.91,16.9,1001.75,239.17,225.846,935.14,109.32,106.688,273.4,19.02,1150.5,3673.0,1616.0,,1072.0,103.99,104.219
2001-12-04,276.15,-0.114,869.0,150.01,116.08,124.22,1.421,19.65,24.08,5.206,4.66,2.8,1.746,2.106,5.027,4.498,3.38,3.35,5.34,4.856,3.446,2.53,1.383,0.134,4.402,4.588,4.26,1062.7,564.174,1214.09,547.33,319.823,97.15,270.732,131.525,1083.63,104.68,640.43,557.06,224.8,142.73,17.12,998.67,238.4,228.496,928.97,110.9,108.875,275.4,19.29,1147.75,3698.0,1641.0,,1026.0,104.46,104.891
2001-12-11,272.95,-0.142,873.0,145.87,116.05,126.22,1.438,18.08,25.3,5.539,5.051,2.971,1.644,1.941,5.223,4.785,3.608,3.27,5.519,5.092,3.65,2.56,1.35,0.102,4.632,4.837,4.576,1051.63,557.556,1194.42,547.55,320.189,97.544,271.115,131.525,1075.18,105.54,635.06,579.33,228.87,147.4,17.5,994.3,237.75,225.302,928.97,108.27,106.0,272.2,17.91,1136.5,3739.0,1655.5,,1015.5,103.92,104.375
2001-12-18,280.35,-0.044,866.0,148.26,115.15,127.96,1.457,19.36,23.29,5.512,5.121,3.087,1.706,1.92,5.225,4.828,3.583,3.3,5.512,5.081,3.598,2.525,1.324,0.11,4.554,4.773,4.624,1050.22,554.742,1189.04,543.14,318.412,94.805,271.23,131.525,1081.18,104.3,626.37,573.28,221.97,144.16,16.82,995.93,238.01,225.555,928.97,108.18,105.797,280.4,19.18,1144.25,3689.0,1658.0,,990.5,103.98,104.227
2001-12-25,278.75,0.106,869.0,148.78,118.05,130.8,1.444,19.62,22.62,5.49,5.136,3.147,1.715,1.926,5.281,4.875,3.604,3.05,5.573,5.132,3.625,2.475,1.319,0.091,4.519,4.74,4.614,1050.08,557.182,1193.86,543.55,316.898,96.052,268.215,131.525,1082.23,105.16,630.29,576.51,229.88,140.16,16.57,989.67,236.58,223.128,928.97,107.7,104.281,278.0,19.34,1147.2,3673.04,1585.0,,998.0,103.93,104.141
2002-01-01,278.95,0.21,876.0,147.97,116.84,131.46,1.455,19.84,23.8,5.472,5.032,3.05,1.726,1.874,5.394,4.997,3.642,3.91,5.663,5.27,3.669,2.506,1.363,0.116,4.702,4.933,4.761,1055.14,558.071,1202.03,544.42,317.581,96.068,268.853,131.011,1084.54,107.1,651.39,597.06,237.76,140.42,16.86,1003.52,240.04,223.807,928.97,106.79,105.141,279.0,19.9,1149.2,3832.0,1583.5,,1022.0,103.87,99.648
2002-01-08,278.95,0.247,917.0,153.8,116.83,132.61,1.441,21.25,21.83,5.529,5.08,3.057,1.675,1.853,5.25,4.857,3.614,3.45,5.542,5.109,3.628,2.539,1.394,0.126,4.634,4.852,4.731,1058.84,562.739,1207.16,549.02,322.002,99.186,273.98,131.011,1098.4,106.08,654.31,608.47,270.9,149.43,17.24,1008.68,241.73,224.175,932.32,108.07,105.281,279.2,22.02,1163.25,3740.0,1672.5,,1025.5,103.92,99.648
2002-01-15,284.45,0.314,964.0,148.71,117.29,131.21,1.443,18.9,22.7,5.337,4.835,2.766,1.593,1.741,5.133,4.772,3.692,3.34,5.467,5.054,3.896,2.556,1.412,0.127,4.57,4.786,4.693,1067.36,569.212,1221.9,550.54,322.007,99.526,273.194,131.011,1085.28,104.22,622.09,560.02,260.4,145.8,15.7,992.22,237.61,225.985,932.32,108.98,107.016,284.7,19.7,1149.0,3661.0,1625.0,,985.0,103.85,99.648
2002-01-22,281.6,0.357,950.0,145.39,117.7,133.94,1.429,18.34,23.61,5.384,4.919,2.927,1.705,1.761,5.214,4.857,3.801,3.31,5.544,5.132,3.973,2.575,1.434,0.138,4.549,4.772,4.575,1064.74,569.919,1218.56,550.4,322.549,99.669,275.603,131.011,1059.12,103.64,620.96,563.74,279.4,146.66,15.19,971.61,232.89,223.816,932.32,108.24,106.578,281.8,18.75,1121.3,3630.0,1506.0,,979.5,103.64,99.648
2002-01-29,281.7,0.375,915.0,145.26,119.62,133.66,1.414,19.58,24.35,5.387,4.942,2.988,1.706,1.83,5.267,4.953,3.908,3.31,5.586,5.237,4.081,2.629,1.473,0.127,4.654,4.882,4.711,1065.53,567.233,1217.28,551.72,321.878,97.681,274.779,131.011,1041.35,104.8,616.17,541.54,267.27,144.28,15.64,959.17,230.23,222.061,932.32,107.55,106.266,281.4,19.24,1100.5,3703.0,1530.0,,978.0,103.48,99.648
2002-02-05,297.9,0.484,909.0,147.95,119.41,134.22,1.415,20.07,25.45,5.342,4.894,2.979,1.757,1.85,5.145,4.809,3.773,3.32,5.486,5.098,3.951,2.755,1.529,0.128,4.484,4.705,4.584,1069.58,569.713,1211.4,547.2,320.315,96.02,275.319,129.805,1030.4,102.28,582.35,556.9,253.95,144.86,15.08,943.32,226.54,223.101,933.4,108.56,106.953,298.2,19.56,1089.0,3541.0,1462.0,,924.0,103.72,104.297
2002-02-12,299.75,0.404,933.0,150.67,118.25,132.68,1.434,20.73,21.62,5.456,4.975,3.012,1.746,1.838,5.326,4.973,3.859,3.3,5.658,5.245,4.046,2.66,1.465,0.109,4.687,4.916,4.8,1070.32,570.522,1210.25,545.68,320.765,94.929,277.798,129.805,1047.23,102.76,613.71,544.7,262.92,151.89,15.52,961.07,230.59,223.547,933.4,107.47,106.313,300.7,20.46,1107.5,3550.0,1461.0,,970.0,103.53,104.172
2002-02-19,293.6,0.422,970.0,149.08,118.33,133.41,1.432,20.88,24.43,5.388,4.873,2.937,1.736,1.85,5.3,4.939,3.851,3.29,5.621,5.209,4.04,2.636,1.518,0.128,4.635,4.852,4.655,1073.59,571.515,1215.93,543.62,321.131,94.117,280.4,129.805,1023.54,101.37,603.8,572.41,245.28,156.06,15.94,942.28,226.46,223.774,933.4,107.62,106.953,293.2,20.52,1083.75,3454.0,1394.5,,952.0,103.55,104.391
2002-02-26,297.65,0.463,1025.0,149.45,119.82,134.63,1.415,21.41,21.68,5.425,4.927,3.029,1.767,1.85,5.344,4.97,3.876,3.22,5.665,5.242,4.04,2.649,1.55,0.135,4.723,4.934,4.641,1073.46,573.833,1217.21,540.06,320.275,90.923,282.761,129.805,1048.17,102.91,618.66,613.69,247.76,160.9,15.34,958.54,230.13,223.072,933.4,107.36,106.75,298.0,20.86,1108.0,3535.0,1403.0,,982.0,103.53,104.281
2002-03-05,294.55,0.47,1038.0,156.26,118.57,132.33,1.422,23.17,20.3,5.487,5.001,3.201,1.787,1.88,5.426,5.087,3.974,3.31,5.712,5.327,4.173,2.554,1.475,0.116,4.812,5.028,4.9,1072.9,572.14,1216.17,542.0,322.25,89.61,285.73,131.211,1084.75,106.84,680.16,639.16,262.55,158.51,15.85,999.79,240.13,223.449,935.14,106.71,106.297,294.4,22.79,1149.0,3722.0,1505.0,,1077.0,103.42,104.016
2002-03-12,293.6,0.59,1059.0,163.43,117.8,128.78,1.416,24.2,19.59,5.724,5.31,3.535,1.839,1.9,5.502,5.165,4.079,3.28,5.792,5.405,4.27,2.493,1.47,0.101,4.901,5.121,4.981,1064.98,566.95,1203.51,547.18,324.147,90.052,284.789,131.211,1102.51,106.78,691.4,641.74,259.87,154.82,16.78,1014.24,243.51,223.347,935.14,105.34,104.375,293.8,23.7,1166.75,3729.0,1526.0,,1095.0,102.76,103.422
2002-03-19,293.1,0.531,1076.0,165.52,117.6,132.3,1.423,24.88,18.16,5.733,5.286,3.54,1.839,1.901,5.515,5.202,4.246,3.25,5.8,5.438,4.332,2.463,1.44,0.078,4.939,5.159,5.012,1064.48,565.3,1200.46,552.14,327.108,91.451,285.801,131.211,1106.3,108.57,702.98,651.52,277.84,155.43,16.34,1024.42,245.89,223.031,935.14,105.22,104.313,293.0,24.91,1174.25,3786.0,1510.5,,1109.0,102.67,103.328
2002-03-26,296.6,0.54,1084.0,164.85,118.14,132.76,1.427,25.36,18.13,5.756,5.343,3.63,1.828,1.9,5.551,5.239,4.32,3.26,5.836,5.478,4.41,2.464,1.421,0.065,4.989,5.215,5.104,1065.87,563.014,1200.32,552.54,326.63,91.678,284.506,131.211,1075.91,107.34,669.56,629.6,270.42,151.56,15.75,996.77,239.52,222.25,935.14,105.0,102.844,296.8,25.31,1142.0,3706.0,1447.5,,1062.5,102.59,103.266
2002-04-02,306.1,0.693,1081.0,172.06,117.92,133.41,1.436,27.71,19.16,5.762,5.341,3.613,1.808,1.879,5.612,5.252,4.314,3.39,5.896,5.499,4.411,2.465,1.381,0.05,5.01,5.225,5.105,1067.91,563.371,1201.98,553.73,327.767,92.27,285.269,131.551,1073.02,108.07,674.23,635.96,275.17,153.37,16.13,999.75,240.36,222.822,954.58,104.93,103.078,305.9,27.66,1138.0,3720.0,1414.5,,1065.0,102.61,99.648
2002-04-09,298.95,0.58,1091.0,164.1,117.56,131.01,1.435,25.82,19.47,5.669,5.202,3.43,1.706,1.86,5.551,5.177,4.165,3.3,5.842,5.425,4.293,2.415,1.39,0.049,4.97,5.172,4.955,1075.06,568.388,1209.76,555.07,328.33,92.14,286.916,131.551,1053.82,105.77,672.06,637.23,282.36,151.92,16.13,981.7,236.13,224.204,954.58,105.56,104.234,298.8,26.08,1120.5,3582.0,1356.0,,1069.0,102.87,99.648
2002-04-16,299.25,0.565,1103.0,161.32,117.37,131.23,1.439,24.75,18.11,5.663,5.192,3.379,1.736,1.86,5.554,5.184,4.186,3.28,5.841,5.429,4.296,2.348,1.375,0.044,4.975,5.177,4.939,1078.57,570.876,1214.97,558.31,330.938,93.589,289.532,131.551,1061.98,107.76,678.61,649.79,291.78,150.53,16.14,995.6,239.53,225.219,954.58,105.52,104.594,298.8,24.58,1129.75,3724.0,1418.0,,1077.0,102.83,99.648
2002-04-23,303.8,0.422,1064.0,166.11,116.57,130.13,1.449,26.62,20.28,5.661,5.163,3.321,1.721,1.85,5.58,5.19,4.134,3.27,5.863,5.428,4.228,2.404,1.413,0.044,5.016,5.213,4.898,1081.33,571.635,1214.52,559.93,331.643,93.634,289.182,131.551,1035.02,105.95,696.65,633.45,301.49,149.12,16.66,982.32,236.71,226.353,954.58,105.43,104.75,304.0,26.0,1103.25,3630.0,1330.0,,1102.0,102.96,99.648
2002-04-30,308.15,0.37,1027.0,166.64,115.19,128.57,1.458,27.29,21.91,5.592,5.087,3.22,1.762,1.841,5.5,5.122,4.07,3.3,5.788,5.364,4.147,2.393,1.369,0.043,4.975,5.153,4.803,1085.8,574.341,1212.66,562.2,331.82,93.373,287.232,135.401,1012.51,104.13,682.78,617.65,306.51,146.72,16.88,968.25,233.13,228.537,954.58,105.98,105.563,309.2,26.47,1077.25,3561.0,1280.0,,1079.0,103.14,99.648
2002-05-07,311.45,0.326,1018.0,163.54,113.92,128.02,1.467,26.63,21.94,5.534,5.056,3.112,1.741,1.84,5.466,5.102,4.082,3.3,5.757,5.348,4.162,2.394,1.353,0.039,4.943,5.12,4.805,1087.82,575.373,1213.78,561.72,331.35,93.04,285.883,135.401,984.9,101.5,678.7,583.32,292.1,149.99,17.38,949.59,228.75,229.897,960.78,106.21,105.828,311.9,25.41,1047.5,3437.0,1156.0,,1073.0,103.13,99.648
2002-05-14,307.6,0.272,1041.0,170.7,115.09,128.62,1.449,29.36,19.35,5.743,5.278,3.35,1.762,1.84,5.585,5.254,4.316,3.3,5.875,5.494,4.384,2.412,1.359,0.05,5.06,5.242,4.911,1082.39,571.991,1204.7,561.1,330.265,93.395,284.812,135.401,1032.21,104.39,678.41,557.93,314.35,150.22,17.22,979.06,235.59,227.541,960.78,105.08,104.453,307.6,27.31,1098.5,3558.0,1312.5,,1072.0,102.72,103.461
2002-05-21,316.85,0.231,1031.0,165.79,112.8,123.89,1.458,27.33,20.05,5.663,5.15,3.224,1.741,1.84,5.514,5.18,4.252,3.27,5.781,5.405,4.317,2.347,1.388,0.05,5.056,5.224,4.933,1089.91,573.757,1215.52,557.79,329.798,92.243,285.777,135.401,1016.24,102.83,703.66,581.58,327.69,140.48,17.73,979.27,235.67,231.491,960.78,105.69,105.625,316.1,25.6,1083.0,3501.0,1260.5,,1114.0,102.89,103.836
2002-05-28,325.15,0.249,1040.0,164.53,112.1,124.42,1.461,25.27,20.31,5.664,5.13,3.239,1.751,1.84,5.497,5.169,4.257,3.35,5.764,5.399,4.313,2.312,1.394,0.06,5.075,5.237,4.878,1090.87,576.005,1221.89,559.31,330.486,92.255,285.295,135.401,1011.44,100.69,711.77,574.4,314.37,138.61,17.47,974.79,234.7,232.582,960.78,105.85,106.016,324.1,24.76,1076.5,3466.0,1252.5,,1128.5,102.91,103.898
2002-06-04,329.05,0.332,1042.0,165.89,111.09,123.77,1.464,25.33,23.89,5.624,5.028,3.135,1.752,1.844,5.48,5.127,4.202,3.36,5.749,5.354,4.257,2.344,1.394,0.07,5.073,5.237,4.887,1094.4,578.794,1232.23,559.57,329.533,91.616,282.847,138.344,978.13,96.99,699.12,564.29,304.56,139.13,16.98,948.83,228.47,233.936,964.71,106.38,106.984,327.8,24.45,1041.5,3266.0,1181.0,,1117.0,103.1,104.211
2002-06-11,318.55,0.361,991.0,161.36,110.68,125.42,1.472,24.12,24.45,5.551,4.975,3.044,1.731,1.84,5.485,5.125,4.159,3.33,5.747,5.346,4.201,2.313,1.365,0.07,5.044,5.203,4.85,1095.46,579.939,1232.99,555.95,326.579,91.783,278.383,138.344,949.95,95.88,688.13,529.84,317.29,146.66,17.14,926.64,223.17,234.417,964.71,106.08,107.313,319.7,23.3,1014.25,3260.0,1104.0,,1098.0,102.87,104.398
2002-06-18,319.2,0.2,981.0,164.33,110.2,124.42,1.491,25.43,24.24,5.46,4.835,2.867,1.721,1.84,5.337,4.984,4.038,3.31,5.601,5.218,4.076,2.302,1.363,0.065,4.838,4.991,4.734,1100.47,583.095,1238.91,550.62,324.108,91.546,278.081,138.344,973.59,92.83,651.07,506.4,292.63,143.81,16.58,927.55,223.24,236.645,964.71,107.14,108.297,319.2,24.79,1044.25,3181.0,1170.0,,1042.5,103.11,104.805
2002-06-25,319.43,0.389,1000.0,168.04,107.57,121.8,1.502,26.32,27.84,5.457,4.819,2.83,1.721,1.84,5.289,4.977,4.011,3.58,5.548,5.217,4.043,2.199,1.304,0.06,4.808,4.967,4.737,1101.27,583.364,1237.13,546.24,318.427,91.295,268.126,138.344,913.64,88.93,633.14,451.67,271.58,140.59,16.4,888.54,213.82,239.527,964.71,107.27,107.156,320.2,25.2,974.5,3007.0,1027.0,,1015.5,103.2,104.859
2002-07-02,313.65,0.518,1004.0,170.5,106.8,120.16,1.531,26.77,28.96,5.436,4.727,2.761,1.711,1.839,5.273,4.925,3.877,3.49,5.543,5.17,3.904,2.204,1.324,0.059,4.791,4.944,4.653,1106.1,584.312,1231.97,517.67,307.646,86.643,266.832,143.716,885.51,88.39,642.46,448.16,277.95,142.69,16.27,877.57,211.18,242.04,962.07,107.79,107.922,313.2,25.75,947.5,3022.0,967.0,,1032.5,103.5,99.648
2002-07-09,316.25,0.48,1006.0,169.43,105.65,118.02,1.546,26.09,30.22,5.414,4.727,2.695,1.721,1.84,5.351,5.006,4.008,3.32,5.613,5.247,3.968,2.174,1.313,0.05,4.901,5.059,4.658,1108.45,585.324,1235.69,517.52,307.961,86.883,268.124,143.716,889.45,89.63,656.18,450.14,297.35,145.05,16.84,889.66,214.35,243.44,962.07,107.12,107.938,316.5,25.17,954.0,3088.0,994.5,,1045.0,103.32,99.648
2002-07-16,317.05,0.446,998.0,173.04,104.49,115.97,1.57,27.75,36.65,5.448,4.682,2.61,1.721,1.839,5.223,4.868,3.827,3.3,5.47,5.099,3.799,2.074,1.265,0.05,4.716,4.877,4.344,1108.3,589.259,1230.91,512.74,307.181,85.475,271.039,143.716,845.63,79.41,614.17,442.87,281.72,139.17,16.38,832.66,200.96,246.593,962.07,108.05,108.359,317.5,26.28,903.25,2727.0,1016.0,,979.0,103.61,99.648
2002-07-23,313.75,0.361,972.0,169.01,106.66,117.17,1.565,26.31,44.92,5.276,4.408,2.236,1.69,1.839,5.162,4.812,3.76,3.23,5.415,5.047,3.733,2.08,1.294,0.049,4.724,4.885,4.284,1116.67,591.556,1240.98,510.27,305.036,85.961,268.975,143.716,749.02,74.35,616.93,404.17,267.45,137.54,15.61,756.7,183.05,245.872,962.07,108.6,110.484,312.6,25.04,796.75,2460.0,902.0,,992.0,103.81,99.648
2002-07-30,304.88,0.321,965.0,169.45,106.8,120.01,1.572,27.36,31.92,5.396,4.587,2.419,1.701,1.81,5.231,4.795,3.69,3.3,5.497,5.046,3.673,2.172,1.34,0.039,4.754,4.899,4.154,1111.16,591.047,1222.02,498.26,294.367,86.327,254.801,143.716,849.65,80.79,603.55,343.55,253.65,129.35,15.38,826.75,198.94,243.617,962.07,108.75,109.734,303.7,25.68,905.5,2750.0,980.5,,974.5,103.91,99.648
2002-08-06,305.35,0.087,971.0,168.33,108.69,121.06,1.535,27.17,42.03,5.229,4.333,2.04,1.639,1.789,5.08,4.618,3.459,3.3,5.336,4.856,3.467,2.164,1.295,0.03,4.624,4.749,3.941,1117.26,592.882,1226.25,497.54,295.739,83.905,260.975,144.784,808.28,78.71,580.16,365.45,240.73,130.52,14.64,787.16,189.34,243.162,948.08,110.36,111.375,305.5,25.53,861.0,2582.0,906.0,,934.5,104.37,99.648
2002-08-13,314.9,0.074,999.0,172.73,107.11,118.96,1.532,27.9,35.82,4.966,4.087,1.964,1.608,1.78,4.954,4.499,3.431,3.29,5.227,4.74,3.434,2.155,1.286,0.029,4.46,4.597,3.921,1124.71,596.184,1240.44,496.51,295.597,83.735,260.666,144.784,831.76,80.82,592.64,363.19,255.5,131.18,15.33,813.78,195.79,246.553,948.08,111.23,113.313,314.2,26.15,885.25,2712.0,911.0,,952.5,104.44,99.648
2002-08-20,309.35,0.0,1014.0,175.3,107.31,118.83,1.528,30.11,29.59,4.967,4.149,2.068,1.608,1.805,4.988,4.559,3.565,3.28,5.252,4.795,3.535,2.193,1.259,0.025,4.452,4.61,4.014,1122.8,596.211,1247.22,493.16,296.342,81.571,267.216,144.784,882.15,82.63,587.04,368.1,269.28,132.83,15.89,846.35,203.54,246.281,948.08,110.81,112.734,308.7,27.1,939.75,2777.0,1013.5,,944.0,104.23,106.359
2002-08-27,312.98,0.019,1025.0,177.65,106.77,118.07,1.533,28.83,30.11,5.06,4.283,2.225,1.67,1.811,5.071,4.653,3.625,3.29,5.334,4.886,3.594,2.109,1.214,0.015,4.52,4.679,4.013,1122.05,596.554,1248.19,500.28,301.536,82.621,272.554,144.784,879.23,84.68,599.02,404.81,274.21,133.05,15.6,854.38,205.41,246.789,948.08,110.07,112.188,312.3,27.22,936.5,2835.0,981.0,,961.5,104.08,106.125
2002-09-03,313.95,0.038,1044.0,174.78,105.57,117.28,1.562,27.79,39.97,4.81,3.965,1.98,1.628,1.82,4.89,4.429,3.348,3.34,5.172,4.658,3.325,1.995,1.176,0.02,4.294,4.449,3.759,1126.57,601.112,1265.84,509.86,306.767,83.772,273.977,148.956,824.28,76.35,560.73,394.66,255.38,135.43,15.02,797.9,192.15,250.93,955.11,111.99,114.406,313.9,26.57,877.75,2501.0,905.0,,903.0,104.63,106.688
2002-09-10,318.4,0.074,1126.0,183.93,107.52,120.03,1.553,29.73,35.08,4.839,3.996,2.109,1.67,1.813,4.936,4.463,3.37,3.28,5.217,4.689,3.327,1.823,1.07,0.019,4.39,4.527,3.861,1126.56,604.385,1265.4,511.52,307.51,84.353,275.794,148.956,853.42,79.64,566.75,395.47,266.87,133.94,15.12,817.33,196.69,248.212,955.11,111.11,114.313,318.3,28.58,911.0,2637.0,951.5,,913.5,104.46,106.531
2002-09-17,317.1,0.05,1194.0,182.73,108.33,122.54,1.538,29.08,38.01,4.727,3.819,1.993,1.68,1.82,4.853,4.367,3.236,3.29,5.131,4.595,3.227,1.812,1.055,0.025,4.324,4.466,3.815,1131.08,606.824,1277.81,514.41,307.853,85.231,273.682,148.956,818.77,76.04,579.37,372.83,261.45,134.56,14.72,786.27,189.41,247.871,955.11,111.9,115.219,317.3,27.97,872.5,2494.0,893.5,,939.0,104.73,106.68
2002-09-24,327.85,-0.065,1255.0,183.67,107.52,123.34,1.558,30.77,40.52,4.629,3.646,1.876,1.639,1.814,4.827,4.281,3.102,3.36,5.106,4.582,3.098,2.054,1.274,0.045,4.294,4.418,3.523,1131.51,611.344,1277.83,509.67,303.639,84.897,268.904,148.956,766.88,68.8,567.44,323.68,258.97,130.29,14.13,734.83,177.01,248.969,955.11,112.64,115.5,326.0,29.11,820.75,2229.0,849.0,,912.0,105.06,107.039
2002-10-01,320.95,-0.048,1371.0,184.11,107.07,122.65,1.57,30.83,34.12,4.746,3.717,1.779,1.578,1.811,4.907,4.301,3.083,3.31,5.172,4.608,3.042,1.914,1.129,0.04,4.346,4.469,3.489,1131.36,611.075,1276.37,502.7,300.406,82.401,269.096,152.804,793.77,70.73,560.54,303.28,257.53,128.49,14.05,755.63,181.74,249.708,955.11,112.42,115.219,320.9,29.01,854.0,2333.0,886.5,,895.0,105.09,99.648
2002-10-08,318.55,-0.137,1348.0,182.31,108.07,124.34,1.554,29.48,41.02,4.696,3.635,1.778,1.598,1.8,4.876,4.303,3.015,3.29,5.138,4.596,3.003,2.018,1.159,0.039,4.343,4.471,3.581,1133.0,611.074,1264.72,498.67,299.884,82.303,272.356,152.804,746.62,68.33,534.22,305.58,271.17,129.11,13.8,716.1,172.44,248.526,954.92,112.57,115.594,318.2,28.09,801.0,2194.0,814.5,,862.0,105.23,99.648
2002-10-15,312.95,-0.187,1335.0,186.44,107.78,124.61,1.551,29.72,34.02,4.968,3.995,1.99,1.649,1.805,5.108,4.565,3.29,3.29,5.367,4.847,3.226,2.048,1.058,0.039,4.52,4.658,3.857,1130.73,606.121,1246.01,491.08,296.133,80.797,270.5,152.804,825.99,76.1,544.27,280.5,268.74,130.6,14.14,786.11,188.69,246.643,954.92,110.31,113.297,312.6,28.5,882.75,2500.0,951.0,,877.5,104.64,99.648
2002-10-22,313.25,-0.045,1369.0,181.31,107.94,124.91,1.548,27.92,34.09,5.154,4.26,2.181,1.68,1.828,5.184,4.645,3.289,3.29,5.44,4.913,3.2,2.004,1.079,0.04,4.611,4.749,4.097,1127.23,592.037,1235.91,491.14,297.968,81.398,275.466,152.804,834.45,76.39,534.72,301.55,274.09,129.1,14.41,789.69,189.75,245.093,954.92,109.88,112.047,313.0,26.43,891.5,2483.0,973.0,,865.5,104.7,99.648
2002-10-29,317.8,-0.079,1403.0,179.17,107.07,122.64,1.558,26.86,32.27,5.012,3.94,1.758,1.496,1.8,5.085,4.498,3.12,3.29,5.345,4.764,3.031,1.913,1.034,0.039,4.49,4.623,3.818,1135.63,599.339,1259.46,495.32,301.362,81.986,278.825,152.804,826.08,73.36,534.83,326.72,267.07,126.48,14.43,779.68,187.59,249.202,954.92,111.23,114.391,317.7,25.31,881.5,2400.0,963.5,,859.5,105.05,106.914
2002-11-05,318.55,-0.18,1435.0,178.95,105.87,121.78,1.564,26.14,31.23,5.077,4.072,1.811,1.414,1.653,5.192,4.613,3.155,3.3,5.439,4.865,3.092,1.797,0.956,0.035,4.602,4.731,3.918,1135.0,599.894,1263.69,501.05,307.226,85.74,284.015,150.068,859.92,78.08,549.59,351.83,271.47,130.8,14.33,818.88,196.82,250.311,955.81,110.33,113.625,318.6,24.12,914.0,2620.0,1051.5,,888.0,104.94,106.891
2002-11-12,322.45,-0.175,1445.0,176.8,104.58,119.61,1.588,25.9,30.58,4.798,3.85,1.775,1.21,1.38,5.03,4.39,3.0,3.29,5.27,4.65,2.96,1.714,0.954,0.04,4.42,4.54,3.89,1138.17,606.563,1281.14,506.58,310.199,86.057,285.439,150.068,828.41,75.59,519.71,351.7,274.9,129.78,14.29,792.9,190.83,253.97,955.81,112.2,115.078,324.7,23.72,884.75,2466.0,1004.5,,843.5,105.25,106.938
2002-11-19,318.95,-0.163,1446.0,179.65,105.67,122.16,1.583,26.42,27.41,4.85,3.979,1.87,1.21,1.388,5.06,4.44,3.04,3.29,5.3,4.68,2.98,1.793,0.983,0.038,4.49,4.61,3.98,1138.44,603.619,1289.19,515.02,316.12,88.772,291.054,150.068,841.04,77.06,511.53,354.46,273.38,134.59,14.58,803.05,193.29,253.174,955.81,111.64,114.141,318.8,24.08,898.0,2583.0,1032.5,,818.0,105.16,106.711
2002-11-26,317.75,-0.217,1489.0,181.25,106.53,121.75,1.55,26.4,25.97,4.937,4.067,1.934,1.22,1.38,5.06,4.49,3.05,3.49,5.27,4.71,3.0,1.749,0.974,0.049,4.54,4.65,4.04,1136.77,600.511,1287.67,519.13,317.389,89.706,291.26,150.068,857.18,77.56,538.29,354.12,272.94,140.57,14.71,812.62,195.65,251.275,955.81,111.51,113.453,317.7,24.85,911.5,2548.0,1088.5,,864.5,105.18,106.508
2002-12-03,320.65,-0.12,1582.0,184.51,106.37,124.57,1.57,27.3,28.33,5.032,4.203,2.04,1.22,1.44,5.06,4.47,3.07,3.38,5.28,4.69,3.12,1.87,1.024,0.054,4.64,4.74,4.16,1135.6,599.233,1285.46,530.59,323.938,91.552,295.238,149.482,864.29,77.82,555.8,363.95,267.77,142.4,15.23,820.0,197.55,250.192,968.59,111.54,112.313,320.2,25.85,923.75,2588.0,1094.5,,888.0,105.1,106.375
2002-12-10,323.45,-0.283,1637.0,187.1,105.37,123.57,1.57,27.74,28.76,4.917,4.048,1.87,1.21,1.423,4.99,4.378,2.912,2.9,5.207,4.588,2.967,1.859,1.009,0.054,4.562,4.654,3.959,1140.53,603.875,1294.5,531.29,324.824,92.026,295.714,149.482,848.53,74.82,533.92,349.04,264.23,143.95,14.89,801.91,193.18,252.886,968.59,111.87,113.984,323.5,26.42,902.0,2496.0,1031.0,,856.0,105.14,106.797
2002-12-17,336.85,-0.193,1714.0,193.38,103.51,121.32,1.596,30.1,26.66,5.019,4.126,1.861,1.21,1.42,4.955,4.331,2.829,2.89,5.163,4.527,2.862,1.784,0.959,0.049,4.556,4.628,3.946,1141.95,604.735,1300.02,532.97,327.335,92.37,298.65,149.482,847.5,74.38,519.47,377.17,261.75,145.75,14.77,804.57,193.85,256.226,968.59,112.36,113.813,337.4,27.92,902.75,2491.0,1042.5,,832.5,105.37,106.922
2002-12-24,346.55,-0.155,1738.0,198.74,103.29,120.24,1.597,31.97,26.49,4.867,3.936,1.726,1.18,1.42,4.915,4.286,2.811,3.5,5.116,4.5,2.82,1.763,0.935,0.049,4.529,4.58,3.874,1145.84,608.18,1313.43,534.03,328.971,92.94,301.649,149.482,837.34,73.69,518.2,400.96,264.63,147.7,14.67,797.34,192.04,257.775,968.59,112.82,114.109,346.8,29.61,891.5,2461.0,1024.0,,834.0,105.46,107.328
2002-12-31,347.85,-0.109,1738.0,194.4,101.85,118.75,1.611,31.2,28.62,4.778,3.816,1.598,1.19,1.38,4.843,4.204,2.721,3.03,5.045,4.427,2.738,1.72,0.899,0.05,4.446,4.486,3.754,1147.45,611.665,1323.64,536.76,330.713,92.891,301.808,157.306,824.58,72.6,525.17,395.36,270.74,148.75,14.14,792.21,190.8,260.794,968.59,113.54,115.047,348.2,28.66,879.0,2395.0,987.0,,834.5,105.64,107.609
2003-01-07,345.55,0.003,1746.0,197.33,102.57,120.43,1.603,31.08,25.13,4.949,4.007,1.742,1.19,1.38,4.944,4.286,2.714,2.89,5.162,4.492,2.742,1.69,0.899,0.05,4.552,4.582,3.815,1147.71,609.202,1316.3,541.83,334.138,93.118,305.951,157.306,865.99,74.88,530.63,417.68,270.74,146.88,14.83,822.02,197.93,259.046,976.3,112.94,113.531,347.7,29.33,923.75,2531.0,1075.0,,850.0,105.67,107.609
2003-01-14,352.95,-0.077,1753.0,199.86,101.21,118.04,1.607,32.37,24.57,4.999,4.079,1.742,1.19,1.37,4.861,4.272,2.689,2.82,5.061,4.432,2.712,1.531,0.869,0.05,4.505,4.548,3.804,1148.23,607.984,1317.74,552.37,340.856,97.889,307.701,157.306,874.64,74.59,524.28,435.83,269.46,146.54,15.35,830.67,200.09,261.458,976.3,113.24,113.219,352.4,30.61,929.25,2532.0,1092.0,,845.5,105.71,107.609
2003-01-21,357.25,-0.126,1715.0,204.23,100.23,118.23,1.616,34.61,27.59,4.892,3.972,1.635,1.159,1.36,4.762,4.131,2.626,2.81,4.986,4.313,2.657,1.369,0.819,0.05,4.399,4.432,3.75,1150.12,609.097,1324.56,555.19,341.203,97.813,304.644,157.306,833.02,70.13,534.4,396.35,256.08,147.13,15.14,795.88,191.81,263.099,976.3,114.49,114.063,357.5,30.74,888.5,2332.0,1009.0,,865.0,105.85,107.609
2003-01-28,369.45,0.118,1593.0,206.11,99.48,118.78,1.64,32.67,31.93,4.87,3.97,1.642,1.169,1.341,4.676,4.054,2.609,2.81,4.892,4.249,2.632,1.454,0.784,0.05,4.269,4.316,3.646,1149.3,609.969,1325.07,555.19,342.023,97.897,305.232,157.306,805.93,65.49,520.63,352.72,255.6,142.61,14.78,766.4,184.78,264.968,976.3,115.04,114.156,370.0,30.27,854.5,2180.0,998.5,,838.5,105.87,107.609
2003-02-04,378.05,0.241,1542.0,211.3,99.14,119.7,1.649,33.58,32.76,4.789,3.924,1.653,1.154,1.34,4.645,4.017,2.561,2.86,4.913,4.221,2.689,1.538,0.849,0.04,4.306,4.343,3.62,1151.58,611.027,1333.37,555.46,343.18,97.816,307.474,161.26,796.19,66.49,522.25,374.79,256.53,143.22,14.86,764.51,184.38,265.2,988.7,115.4,114.438,379.0,31.09,849.25,2197.0,975.0,,838.0,105.96,107.609
2003-02-11,364.25,0.258,1627.0,216.22,100.39,121.16,1.619,35.44,33.68,4.861,3.959,1.633,1.169,1.34,4.683,4.011,2.484,2.78,4.944,4.201,2.603,1.524,0.82,0.045,4.342,4.354,3.387,1152.27,611.811,1334.04,554.98,343.116,97.876,309.164,161.26,778.14,66.8,520.26,373.73,273.4,142.19,14.81,750.68,180.94,263.591,988.7,115.54,114.391,362.5,32.37,829.75,2177.0,972.0,,838.5,106.09,107.195
2003-02-18,343.55,0.31,1709.0,214.92,100.53,118.9,1.592,36.96,31.11,4.863,3.951,1.625,1.169,1.34,4.681,3.996,2.454,2.78,4.946,4.189,2.564,1.575,0.872,0.045,4.372,4.382,3.42,1153.58,613.349,1334.53,550.98,341.994,97.885,310.77,161.26,798.81,68.02,527.2,367.11,276.86,143.37,14.9,768.08,185.08,264.313,988.7,115.71,114.891,344.2,32.54,851.5,2283.0,1018.5,,858.5,106.13,107.25
2003-02-25,354.0,0.219,1768.0,216.76,99.86,117.07,1.576,36.06,31.74,4.778,3.822,1.551,1.19,1.336,4.667,3.878,2.304,2.39,4.922,4.073,2.415,1.439,0.771,0.045,4.405,4.393,3.293,1156.62,616.223,1346.08,555.29,345.278,97.945,314.5,161.26,787.16,63.91,505.53,356.45,277.27,142.91,14.66,747.71,180.25,266.87,988.7,116.65,115.891,352.3,32.32,839.75,2086.0,998.0,,819.5,106.4,107.508
2003-03-04,352.9,0.056,1754.0,219.24,99.13,117.95,1.583,36.89,31.83,4.67,3.648,1.468,1.18,1.338,4.696,3.895,2.275,2.82,4.923,4.068,2.385,1.405,0.74,0.05,4.384,4.368,3.24,1158.7,619.643,1359.58,562.83,349.626,97.917,317.255,163.438,772.08,63.69,509.38,363.95,287.75,141.98,14.48,742.54,179.04,268.806,995.32,116.65,117.125,353.3,33.09,822.25,2096.0,985.5,,828.5,106.44,107.742
2003-03-11,350.5,-0.119,1765.0,218.99,97.91,117.08,1.606,36.72,33.61,4.644,3.583,1.363,1.078,1.291,4.6,3.819,2.243,3.17,4.823,3.978,2.343,1.314,0.729,0.051,4.301,4.29,3.161,1159.69,623.665,1361.38,565.06,352.193,97.602,320.985,163.438,752.55,59.83,473.38,370.35,286.46,138.23,13.74,716.18,172.63,271.226,995.32,116.56,117.594,350.6,33.29,800.25,1943.0,958.0,,767.5,106.52,107.961
2003-03-18,339.35,-0.159,1887.0,205.2,100.86,118.87,1.565,31.67,30.43,4.876,3.907,1.688,1.149,1.281,4.839,4.133,2.562,2.61,5.067,4.308,2.668,1.33,0.72,0.05,4.57,4.586,3.501,1154.69,619.752,1342.97,569.14,351.665,97.361,320.734,163.438,814.23,66.0,482.7,399.7,264.81,134.64,14.25,762.88,183.62,264.07,995.32,113.75,115.359,337.7,27.25,867.25,2175.0,1084.5,,777.5,105.83,107.227
2003-03-25,327.95,-0.273,1940.0,198.79,100.87,120.22,1.571,27.97,28.75,4.924,3.944,1.632,1.169,1.307,4.926,4.206,2.568,2.72,5.15,4.384,2.669,1.28,0.715,0.055,4.612,4.647,3.612,1154.84,614.559,1341.95,569.99,352.253,98.275,320.401,163.438,821.72,66.56,498.58,405.48,266.45,137.25,14.35,771.8,185.71,263.857,995.32,113.24,113.547,328.3,24.81,872.25,2160.0,1065.5,,806.0,105.81,107.328
2003-04-01,335.6,-0.202,1943.0,201.79,99.15,118.25,1.576,29.78,28.36,4.825,3.811,1.473,1.108,1.3,4.807,4.035,2.389,2.56,5.026,4.2,2.469,1.203,0.694,0.06,4.558,4.571,3.409,1157.75,618.143,1357.49,578.99,358.348,99.525,324.666,162.532,805.79,63.76,481.65,417.34,264.72,133.82,13.87,756.64,182.09,267.776,995.32,114.87,114.859,334.3,26.36,856.75,2024.0,1023.0,,790.0,106.27,99.648
2003-04-08,322.6,-0.257,2022.0,200.04,100.53,119.99,1.55,28.0,27.13,4.926,3.934,1.56,1.139,1.31,4.912,4.226,2.539,2.54,5.118,4.381,2.614,1.239,0.72,0.06,4.636,4.664,3.547,1157.44,615.426,1353.87,584.3,361.21,100.448,328.036,162.532,824.93,68.48,488.66,436.99,271.88,137.76,14.03,778.79,187.53,264.289,1004.96,113.24,114.25,322.2,24.6,878.25,2249.0,1050.5,,800.0,105.95,99.648
2003-04-15,324.25,-0.171,2088.0,203.06,99.76,120.21,1.569,29.29,22.56,4.953,3.987,1.698,1.169,1.311,4.887,4.209,2.612,2.54,5.094,4.353,2.673,1.129,0.658,0.055,4.653,4.668,3.613,1158.47,617.883,1357.08,590.75,365.785,102.095,331.034,162.532,836.09,69.47,475.45,445.43,287.14,127.81,13.89,789.09,190.04,265.657,1004.1,113.48,114.125,324.9,25.2,893.75,2285.0,1059.5,,788.5,105.82,99.648
2003-04-22,334.65,-0.342,2097.0,206.39,98.73,119.89,1.577,29.91,20.7,4.892,3.966,1.641,1.159,1.32,4.838,4.125,2.515,2.64,5.042,4.262,2.574,1.03,0.635,0.055,4.619,4.619,3.477,1159.5,620.225,1362.13,594.44,368.947,102.029,333.936,162.532,856.01,69.42,472.27,461.0,315.26,127.21,13.72,803.89,193.54,267.942,1007.31,114.08,114.063,334.4,25.46,909.5,2344.0,1104.0,,785.0,106.03,99.648
2003-04-29,333.85,-0.253,2139.0,197.79,98.02,120.09,1.592,25.24,20.76,4.838,3.929,1.609,1.129,1.315,4.888,4.146,2.488,2.55,5.084,4.284,2.537,1.014,0.604,0.05,4.617,4.61,3.547,1161.49,622.399,1372.22,602.32,373.626,103.298,337.424,162.532,862.28,69.62,462.84,487.37,329.28,125.81,13.73,808.14,194.53,268.922,1012.44,114.18,114.531,334.0,23.26,916.0,2294.0,1116.5,,774.0,106.09,99.648
2003-05-06,342.35,-0.267,2160.0,199.52,95.34,118.02,1.612,25.72,20.8,4.753,3.786,1.424,1.098,1.31,4.85,4.083,2.398,2.55,5.039,4.225,2.443,1.055,0.609,0.045,4.629,4.611,3.644,1163.97,624.562,1391.96,613.53,382.551,106.179,344.168,163.453,878.05,70.98,493.75,477.18,323.86,127.97,13.97,834.83,200.84,273.981,1022.52,114.8,115.719,342.8,23.57,934.75,2388.0,1152.5,,823.0,106.3,99.648
2003-05-13,350.35,-0.281,2248.0,208.74,94.7,116.59,1.609,28.5,19.91,4.611,3.604,1.439,1.067,1.31,4.759,3.902,2.255,2.55,4.962,4.045,2.294,0.983,0.574,0.043,4.516,4.478,3.615,1164.33,631.24,1405.68,615.17,387.704,106.104,352.589,163.453,885.91,69.23,497.14,525.08,326.79,126.52,14.34,838.57,201.87,277.559,1027.0,116.33,117.063,350.2,25.9,942.75,2296.0,1154.5,,831.0,106.59,107.703
2003-05-20,367.45,-0.359,2337.0,208.8,93.26,116.71,1.642,29.28,21.29,4.354,3.356,1.257,1.016,1.318,4.559,3.746,2.151,2.56,4.746,3.879,2.196,1.079,0.584,0.04,4.352,4.322,3.482,1165.79,636.419,1422.05,617.95,387.644,106.761,348.303,163.453,864.89,68.37,487.4,483.72,337.26,130.31,14.34,826.13,198.84,280.762,1034.96,117.74,118.734,366.5,25.65,919.25,2234.0,1118.5,,815.5,106.78,108.078
2003-05-27,367.3,-0.349,2218.0,208.98,92.72,117.0,1.641,29.35,19.99,4.388,3.412,1.303,1.077,1.319,4.468,3.675,2.119,2.21,4.652,3.813,2.172,1.055,0.529,0.039,4.294,4.268,3.425,1163.2,638.059,1422.09,617.36,390.469,106.896,353.759,163.453,895.55,68.26,488.91,494.71,356.43,130.91,15.39,847.74,204.08,282.783,1041.26,118.18,118.547,367.8,26.34,949.5,2271.0,1172.5,,815.5,106.8,108.039
2003-06-03,365.75,-0.311,2123.0,210.83,93.53,119.16,1.625,30.67,20.84,4.369,3.331,1.194,1.081,1.32,4.508,3.644,2.024,2.65,4.72,3.763,2.072,1.1,0.5,0.039,4.358,4.318,3.407,1164.19,638.035,1431.14,619.11,391.587,107.323,356.573,172.882,913.47,70.8,511.4,497.78,355.39,135.45,15.82,865.87,208.51,281.362,1046.01,118.76,119.297,365.2,27.28,972.25,2349.0,1201.5,,850.5,107.03,108.328
2003-06-10,353.4,-0.207,2130.0,213.1,93.56,117.85,1.652,31.73,20.64,4.253,3.192,1.113,0.968,1.263,4.466,3.555,1.926,2.15,4.637,3.659,1.955,1.013,0.464,0.035,4.342,4.271,3.324,1166.17,641.633,1445.49,623.44,395.782,108.176,363.033,172.882,925.51,72.06,524.89,525.58,358.63,139.25,15.74,879.57,211.85,283.195,1051.78,119.14,120.328,352.2,28.08,986.75,2411.0,1214.5,,869.0,107.22,108.508
2003-06-17,364.55,-0.204,2149.0,209.65,92.61,118.22,1.684,31.07,20.01,4.3,3.262,1.217,0.887,1.108,4.53,3.551,2.004,2.14,4.679,3.72,2.022,0.993,0.47,0.035,4.313,4.25,3.413,1165.43,641.857,1444.37,635.11,403.476,111.141,367.994,172.882,950.36,74.45,535.36,527.8,385.17,145.76,16.71,907.26,218.58,284.263,1054.62,118.51,119.578,363.2,26.67,1010.75,2506.0,1236.5,,885.0,106.96,108.258
2003-06-24,346.5,-0.073,2134.0,205.82,94.39,117.88,1.66,28.78,20.75,4.334,3.251,1.094,0.815,1.035,4.639,3.682,2.022,2.16,4.773,3.793,2.025,1.274,0.635,0.049,4.472,4.394,3.425,1167.58,638.56,1443.47,636.45,400.918,111.532,362.314,172.882,923.58,72.67,532.13,507.03,378.39,145.6,16.23,877.85,211.57,280.98,1054.4,117.91,119.266,346.3,26.62,981.5,2463.0,1194.5,,882.5,106.94,108.516
2003-07-01,351.48,0.011,2123.0,209.86,94.3,119.36,1.663,30.4,19.46,4.586,3.549,1.3,0.876,1.12,4.726,3.799,2.093,2.14,4.887,3.902,2.073,1.439,0.855,0.084,4.545,4.469,3.442,1165.85,634.855,1423.73,635.98,399.639,111.615,357.314,171.489,922.98,70.66,552.47,517.38,388.34,151.48,16.31,874.43,210.96,279.132,1054.13,116.7,117.297,351.7,28.31,981.25,2379.0,1223.0,,916.0,106.81,99.648
2003-07-08,344.43,-0.042,2155.0,211.3,95.82,118.35,1.633,30.22,19.48,4.713,3.716,1.366,0.897,1.111,4.841,3.976,2.159,2.12,4.997,4.02,2.131,1.916,1.159,0.112,4.624,4.562,3.556,1163.22,632.305,1414.75,637.12,397.231,111.876,351.487,171.489,947.41,73.96,592.74,528.27,399.11,153.35,17.24,898.61,216.93,275.212,1056.12,115.65,116.125,344.4,27.97,1007.5,2490.0,1299.0,,973.0,106.65,99.648
2003-07-15,342.25,-0.02,2238.0,210.85,97.0,117.33,1.595,31.62,19.55,4.965,3.983,1.45,0.897,1.103,4.881,4.027,2.211,2.09,5.066,4.098,2.176,1.755,1.029,0.093,4.65,4.586,3.46,1162.55,629.203,1403.53,640.86,398.081,111.712,350.639,171.489,941.35,73.96,578.25,533.76,368.93,155.78,18.1,892.5,215.53,274.439,1060.44,115.1,115.016,342.2,29.17,1001.0,2498.0,1298.0,,957.5,106.43,99.648
2003-07-22,350.65,0.105,2219.0,206.09,96.38,119.3,1.599,30.19,19.17,5.04,4.124,1.519,0.917,1.1,4.917,4.079,2.324,2.08,5.1,4.216,2.268,1.715,0.954,0.093,4.701,4.647,3.555,1157.28,622.614,1391.94,640.82,399.631,111.579,353.828,171.489,929.24,72.62,563.14,535.93,355.06,149.86,17.52,880.35,212.54,273.298,1059.58,114.84,113.375,350.7,27.49,986.75,2438.0,1262.5,,929.5,106.34,99.648
2003-07-29,361.15,0.127,2197.0,210.95,95.33,119.76,1.625,30.24,18.67,5.337,4.44,1.7,0.978,1.1,4.925,4.084,2.33,2.05,5.149,4.242,2.258,1.745,0.944,0.074,4.71,4.659,3.692,1149.16,616.656,1374.63,637.32,397.986,111.973,349.67,171.489,930.8,73.72,580.22,535.79,350.29,157.96,18.03,891.69,215.38,273.504,1060.05,114.72,111.531,361.7,28.1,989.0,2478.0,1273.5,,958.5,106.32,99.648
2003-08-05,349.45,0.166,2198.0,214.79,96.16,119.87,1.603,32.22,22.68,5.361,4.392,1.814,0.948,1.11,4.915,4.162,2.562,2.08,5.14,4.319,2.645,1.65,0.916,0.07,4.71,4.696,4.018,1144.25,612.519,1363.78,625.55,390.366,111.553,342.345,163.842,908.05,74.09,558.78,499.96,360.13,159.07,18.15,872.99,210.97,270.672,1056.91,114.14,110.844,349.6,29.93,959.5,2484.0,1216.0,,928.0,105.88,99.648
2003-08-12,360.95,0.116,2314.0,216.08,96.15,118.46,1.601,31.92,17.94,5.35,4.428,1.719,0.938,1.11,4.822,4.077,2.494,2.06,5.024,4.202,2.568,1.6,0.894,0.07,4.618,4.605,4.009,1152.75,617.185,1375.87,622.84,390.5,111.537,347.635,163.842,931.21,74.59,564.38,523.71,373.43,163.13,18.08,889.21,214.79,272.491,1053.39,115.05,112.25,358.5,29.87,990.0,2493.0,1242.5,,934.0,106.05,99.648
2003-08-19,362.45,0.126,2340.0,214.49,97.31,118.8,1.589,30.7,17.86,5.242,4.363,1.73,0.948,1.11,4.839,4.146,2.576,2.07,5.044,4.282,2.64,2.184,1.374,0.114,4.653,4.661,4.048,1154.79,616.423,1372.91,622.44,390.376,111.621,349.994,163.842,942.58,76.75,600.15,542.73,409.25,167.85,18.22,902.64,218.23,269.128,1056.53,114.57,112.0,361.6,28.47,1003.0,2572.0,1302.5,,996.0,105.95,106.766
2003-08-26,365.03,0.215,2297.0,220.56,98.76,117.41,1.573,31.95,19.49,5.271,4.475,1.89,0.989,1.11,4.851,4.18,2.62,2.45,5.054,4.319,2.677,2.124,1.436,0.195,4.685,4.706,4.142,1150.02,615.636,1370.07,631.46,394.27,112.388,352.724,163.842,936.98,76.18,606.63,557.78,399.72,173.52,18.31,895.16,216.59,267.673,1061.78,114.19,111.141,365.8,29.77,995.5,2534.0,1308.5,,1001.0,105.88,106.445
2003-09-02,374.35,0.222,2265.0,214.74,98.95,116.2,1.574,29.41,19.02,5.333,4.601,2.032,0.958,1.12,4.985,4.343,2.714,2.14,5.24,4.489,2.777,2.202,1.624,0.265,4.805,4.83,4.274,1145.88,615.371,1366.65,639.26,397.897,114.06,353.209,164.26,960.71,77.6,625.74,584.69,419.07,182.07,19.2,916.59,221.79,266.481,1067.19,112.59,110.281,373.3,27.52,1022.0,2599.0,1363.0,,1032.5,105.62,106.289
2003-09-09,382.18,0.281,2327.0,216.73,96.44,116.71,1.591,29.18,18.85,5.226,4.357,1.685,0.948,1.12,4.993,4.301,2.52,2.08,5.212,4.422,2.623,2.211,1.585,0.195,4.802,4.823,4.159,1158.53,621.564,1383.64,644.87,403.022,114.1,357.955,164.26,961.99,77.7,638.75,602.69,408.67,186.42,19.09,927.77,224.53,271.166,1073.42,112.45,112.797,381.8,27.37,1024.0,2604.0,1371.5,,1048.0,105.63,107.109
2003-09-16,372.83,0.222,2393.0,210.04,96.67,116.25,1.588,27.56,18.03,5.194,4.277,1.584,0.948,1.12,4.946,4.195,2.468,2.08,5.146,4.313,2.543,2.16,1.453,0.135,4.756,4.773,4.144,1161.91,625.772,1393.62,647.83,405.719,114.729,361.943,164.26,966.63,77.78,647.21,612.32,422.76,180.58,19.17,931.85,225.44,272.627,1075.33,113.39,113.688,373.6,25.99,1029.5,2583.0,1383.5,,1063.5,105.81,107.391
2003-09-23,385.75,0.268,2539.0,211.18,93.99,111.73,1.659,27.13,19.47,5.092,4.207,1.629,0.938,1.12,4.865,4.101,2.345,1.93,5.087,4.23,2.412,2.069,1.22,0.12,4.687,4.714,4.18,1164.9,628.159,1399.95,651.31,408.275,115.41,361.7,164.26,966.67,76.23,630.99,605.44,420.48,178.01,18.38,935.67,226.25,279.026,1081.62,114.29,112.281,385.9,25.52,1025.5,2496.0,1389.0,,1039.5,106.1,107.297
2003-09-30,387.28,0.225,2993.0,217.29,92.85,111.61,1.662,29.2,22.72,4.882,3.939,1.458,0.938,1.12,4.813,3.995,2.297,2.06,5.034,4.141,2.287,2.092,1.384,0.185,4.646,4.674,4.015,1171.69,635.485,1424.43,653.62,410.59,115.42,364.511,172.948,935.57,73.45,614.36,593.16,436.07,188.1,18.93,909.64,220.15,282.055,1074.07,115.16,114.625,385.4,27.61,994.0,2405.0,1306.0,,1015.5,106.37,99.648
2003-10-07,376.75,0.152,3668.0,221.92,91.89,109.88,1.662,30.41,19.41,5.157,4.259,1.641,0.907,1.12,4.948,4.202,2.515,2.06,5.156,4.345,2.496,2.131,1.385,0.114,4.779,4.814,4.246,1163.8,629.856,1402.55,657.71,413.432,115.469,365.493,172.948,975.95,75.78,650.11,655.32,477.11,195.61,19.9,951.59,230.33,281.856,1078.26,113.59,112.25,377.2,29.03,1037.25,2473.0,1395.0,,1081.0,105.94,99.648
2003-10-14,376.05,0.193,4299.0,228.26,91.83,108.86,1.674,31.82,17.37,5.251,4.346,1.682,0.897,1.12,4.986,4.285,2.597,2.06,5.196,4.421,2.583,2.22,1.479,0.095,4.841,4.899,4.352,1162.42,627.957,1398.74,661.65,416.217,115.834,369.586,172.948,985.6,77.71,657.45,677.32,503.46,201.85,21.12,964.3,233.59,280.549,1084.44,112.94,111.641,375.7,30.69,1047.5,2564.0,1424.0,,1086.5,105.79,99.648
2003-10-21,380.35,0.366,4477.0,223.24,92.37,109.52,1.674,30.18,16.55,5.205,4.344,1.839,0.948,1.12,4.95,4.272,2.639,2.01,5.157,4.394,2.616,2.248,1.48,0.135,4.79,4.887,4.412,1162.28,628.683,1400.71,666.3,417.836,116.422,368.222,172.948,982.45,78.14,660.95,667.87,485.3,199.46,21.78,965.06,233.8,280.416,1087.9,113.07,111.484,381.7,28.63,1043.5,2579.0,1419.5,,1094.0,105.71,99.648
2003-10-28,383.25,0.392,4547.0,224.96,91.86,108.43,1.694,29.56,16.82,5.09,4.179,1.666,0.948,1.12,4.99,4.303,2.704,2.05,5.201,4.444,2.741,2.259,1.405,0.119,4.806,4.954,4.653,1169.78,632.839,1414.24,666.7,417.224,116.713,366.405,172.948,983.95,77.63,633.03,660.73,440.76,197.07,21.74,960.51,232.68,282.184,1079.42,112.64,113.266,383.2,28.04,1044.75,2562.0,1423.5,,1043.5,105.59,99.648
2003-11-04,380.45,0.406,4524.0,221.56,93.23,109.66,1.683,28.75,16.55,5.128,4.297,1.842,0.938,1.12,4.992,4.363,2.72,2.08,5.199,4.483,2.758,2.404,1.5,0.16,4.869,5.013,4.655,1167.59,633.004,1408.97,669.68,418.735,117.651,370.02,173.421,989.96,79.41,649.46,671.29,444.76,214.68,22.31,967.23,234.5,279.287,1086.14,112.48,112.234,380.0,27.16,1052.25,2628.0,1430.5,,1072.5,105.59,99.648
2003-11-11,387.75,0.442,4243.0,229.08,93.1,108.78,1.665,31.15,17.54,5.264,4.448,2.024,0.948,1.12,5.084,4.473,2.807,2.05,5.283,4.592,2.84,2.264,1.393,0.14,4.901,5.039,4.54,1163.12,631.507,1396.34,670.25,418.574,117.84,368.864,173.421,983.55,79.09,612.72,653.26,422.48,210.83,21.16,958.32,232.24,278.914,1087.6,111.57,111.094,388.2,29.09,1045.75,2632.0,1411.5,,1008.5,105.43,106.078
2003-11-18,398.35,0.445,4026.0,234.56,90.23,108.29,1.7,33.28,19.11,4.998,4.144,1.764,0.948,1.12,4.983,4.318,2.603,1.92,5.195,4.432,2.639,2.089,1.321,0.125,4.765,4.907,4.449,1175.35,638.258,1426.48,673.47,422.488,118.332,371.663,173.421,972.68,78.4,595.08,656.47,396.47,206.03,21.38,956.49,231.84,285.11,1086.49,112.97,113.766,397.6,30.47,1032.75,2559.0,1362.5,,973.0,105.86,106.719
2003-11-25,391.18,0.438,4257.0,222.74,91.46,109.46,1.698,29.77,16.71,5.029,4.186,1.832,0.927,1.118,5.054,4.416,2.714,1.46,5.269,4.532,2.756,2.059,1.305,0.125,4.929,5.063,4.578,1175.07,639.472,1424.36,676.43,423.74,118.357,372.922,173.421,991.26,79.54,601.46,683.45,424.23,206.35,21.02,968.17,234.41,283.026,1081.38,112.26,113.5,391.1,27.94,1053.25,2635.0,1414.5,,991.5,105.68,106.656
2003-12-02,403.03,0.587,4464.0,233.5,89.64,108.82,1.731,30.78,16.27,5.15,4.381,2.052,0.927,1.17,5.065,4.47,2.802,2.09,5.293,4.592,2.846,2.202,1.459,0.15,4.87,5.025,4.606,1168.07,636.698,1414.98,679.15,426.574,118.386,373.418,176.265,1003.63,80.02,625.83,701.11,435.01,218.84,22.64,989.35,239.75,284.627,1087.5,111.84,112.125,403.7,28.94,1067.0,2677.0,1435.5,,1022.0,105.57,106.305
2003-12-09,407.65,0.618,4539.0,241.02,88.49,107.21,1.743,31.76,17.63,5.164,4.353,1.964,0.907,1.17,5.036,4.37,2.669,2.04,5.273,4.492,2.711,2.06,1.334,0.13,4.821,4.938,4.458,1173.34,638.068,1417.91,685.85,431.992,118.881,379.161,178.231,996.74,79.99,609.71,735.52,445.75,221.62,23.5,987.48,239.33,287.697,1091.46,112.36,112.547,408.2,29.63,1060.5,2675.0,1384.5,,995.5,105.43,106.531
2003-12-16,407.75,0.557,4668.0,242.33,88.36,107.47,1.754,32.89,15.93,5.065,4.215,1.793,0.897,1.15,4.956,4.307,2.665,2.05,5.196,4.429,2.617,2.081,1.324,0.114,4.655,4.765,4.272,1180.5,641.155,1428.41,687.5,433.775,119.353,379.89,180.029,1010.81,79.49,614.78,726.61,441.98,229.74,23.23,997.06,241.61,290.2,1091.99,112.92,113.688,407.7,30.38,1075.0,2701.0,1401.5,,1003.0,105.6,106.898
2003-12-23,410.15,0.594,4761.0,237.92,87.99,107.41,1.764,31.95,16.49,5.051,4.261,1.85,0.887,1.141,4.896,4.249,2.606,1.62,5.145,4.382,2.557,2.04,1.286,0.115,4.669,4.773,4.261,1178.5,643.399,1429.21,691.35,436.489,119.615,382.344,180.996,1030.71,80.61,622.0,780.76,458.52,234.48,24.39,1015.89,246.09,291.297,1095.67,113.42,111.938,411.0,29.04,1093.5,2731.0,1444.5,,1012.0,105.73,106.789
2003-12-30,415.6,0.538,4765.0,240.69,87.0,107.04,1.779,32.79,17.68,5.075,4.259,1.827,0.927,1.134,4.941,4.296,2.611,2.28,5.194,4.426,2.559,2.082,1.36,0.115,4.714,4.822,4.318,1181.11,644.154,1431.75,693.05,437.706,119.338,382.69,181.752,1043.34,81.29,638.37,798.4,460.04,245.63,25.13,1032.27,250.16,292.597,1099.78,113.12,112.109,417.2,29.74,1107.75,2759.0,1474.5,,1045.0,105.75,99.648
2004-01-06,423.7,0.57,4764.0,247.19,85.63,106.2,1.824,33.7,16.73,5.101,4.273,1.819,0.907,1.12,4.926,4.262,2.534,2.06,5.186,4.388,2.477,2.104,1.365,0.115,4.718,4.832,4.384,1183.87,644.622,1434.02,699.49,443.277,120.074,388.088,184.127,1056.43,82.66,646.29,869.21,485.79,251.75,26.5,1054.33,255.76,295.433,1106.85,113.51,112.203,423.2,30.82,1122.0,2822.0,1504.5,,1059.5,105.92,99.648
2004-01-13,423.45,0.609,5391.0,250.26,85.51,106.32,1.842,34.43,18.04,4.919,4.013,1.583,0.876,1.1,4.876,4.141,2.412,2.04,5.12,4.273,2.359,2.009,1.296,0.09,4.6,4.687,4.159,1191.14,651.985,1453.09,707.2,448.453,121.215,392.722,187.189,1053.85,82.69,646.41,874.02,481.61,256.41,26.02,1054.6,256.0,298.329,1113.02,114.51,114.438,424.0,31.37,1121.25,2801.0,1528.5,,1060.0,106.16,99.648
2004-01-20,412.5,0.631,5418.0,253.56,86.62,107.2,1.821,36.2,15.21,4.924,4.057,1.653,0.866,1.1,4.892,4.137,2.398,1.95,5.127,4.272,2.51,2.065,1.275,0.085,4.661,4.746,4.255,1190.69,652.199,1453.87,710.59,448.577,122.238,391.895,185.307,1070.52,84.11,659.39,853.65,488.7,247.36,26.54,1065.0,258.53,295.675,1117.88,114.65,114.031,412.9,31.23,1137.5,2872.0,1553.0,,1071.0,106.21,99.648
2004-01-27,410.75,0.614,5276.0,249.61,86.25,105.65,1.826,34.12,15.35,4.937,4.076,1.643,0.907,1.1,4.898,4.15,2.4,1.92,5.133,4.29,2.511,2.075,1.3,0.071,4.664,4.779,4.354,1190.82,649.626,1452.96,711.42,449.267,122.216,392.048,185.53,1075.18,84.23,651.87,855.06,499.19,248.94,26.73,1069.62,259.83,296.952,1125.02,114.52,114.0,410.1,30.23,1142.5,2891.0,1520.0,,1061.0,106.21,106.922
2004-02-03,400.43,0.61,5664.0,247.21,86.81,105.56,1.837,34.1,17.34,4.949,4.099,1.747,0.927,1.1,4.914,4.206,2.441,2.06,5.15,4.336,2.548,2.099,1.295,0.07,4.744,4.867,4.369,1191.83,649.433,1449.5,702.56,442.986,122.109,385.22,185.453,1067.12,83.54,637.77,781.62,490.19,233.53,25.28,1057.78,256.47,296.31,1119.49,114.28,113.828,399.2,29.5,1133.0,2848.0,1487.0,,1044.5,106.17,106.773
2004-02-10,407.6,0.504,5458.0,247.52,85.84,105.61,1.87,33.87,15.94,4.95,4.114,1.802,0.938,1.1,4.877,4.138,2.377,2.02,5.111,4.37,2.478,2.079,1.255,0.054,4.669,4.784,4.282,1193.42,652.182,1450.9,701.2,442.936,122.279,384.806,187.525,1075.46,84.74,626.61,792.35,489.34,248.58,25.89,1069.77,259.56,298.29,1117.42,114.76,113.938,406.4,30.04,1143.25,2893.0,1497.5,,1024.0,106.25,106.711
2004-02-17,415.3,0.457,5290.0,255.39,84.97,105.77,1.905,35.19,15.4,4.911,4.04,1.662,0.907,1.094,4.836,4.083,2.288,2.02,5.07,4.311,2.387,2.08,1.27,0.049,4.652,4.756,4.214,1197.16,655.264,1459.64,705.46,446.469,123.01,387.733,190.154,1085.54,85.6,643.85,808.86,516.1,251.62,26.95,1085.8,263.63,300.533,1122.81,115.31,114.797,416.0,30.69,1156.5,2908.0,1507.5,,1052.5,106.45,107.055
2004-02-24,403.7,0.302,5488.0,255.88,86.15,108.11,1.891,34.58,15.9,4.896,4.025,1.636,0.948,1.09,4.863,4.086,2.279,2.04,5.097,4.319,2.384,2.07,1.225,0.05,4.711,4.804,4.275,1198.76,656.461,1461.2,701.47,443.918,123.425,386.689,189.075,1068.46,85.43,640.52,763.59,509.38,237.67,26.52,1067.68,259.1,298.193,1122.63,115.4,115.047,404.5,30.81,1138.5,2868.0,1463.5,,1050.5,106.49,107.133
2004-03-02,391.75,0.259,5150.0,263.56,88.9,110.12,1.836,36.66,14.86,4.901,4.044,1.721,0.958,1.1,4.843,4.07,2.281,2.06,5.082,4.307,2.391,2.235,1.335,0.074,4.696,4.787,4.363,1199.39,656.657,1461.39,705.25,443.675,123.833,386.905,188.152,1077.86,87.32,681.79,816.65,546.46,240.59,26.93,1074.82,261.21,293.871,1124.44,115.38,114.891,393.8,33.15,1149.0,2934.0,1473.0,,1118.5,106.42,107.102
2004-03-09,405.55,0.173,5344.0,258.46,88.43,111.11,1.839,36.28,16.6,4.669,3.723,1.48,0.948,1.093,4.691,3.91,2.138,1.84,4.936,4.141,2.229,2.221,1.359,0.1,4.571,4.651,4.246,1207.09,663.585,1485.56,710.3,448.726,124.23,394.469,191.224,1069.69,86.58,692.0,808.9,558.89,241.23,26.69,1071.22,260.3,296.941,1131.3,115.99,117.422,404.5,32.23,1139.5,2897.0,1435.0,,1137.0,106.45,107.664
2004-03-16,402.35,0.201,5204.0,267.79,88.59,108.91,1.811,37.48,20.34,4.642,3.681,1.47,0.948,1.09,4.712,3.926,2.167,2.02,4.965,4.166,2.261,2.176,1.288,0.095,4.59,4.674,4.256,1208.58,663.593,1487.85,707.17,447.026,124.059,393.87,190.501,1042.2,83.14,678.69,757.35,546.94,227.32,25.49,1039.73,252.48,297.534,1120.5,115.86,117.734,402.6,33.45,1111.5,2762.0,1405.5,,1117.5,106.44,107.703
2004-03-23,419.9,0.008,5044.0,270.66,87.85,106.71,1.853,37.45,20.67,4.652,3.692,1.469,0.938,1.09,4.681,3.888,2.112,2.0,4.933,4.13,2.2,2.21,1.331,0.122,4.568,4.667,4.367,1207.58,661.411,1487.19,706.62,447.494,124.676,395.596,191.785,1025.84,82.11,684.69,753.26,570.7,222.75,24.51,1028.75,249.97,298.793,1121.3,116.34,116.109,420.0,33.31,1091.25,2672.0,1371.5,,1127.5,106.58,107.688
2004-03-30,421.95,0.066,4886.0,267.14,88.43,105.61,1.829,36.25,16.28,4.813,3.896,1.62,0.948,1.09,4.763,3.943,2.128,2.05,5.007,4.194,2.178,2.316,1.449,0.125,4.65,4.754,4.426,1203.33,654.018,1474.79,708.35,447.305,124.726,394.534,190.017,1056.66,84.05,709.56,777.45,585.37,227.89,24.43,1055.98,256.55,297.021,1120.5,115.87,114.844,421.7,32.45,1126.0,2747.0,1447.0,,1177.5,106.63,106.477
2004-04-06,418.4,0.044,4631.0,264.1,88.62,106.13,1.839,34.97,15.32,4.997,4.149,1.831,0.927,1.1,4.842,4.081,2.309,2.02,5.089,4.319,2.357,2.41,1.529,0.14,4.746,4.872,4.546,1196.15,647.5,1455.97,707.1,446.291,125.31,393.552,187.528,1075.95,86.38,729.24,816.48,597.7,240.15,25.55,1075.62,261.52,293.667,1129.65,114.75,112.797,418.9,31.35,1144.75,2829.0,1488.5,,1212.5,106.3,105.977
2004-04-13,406.85,-0.025,4552.0,265.63,89.8,106.86,1.816,37.21,17.26,5.155,4.354,1.99,0.938,1.1,4.89,4.144,2.37,2.04,5.14,4.382,2.414,2.516,1.482,0.129,4.81,4.932,4.544,1191.91,644.996,1445.96,707.62,445.338,125.627,391.528,185.084,1058.42,87.39,731.56,797.42,608.41,243.62,25.6,1064.56,259.0,291.078,1129.31,114.15,111.563,407.0,33.19,1128.25,2832.0,1476.5,,1217.5,106.17,105.781
2004-04-20,398.28,0.134,4640.0,264.49,90.49,108.4,1.793,37.6,16.67,5.261,4.459,2.152,0.989,1.1,4.877,4.151,2.389,2.03,5.124,4.381,2.428,2.484,1.529,0.129,4.826,4.946,4.526,1190.91,644.914,1439.58,706.43,443.009,125.601,385.399,184.212,1048.06,87.33,725.53,737.91,571.69,239.16,23.24,1054.72,256.41,289.748,1123.12,114.29,111.094,397.7,33.11,1114.5,2841.0,1437.5,,1204.5,106.16,105.867
2004-04-27,398.75,0.157,4229.0,267.2,90.41,109.46,1.789,37.53,15.07,5.199,4.385,2.142,0.968,1.1,4.889,4.19,2.46,2.02,5.136,4.419,2.5,2.385,1.513,0.12,4.84,4.958,4.582,1189.05,643.195,1441.72,707.17,442.491,125.746,382.686,183.313,1067.48,87.62,726.6,737.71,529.79,235.38,22.24,1064.15,258.3,288.84,1123.52,113.88,111.094,398.6,34.28,1138.0,2859.0,1484.5,,1205.0,106.02,105.695
2004-05-04,392.75,0.219,3933.0,272.96,89.81,109.95,1.788,38.98,16.55,5.344,4.567,2.323,0.999,1.1,4.885,4.157,2.433,2.06,5.137,4.388,2.478,2.416,1.52,0.14,4.801,4.923,4.54,1182.13,639.201,1430.33,700.61,437.697,125.538,373.026,183.797,1050.08,85.69,712.49,681.7,502.17,232.35,22.28,1049.18,254.22,289.237,1113.3,114.22,110.297,391.8,35.93,1115.5,2770.0,1419.0,,1182.0,106.08,105.539
2004-05-11,377.75,0.292,3900.0,271.84,91.66,113.44,1.755,40.06,18.57,5.453,4.748,2.569,1.04,1.1,4.988,4.292,2.564,1.83,5.245,4.518,2.754,2.44,1.528,0.13,4.915,5.044,4.689,1170.88,631.145,1409.49,686.83,426.896,123.652,362.85,180.329,1027.51,83.68,660.87,619.52,467.89,219.98,20.85,1008.61,244.01,283.043,1107.51,113.09,108.688,377.2,37.36,1092.25,2689.0,1416.0,,1087.5,105.84,104.984
2004-05-18,376.55,0.258,3452.0,268.94,91.25,114.24,1.768,40.54,19.33,5.454,4.736,2.514,1.04,1.1,4.988,4.293,2.534,2.03,5.245,4.517,2.726,2.43,1.528,0.125,4.915,5.047,4.76,1175.7,630.9,1413.23,682.72,426.94,121.909,367.987,182.941,1023.22,82.55,655.23,617.95,498.39,200.52,19.67,1003.91,242.59,284.613,1101.18,113.15,109.203,375.9,36.95,1090.25,2651.0,1398.0,,1074.0,105.9,105.117
2004-05-25,388.15,0.156,3327.0,277.26,89.84,112.14,1.814,41.14,15.96,5.41,4.722,2.533,1.07,1.1,4.999,4.322,2.542,2.03,5.257,4.545,2.744,2.375,1.459,0.13,4.924,5.081,4.894,1176.43,633.743,1415.56,688.46,430.964,123.179,369.937,185.175,1043.83,83.23,674.51,625.84,499.25,211.54,21.73,1027.88,248.64,287.219,1099.45,113.02,109.266,388.4,37.44,1112.5,2723.0,1446.0,,1118.0,105.9,105.133
2004-06-01,394.45,0.126,3282.0,284.03,88.88,110.37,1.837,42.33,16.3,5.396,4.702,2.589,1.111,1.114,5.012,4.369,2.582,2.04,5.271,4.559,2.767,2.4,1.539,0.14,4.928,5.11,4.964,1178.63,635.608,1419.0,691.87,433.112,123.92,369.857,187.397,1051.11,83.65,689.82,649.12,452.02,201.92,22.4,1041.63,252.06,289.619,1106.44,112.98,109.625,394.6,39.08,1121.25,2716.0,1469.0,,1146.0,105.86,105.195
2004-06-08,391.85,0.201,3067.0,266.61,88.51,109.8,1.835,37.28,15.01,5.448,4.764,2.688,1.251,1.17,4.984,4.365,2.626,2.12,5.245,4.549,2.78,2.57,1.699,0.144,4.874,5.073,4.966,1180.55,634.57,1415.28,694.2,435.755,124.136,373.232,186.795,1069.87,85.7,699.76,671.68,471.25,206.99,22.62,1062.66,256.99,289.714,1105.65,112.96,109.188,391.0,35.05,1142.0,2798.0,1492.5,,1155.5,105.79,105.016
2004-06-15,388.35,0.231,2810.0,263.07,89.09,109.43,1.829,37.19,15.05,5.363,4.678,2.747,1.322,1.253,4.911,4.346,2.679,2.03,5.176,4.521,2.836,2.725,1.799,0.227,4.834,4.957,5.109,1182.66,635.721,1421.55,695.04,435.004,124.929,372.132,185.438,1060.28,85.17,693.8,653.4,437.41,201.84,21.98,1048.33,253.16,287.998,1103.72,112.97,109.953,388.1,35.29,1134.0,2804.0,1480.5,,1153.5,105.5,104.992
2004-06-22,395.75,0.31,2622.0,265.93,89.43,109.24,1.82,38.11,14.31,5.405,4.719,2.758,1.302,1.285,4.956,4.362,2.71,2.03,5.21,4.541,2.861,2.684,1.854,0.195,4.866,4.99,5.098,1183.73,637.213,1422.04,699.93,438.579,125.435,375.207,185.683,1062.58,85.25,700.37,650.75,494.12,199.45,20.96,1053.22,254.36,288.711,1103.47,112.67,108.453,395.0,35.61,1135.0,2792.0,1479.5,,1160.0,105.395,105.039
2004-06-29,392.0,0.355,2895.0,260.55,89.41,108.18,1.807,35.66,15.47,5.365,4.688,2.815,1.374,1.34,4.959,4.371,2.776,2.04,5.213,4.556,2.849,2.725,1.83,0.176,4.868,4.986,5.028,1185.69,637.885,1423.44,701.55,439.291,125.698,374.778,185.391,1064.38,86.06,715.1,673.66,462.64,203.67,22.11,1061.01,256.44,289.58,1104.73,112.74,108.609,392.8,33.11,1135.75,2832.0,1507.5,,1185.0,105.47,105.023
2004-07-06,392.35,0.177,3400.0,269.41,88.12,109.35,1.843,39.65,16.25,5.218,4.476,2.538,1.261,1.351,4.888,4.259,2.639,2.04,5.139,4.45,2.694,2.76,1.775,0.159,4.803,4.909,4.968,1199.27,645.891,1439.68,706.32,444.288,126.325,381.13,189.752,1045.63,84.19,693.06,692.31,453.3,206.82,22.83,1045.17,252.81,293.027,1103.47,113.67,110.391,393.0,37.18,1115.0,2765.0,1453.5,,1146.5,105.77,105.195
2004-07-13,401.75,0.188,4086.0,268.05,87.83,109.23,1.856,39.44,14.46,5.21,4.472,2.553,1.333,1.38,4.897,4.267,2.653,2.04,5.154,4.46,2.715,2.74,1.751,0.149,4.828,4.933,5.007,1197.73,647.308,1441.65,710.65,446.713,126.572,382.333,189.96,1044.57,84.0,702.54,709.82,481.31,205.17,21.85,1046.97,253.26,293.68,1098.69,113.72,110.438,402.3,36.69,1114.25,2766.0,1434.0,,1163.5,105.745,105.219
2004-07-20,400.4,0.199,3888.0,270.79,87.83,108.18,1.855,40.86,14.17,5.173,4.446,2.617,1.343,1.42,4.868,4.214,2.581,2.04,5.121,4.41,2.642,2.769,1.749,0.164,4.799,4.895,4.907,1199.69,648.793,1445.61,715.43,450.604,127.16,386.943,190.588,1038.72,82.92,687.37,744.98,473.01,207.89,22.53,1039.62,251.45,295.135,1099.49,114.21,110.578,402.1,37.01,1112.0,2714.0,1427.5,,1135.0,105.9,104.938
2004-07-27,387.65,0.107,3832.0,268.51,89.79,110.97,1.821,41.84,16.55,5.317,4.615,2.791,1.455,1.462,4.883,4.289,2.717,2.04,5.137,4.48,2.774,2.835,1.835,0.199,4.848,4.966,5.082,1194.75,646.486,1435.8,710.91,446.013,127.329,382.648,186.997,1024.48,82.58,672.4,713.03,437.36,212.87,22.5,1016.54,245.95,289.814,1093.31,113.52,109.656,387.0,38.54,1092.5,2677.0,1390.5,,1115.0,105.64,104.672
2004-08-03,394.0,0.152,4177.0,274.3,89.57,110.52,1.826,44.15,16.03,5.167,4.426,2.636,1.476,1.514,4.809,4.191,2.593,2.08,5.06,4.372,2.658,2.895,1.849,0.215,4.726,4.89,5.047,1204.29,650.542,1450.75,712.87,448.562,127.862,387.399,188.534,1029.58,84.08,681.37,734.78,437.84,217.51,22.31,1027.71,248.58,291.661,1094.41,114.52,111.078,394.0,40.64,1097.25,2710.0,1378.5,,1124.0,105.92,105.047
2004-08-10,399.75,0.13,4088.0,273.76,88.79,110.87,1.836,44.52,17.47,5.067,4.291,2.529,1.486,1.569,4.717,4.065,2.459,1.93,4.973,4.247,2.525,2.635,1.62,0.18,4.624,4.775,4.876,1210.49,656.486,1461.86,715.27,452.448,128.102,392.428,192.037,1010.45,81.43,666.81,736.5,434.85,219.11,21.84,1011.0,244.76,295.945,1088.55,115.58,112.125,400.0,41.28,1076.25,2627.0,1336.5,,1102.5,106.165,105.367
2004-08-17,404.8,0.054,4180.0,278.73,88.06,110.01,1.829,46.75,17.02,5.003,4.192,2.395,1.465,1.6,4.726,4.068,2.445,2.04,4.983,4.253,2.519,2.61,1.6,0.155,4.648,4.797,4.877,1215.95,657.455,1469.92,717.01,454.436,128.159,396.43,192.547,1012.78,81.26,657.2,758.99,451.91,212.7,21.17,1010.98,244.78,297.128,1085.48,115.64,112.938,404.4,42.99,1083.0,2620.0,1338.5,,1088.5,106.205,105.672
2004-08-24,402.95,0.027,4213.0,278.1,89.45,109.59,1.791,45.21,15.33,5.063,4.273,2.45,1.527,1.615,4.759,4.115,2.501,2.04,5.017,4.299,2.572,2.575,1.586,0.155,4.68,4.832,4.902,1214.93,657.696,1467.0,721.34,456.321,128.469,399.607,190.285,1026.72,82.27,673.43,785.86,449.47,211.23,21.97,1020.92,247.29,295.167,1088.37,115.31,112.422,403.0,42.32,1097.5,2673.0,1373.5,,1121.0,106.105,105.586
2004-08-31,409.7,-0.043,4186.0,272.52,88.94,108.89,1.804,42.12,15.29,4.927,4.119,2.391,1.578,1.65,4.682,4.023,2.415,2.04,4.936,4.204,2.482,2.51,1.534,0.159,4.624,4.77,4.795,1220.96,661.207,1481.2,725.15,459.128,129.243,402.232,191.914,1034.65,82.91,682.06,788.31,472.85,216.34,22.64,1029.63,249.51,296.926,1090.83,116.18,113.469,410.9,39.61,1104.0,2680.0,1370.0,,1130.0,106.29,105.836
2004-09-07,398.55,-0.145,4018.0,268.6,89.23,109.31,1.774,43.31,14.07,5.009,4.24,2.546,1.618,1.723,4.76,4.142,2.645,2.01,5.015,4.322,2.685,2.531,1.635,0.16,4.679,4.826,4.833,1218.3,659.823,1474.18,726.8,459.881,129.461,402.853,189.616,1050.54,84.67,690.35,796.37,482.84,220.03,23.22,1045.13,253.22,295.179,1093.24,115.15,112.75,397.9,40.76,1122.25,2759.0,1384.0,,1144.0,105.86,105.539
2004-09-14,406.85,-0.148,4205.0,272.83,88.46,109.53,1.8,44.39,13.56,4.933,4.126,2.432,1.649,1.76,4.687,4.058,2.581,2.04,4.94,4.226,2.611,2.435,1.52,0.137,4.624,4.767,4.761,1223.42,663.251,1485.12,733.29,464.267,130.066,404.947,192.239,1057.22,84.84,688.79,802.05,491.87,225.92,22.97,1055.04,255.86,298.516,1096.04,115.0,113.781,406.0,41.73,1129.5,2775.0,1433.5,,1137.0,105.74,105.797
2004-09-21,408.75,-0.198,4229.0,280.12,88.13,109.95,1.795,47.1,13.66,4.838,4.037,2.458,1.711,1.828,4.651,4.017,2.571,2.04,4.893,4.18,2.599,2.386,1.475,0.128,4.604,4.742,4.779,1225.61,665.532,1494.7,735.69,466.758,130.589,410.173,192.344,1058.61,85.64,673.61,837.86,500.18,232.45,24.37,1055.97,256.31,298.986,1098.72,115.39,114.219,408.5,43.39,1127.25,2802.0,1435.5,,1109.5,105.77,105.836
2004-09-28,412.05,-0.247,4106.0,286.7,88.11,111.42,1.811,49.9,13.83,4.798,4.004,2.517,1.711,1.84,4.579,3.95,2.586,2.04,4.825,4.12,2.559,2.33,1.404,0.124,4.557,4.69,4.723,1225.46,668.284,1496.8,736.6,467.118,131.022,408.374,194.461,1040.16,84.6,659.34,855.8,507.57,226.65,23.59,1040.56,252.59,299.684,1097.79,115.93,113.375,412.5,46.45,1109.75,2749.0,1393.5,,1089.5,105.86,105.719
2004-10-05,419.2,-0.213,4157.0,291.75,88.17,111.12,1.784,51.09,13.95,4.931,4.174,2.63,1.701,1.84,4.633,3.996,2.581,2.05,4.876,4.169,2.562,2.545,1.58,0.141,4.63,4.752,4.678,1222.32,662.917,1487.98,737.42,468.6,131.028,411.097,192.705,1063.2,86.73,690.2,908.49,543.23,239.72,24.71,1067.62,259.37,298.507,1101.51,115.59,112.328,418.2,47.13,1136.5,2834.0,1468.0,,1137.5,105.89,105.547
2004-10-12,413.95,-0.297,4408.0,293.68,88.02,109.73,1.788,52.51,15.05,4.878,4.1,2.549,1.679,1.863,4.578,3.913,2.47,2.33,4.822,4.079,2.461,2.439,1.465,0.117,4.57,4.675,4.562,1226.91,666.176,1494.59,741.2,471.669,131.722,415.067,193.868,1051.5,85.48,682.16,895.65,537.28,236.19,24.64,1056.89,256.67,300.646,1103.27,116.44,112.828,415.1,49.6,1122.5,2798.0,1439.5,,1128.0,106.115,105.75
2004-10-19,419.75,-0.313,4625.0,293.77,86.84,108.37,1.804,53.29,15.13,4.815,4.034,2.541,1.813,1.91,4.596,3.912,2.431,2.06,4.837,4.074,2.42,2.493,1.489,0.126,4.548,4.658,4.583,1230.03,668.354,1499.63,741.2,471.757,131.517,412.362,195.781,1034.48,85.54,671.35,845.04,535.02,239.55,24.01,1052.38,255.56,303.623,1097.94,116.53,113.281,420.3,48.77,1103.5,2796.0,1446.0,,1106.5,106.225,105.813
2004-10-26,425.9,-0.225,4877.0,300.61,85.21,106.66,1.835,55.17,16.39,4.773,4.001,2.525,1.905,1.951,4.543,3.829,2.385,2.05,4.773,3.989,2.38,2.411,1.42,0.115,4.514,4.616,4.503,1231.99,671.409,1505.2,745.87,475.145,131.643,413.582,199.478,1040.94,83.94,650.53,857.65,524.38,236.32,23.29,1056.37,256.39,308.236,1097.29,117.15,113.797,426.8,51.56,1111.5,2749.0,1443.5,,1072.5,106.3,105.883
2004-11-02,418.69,-0.14,4950.0,285.86,85.47,106.32,1.839,49.62,16.18,4.813,4.048,2.565,1.977,2.016,4.581,3.905,2.463,2.09,4.813,4.068,2.453,2.536,1.533,0.125,4.591,4.711,4.632,1232.09,669.636,1501.96,751.89,478.587,132.391,416.653,198.39,1059.26,86.76,665.18,874.19,520.64,240.62,23.91,1078.92,261.94,306.961,1101.63,116.68,113.234,420.8,46.55,1130.5,2869.0,1498.0,,1098.0,106.175,105.797
2004-11-09,435.95,-0.175,5060.0,284.16,84.21,105.68,1.859,47.37,13.61,4.944,4.228,2.811,2.079,2.087,4.522,3.862,2.448,2.12,4.746,4.013,2.447,2.473,1.504,0.121,4.5,4.637,4.633,1230.08,665.894,1492.89,755.3,481.309,133.005,416.731,199.703,1090.1,87.16,668.92,884.11,539.6,248.16,24.38,1105.49,268.35,309.202,1108.31,117.15,112.281,436.2,43.71,1164.25,2877.0,1526.5,,1102.0,106.22,105.234
2004-11-16,440.43,-0.089,5191.0,283.95,83.8,105.37,1.854,46.11,13.21,4.901,4.207,2.881,2.13,2.11,4.411,3.747,2.41,2.08,4.627,3.891,2.408,2.449,1.465,0.109,4.431,4.547,4.504,1230.27,666.701,1496.15,756.7,483.428,133.628,419.469,201.528,1101.63,87.77,681.57,902.29,530.99,250.85,24.92,1119.35,271.85,311.016,1114.09,117.96,112.313,440.5,42.29,1177.5,2886.0,1555.5,,1121.5,106.27,104.914
2004-11-23,448.44,-0.074,5514.0,291.02,82.94,103.39,1.873,48.94,12.67,4.836,4.184,2.952,2.171,2.16,4.409,3.743,2.389,2.07,4.625,3.89,2.388,2.374,1.4,0.1,4.397,4.525,4.5,1233.42,667.982,1500.45,759.22,486.034,134.169,421.64,203.41,1103.3,87.51,662.3,913.5,518.7,251.65,25.5,1121.92,272.56,313.999,1116.04,118.17,112.328,447.9,44.45,1179.25,2882.0,1570.0,,1085.0,106.35,104.813
2004-11-30,450.65,-0.094,6051.0,292.21,81.82,103.09,1.91,49.13,13.24,5.002,4.351,2.997,2.223,2.28,4.404,3.793,2.351,2.08,4.615,3.88,2.347,2.444,1.444,0.105,4.432,4.541,4.425,1229.6,664.915,1489.56,758.0,485.938,134.848,418.862,204.847,1100.66,87.41,668.44,958.53,497.52,261.06,25.78,1127.34,274.17,315.783,1121.92,118.23,111.453,451.3,45.51,1174.0,2875.0,1573.0,,1095.5,106.415,104.719
2004-12-07,452.02,-0.132,6200.0,273.0,81.24,102.76,1.945,41.46,13.67,4.887,4.223,2.932,2.243,2.35,4.314,3.681,2.292,1.82,4.523,3.828,2.28,2.374,1.431,0.105,4.418,4.52,4.421,1236.41,668.615,1502.92,761.95,489.915,135.681,423.198,207.603,1103.27,88.47,664.89,952.91,477.81,263.23,25.72,1135.33,276.03,318.752,1125.18,119.28,112.281,452.0,38.27,1177.75,2909.0,1593.0,,1096.0,106.54,104.922
2004-12-14,435.52,-0.14,5551.0,275.08,82.32,105.65,1.926,41.82,12.73,4.769,4.124,2.957,2.223,2.403,4.205,3.596,2.326,2.09,4.409,3.743,2.305,2.306,1.359,0.09,4.375,4.471,4.409,1238.43,672.555,1511.69,765.78,491.381,135.816,425.022,207.649,1127.8,88.76,670.24,977.41,440.99,263.44,25.11,1142.97,277.63,316.768,1121.47,119.31,113.063,435.9,39.25,1204.0,2935.0,1626.0,,1097.5,106.33,104.898
2004-12-21,441.62,-0.081,4812.0,285.36,81.94,104.41,1.926,45.76,11.55,4.796,4.164,3.025,2.212,2.413,4.206,3.625,2.437,2.08,4.399,3.769,2.404,2.317,1.353,0.08,4.345,4.441,4.483,1236.92,672.393,1511.2,767.79,493.595,136.12,427.875,209.115,1130.86,88.55,679.42,1020.68,459.08,268.63,25.51,1150.14,279.69,317.816,1125.88,119.11,112.203,441.8,42.37,1208.0,2930.0,1616.0,,1115.5,106.09,104.781
2004-12-28,443.97,-0.039,4598.0,276.19,80.72,103.15,1.931,41.77,12.0,4.915,4.293,3.068,2.253,2.42,4.279,3.677,2.479,2.08,4.476,3.824,2.433,2.371,1.424,0.105,4.336,4.426,4.386,1234.35,670.91,1504.18,768.45,494.777,135.989,427.843,209.914,1138.78,89.03,694.52,1031.42,470.28,271.68,25.39,1167.71,283.93,319.71,1130.01,118.47,111.5,444.3,40.07,1215.5,2961.0,1630.0,,1143.0,105.925,104.758
2005-01-04,427.75,0.027,4456.0,274.26,82.52,104.27,1.883,43.91,13.98,4.886,4.291,3.196,2.346,2.4,4.253,3.653,2.491,2.21,4.452,3.8,2.431,2.354,1.394,0.099,4.399,4.491,4.429,1235.97,673.333,1505.75,770.68,494.468,136.309,427.061,206.893,1114.56,89.89,702.25,984.74,478.4,275.27,25.0,1148.84,279.54,316.51,1136.76,118.85,111.406,429.2,41.04,1191.0,2964.0,1582.5,,1154.5,106.015,104.563
2005-01-11,422.1,0.01,4726.0,279.21,83.07,103.24,1.879,45.68,13.19,4.78,4.238,3.206,2.346,2.44,4.181,3.598,2.428,2.08,4.373,3.733,2.372,2.354,1.39,0.095,4.402,4.483,4.414,1238.97,675.026,1509.73,766.35,491.396,136.517,425.352,206.191,1109.57,89.61,702.31,969.85,472.24,258.42,23.95,1141.11,277.45,316.387,1123.54,119.33,111.578,422.4,43.12,1184.0,2943.0,1559.0,,1156.0,106.15,104.516
2005-01-18,423.35,0.027,4591.0,284.31,83.36,102.48,1.868,48.38,12.47,4.679,4.187,3.225,2.334,2.5,4.074,3.542,2.396,1.97,4.263,3.673,2.34,2.349,1.36,0.09,4.435,4.507,4.476,1242.06,675.801,1512.96,765.51,490.693,136.678,425.947,206.101,1122.29,90.15,692.25,973.41,466.31,255.71,24.4,1146.44,278.86,316.747,1125.55,119.9,111.906,423.5,45.39,1195.75,2972.0,1576.0,,1143.0,106.22,104.477
2005-01-25,421.7,-0.011,4307.0,289.18,83.99,104.26,1.864,49.64,14.06,4.681,4.194,3.21,2.407,2.544,4.07,3.554,2.39,2.08,4.253,3.676,2.328,2.355,1.331,0.091,4.476,4.551,4.472,1243.53,676.823,1516.13,765.75,491.813,137.034,429.83,205.022,1096.46,90.39,685.84,994.73,471.49,254.15,24.36,1128.65,274.74,315.614,1123.2,119.8,111.953,422.1,46.96,1169.75,2961.0,1495.0,,1135.5,106.25,104.602
2005-02-01,420.72,0.001,4470.0,282.89,83.45,103.69,1.882,47.12,12.03,4.594,4.14,3.28,2.51,2.59,4.023,3.534,2.399,2.08,4.214,3.653,2.328,2.299,1.295,0.088,4.472,4.547,4.51,1244.45,679.714,1522.02,769.7,494.146,137.601,431.357,206.14,1115.65,91.8,690.82,1024.76,496.55,270.16,24.55,1147.97,279.58,316.661,1122.97,120.01,112.281,420.8,44.82,1189.25,3017.0,1529.5,,1144.5,106.25,104.531
2005-02-08,413.17,0.0,4175.0,278.93,85.1,105.61,1.856,45.4,11.6,4.374,4.017,3.306,2.51,2.59,3.86,3.463,2.43,2.04,4.059,3.58,2.357,2.211,1.319,0.094,4.321,4.419,4.551,1247.83,684.327,1534.84,776.71,497.555,138.373,436.864,206.391,1127.94,93.53,694.76,1064.06,501.39,270.23,25.43,1154.03,281.19,314.582,1130.13,120.75,112.828,412.6,43.07,1202.25,3065.0,1529.5,,1154.0,106.21,104.188
2005-02-15,425.77,0.051,4511.0,287.37,83.59,104.31,1.895,47.26,11.27,4.485,4.098,3.341,2.572,2.59,3.959,3.513,2.426,2.07,4.159,3.635,2.347,2.455,1.454,0.119,4.385,4.491,4.621,1246.66,682.919,1529.92,777.79,499.534,139.201,436.862,207.797,1135.06,94.66,704.8,1120.31,503.32,275.81,25.74,1172.32,285.77,316.576,1129.08,120.14,112.563,425.9,45.39,1210.75,3084.0,1548.5,,1166.0,106.195,104.141
2005-02-22,434.7,0.134,4878.0,298.95,82.41,104.22,1.908,51.15,13.14,4.685,4.287,3.427,2.621,2.61,4.152,3.696,2.487,2.06,4.361,3.811,2.383,2.43,1.429,0.109,4.526,4.636,4.708,1242.8,678.159,1516.32,778.0,500.319,139.026,434.908,206.834,1110.56,93.54,702.72,1139.55,513.93,271.66,25.9,1162.94,283.86,317.593,1132.43,118.65,111.359,434.5,48.62,1184.75,3033.0,1502.0,,1161.5,106.115,103.969
2005-03-01,431.86,0.135,4663.0,303.37,82.78,104.4,1.919,51.68,12.04,4.715,4.367,3.571,2.746,2.716,4.207,3.733,2.481,2.06,4.408,3.851,2.381,2.469,1.489,0.135,4.573,4.688,4.796,1238.19,676.206,1512.23,779.06,501.275,139.759,436.077,206.353,1135.22,94.42,711.22,1169.17,544.9,273.61,26.59,1179.96,288.2,316.559,1135.91,118.43,110.781,433.9,50.11,1210.0,3083.0,1529.0,,1181.0,106.12,103.719
2005-03-08,438.56,0.078,4745.0,314.39,81.98,104.66,1.928,54.59,12.4,4.707,4.393,3.614,2.746,2.76,4.201,3.712,2.413,2.02,4.405,3.823,2.319,2.445,1.495,0.124,4.669,4.766,4.841,1240.67,677.566,1514.08,781.53,504.321,139.968,439.848,208.148,1144.05,94.41,720.3,1184.24,538.59,282.69,26.31,1193.0,291.2,318.523,1141.28,119.04,110.672,441.1,52.84,1220.5,3098.0,1532.0,,1197.0,106.26,103.695
2005-03-15,440.63,0.081,4685.0,320.81,82.12,104.36,1.914,55.05,13.15,4.825,4.547,3.734,2.787,2.82,4.205,3.712,2.432,2.06,4.416,3.821,2.322,2.424,1.465,0.119,4.619,4.715,4.787,1234.23,673.963,1500.25,776.31,499.48,139.489,430.309,206.743,1124.71,93.89,716.8,1084.36,530.59,278.0,25.96,1178.02,287.21,317.373,1137.29,117.79,109.656,441.4,53.85,1198.5,3073.0,1504.5,,1187.0,106.07,103.461
2005-03-22,431.25,0.026,4679.0,316.01,83.36,105.09,1.898,56.03,14.27,4.905,4.643,3.822,2.859,2.85,4.144,3.687,2.558,2.06,4.386,3.82,2.566,2.359,1.42,0.11,4.649,4.731,4.735,1230.41,672.922,1489.87,765.05,492.139,137.568,425.911,205.3,1100.63,92.79,721.12,1080.87,509.95,269.62,25.94,1157.41,282.18,315.603,1133.58,118.04,108.422,431.6,54.59,1174.25,3016.0,1474.5,,1195.5,105.925,103.383
2005-03-29,426.45,0.042,4672.0,310.43,84.32,107.58,1.875,54.23,14.49,4.841,4.575,3.834,2.829,2.85,4.16,3.703,2.588,2.07,4.399,3.841,2.603,2.3,1.345,0.11,4.637,4.726,4.756,1230.84,672.047,1491.06,759.65,487.127,137.875,421.364,203.126,1095.07,93.29,706.05,1034.74,509.68,261.99,25.21,1140.06,277.67,311.673,1126.61,117.85,108.516,426.0,53.03,1170.0,3017.0,1477.0,,1171.0,105.87,103.289
2005-04-05,424.85,0.056,4649.0,313.82,84.66,108.36,1.877,56.04,13.68,4.752,4.47,3.717,2.777,2.871,4.092,3.597,2.465,2.07,4.327,3.741,2.486,2.335,1.355,0.09,4.615,4.686,4.664,1238.18,674.408,1495.28,758.81,487.356,137.271,425.295,205.058,1109.65,93.79,715.34,1075.68,521.98,269.88,25.52,1149.17,280.11,311.941,1124.93,118.84,109.469,424.5,55.44,1185.25,3024.0,1491.5,,1190.0,106.125,103.18
2005-04-12,427.52,0.067,4753.0,303.97,84.44,108.21,1.885,51.86,11.3,4.658,4.354,3.683,2.757,2.93,4.102,3.545,2.408,2.06,4.33,3.687,2.424,2.334,1.34,0.09,4.61,4.675,4.63,1242.68,676.519,1502.88,761.17,490.286,138.073,430.458,206.142,1115.85,94.07,708.85,1081.22,529.12,266.08,25.64,1154.08,281.29,313.458,1126.36,119.38,110.219,427.6,51.98,1190.0,3022.0,1493.5,,1179.0,106.26,103.281
2005-04-19,433.18,-0.097,4735.0,304.44,83.76,107.02,1.915,52.29,14.96,4.542,4.213,3.506,2.901,2.99,4.023,3.443,2.309,2.07,4.269,3.604,2.331,2.285,1.28,0.076,4.51,4.568,4.578,1251.03,681.629,1509.09,754.31,487.318,136.697,429.549,209.431,1083.94,91.8,677.6,1046.53,505.92,251.63,24.69,1126.47,274.38,317.246,1111.35,120.32,111.438,432.9,52.94,1155.75,2917.0,1426.0,,1122.5,106.465,103.688
2005-04-26,436.92,-0.15,4172.0,308.3,83.96,106.07,1.904,54.2,14.91,4.572,4.267,3.647,2.901,3.04,3.996,3.449,2.312,2.06,4.259,3.609,2.333,2.244,1.254,0.071,4.486,4.549,4.563,1248.5,680.699,1509.7,755.1,487.932,137.285,431.198,208.622,1083.28,91.96,677.97,1068.18,517.81,260.34,25.41,1126.47,274.63,317.209,1111.47,120.3,110.969,437.9,54.14,1153.75,2942.0,1429.0,,1126.5,106.455,103.547
2005-05-03,427.3,-0.082,3815.0,292.27,84.51,105.09,1.892,49.5,14.53,4.482,4.166,3.633,2.901,3.089,3.936,3.378,2.223,2.09,4.198,3.548,2.245,2.24,1.23,0.075,4.424,4.485,4.5,1251.11,683.466,1511.45,751.17,486.434,136.967,433.301,208.591,1092.2,91.44,678.77,1036.94,506.65,255.37,25.18,1127.68,274.69,317.863,1105.16,120.95,111.375,427.7,50.52,1166.0,2941.0,1438.0,,1131.0,106.635,103.609
2005-05-10,427.91,0.02,4016.0,297.15,84.45,105.59,1.882,52.07,14.91,4.568,4.202,3.666,2.89,3.09,3.909,3.36,2.216,2.06,4.169,3.52,2.239,2.309,1.285,0.08,4.443,4.497,4.464,1251.15,682.2,1511.04,751.42,486.792,136.011,434.414,208.686,1097.58,91.85,688.87,1061.16,506.88,264.91,25.62,1134.25,276.57,317.606,1108.69,121.11,111.375,427.9,51.43,1166.25,2959.0,1454.0,,1149.5,106.65,103.578
2005-05-17,420.95,0.099,3695.0,286.43,86.21,107.15,1.84,48.97,14.57,4.473,4.115,3.591,2.87,3.09,3.847,3.303,2.224,2.07,4.112,3.481,2.242,2.37,1.294,0.095,4.32,4.357,4.293,1253.48,685.978,1513.02,740.18,480.19,133.901,433.971,207.157,1104.99,91.93,669.8,1040.59,481.22,265.18,24.46,1124.65,274.04,314.849,1099.38,121.61,112.078,419.8,49.34,1175.25,2971.0,1494.0,,1107.5,106.645,103.813
2005-05-24,417.85,0.012,3430.0,286.83,86.37,107.5,1.828,49.67,12.69,4.358,4.029,3.59,2.942,3.09,3.775,3.302,2.213,2.07,4.069,3.508,2.228,2.295,1.255,0.077,4.296,4.342,4.265,1257.4,687.776,1524.21,753.16,487.124,135.72,438.784,207.341,1124.35,93.82,685.31,1071.36,510.4,269.96,24.71,1144.97,278.98,315.296,1102.13,122.03,113.0,417.7,48.82,1193.75,3059.0,1540.5,,1135.5,106.665,103.805
2005-05-31,417.1,0.011,3219.0,292.08,87.76,108.03,1.823,51.97,13.29,4.321,3.983,3.574,2.94,3.111,3.805,3.274,2.141,2.08,4.091,3.488,2.158,2.288,1.239,0.08,4.326,4.354,4.248,1260.32,688.227,1533.0,762.86,491.456,137.174,442.587,205.964,1121.5,94.72,689.95,1103.98,509.35,275.71,25.06,1140.68,278.07,313.853,1106.01,122.31,112.844,416.3,50.73,1192.25,3090.0,1545.0,,1141.5,106.83,103.859
2005-06-07,425.2,-0.081,2995.0,300.26,87.49,106.61,1.835,53.76,12.39,4.191,3.903,3.557,3.003,3.17,3.649,3.158,2.053,2.04,3.957,3.384,2.065,2.259,1.23,0.08,4.233,4.265,4.199,1262.69,691.798,1544.61,772.94,496.066,138.661,443.912,207.361,1127.45,96.56,687.67,1085.35,502.05,278.77,25.23,1150.67,280.53,315.564,1110.2,123.38,113.578,424.8,53.13,1199.0,3133.0,1534.0,,1141.5,107.01,103.961
2005-06-14,427.32,-0.127,2705.0,300.55,89.3,109.38,1.806,55.0,11.79,4.414,4.109,3.683,2.993,3.22,3.718,3.201,2.086,2.08,4.029,3.423,2.099,2.295,1.235,0.08,4.283,4.327,4.319,1257.75,687.922,1525.6,772.4,495.363,140.43,444.212,203.667,1133.34,97.45,692.57,1119.06,511.9,281.93,25.22,1149.3,280.35,310.62,1111.27,122.82,112.0,427.5,53.73,1205.0,3173.0,1526.5,,1151.0,106.76,103.688
2005-06-21,437.7,-0.126,2510.0,311.03,88.12,108.39,1.826,58.9,11.08,4.325,4.042,3.684,3.014,3.28,3.725,3.222,2.066,2.07,4.032,3.428,2.055,2.335,1.289,0.081,4.326,4.366,4.302,1261.55,689.41,1534.03,774.97,497.801,140.851,447.013,205.331,1142.72,98.14,702.74,1159.63,514.22,290.89,25.56,1164.14,284.02,312.631,1117.54,122.73,112.547,438.9,57.5,1221.0,3188.0,1551.0,,1168.5,106.86,103.734
2005-06-28,436.8,-0.118,2606.0,304.48,88.99,109.89,1.816,58.2,11.58,4.248,3.972,3.643,3.127,3.326,3.683,3.164,2.047,2.08,3.986,3.378,2.05,2.224,1.199,0.07,4.238,4.263,4.15,1264.0,692.683,1542.86,775.84,498.206,140.443,448.952,206.104,1131.95,97.74,703.02,1156.29,520.67,289.36,26.24,1153.87,281.65,312.557,1115.28,123.19,113.438,436.4,57.18,1206.75,3174.0,1517.0,,1168.0,106.88,103.891
2005-07-05,422.5,-0.126,2434.0,309.76,90.44,111.78,1.754,59.59,11.68,4.362,4.107,3.782,3.156,3.34,3.714,3.213,2.161,2.08,4.037,3.43,2.173,2.28,1.224,0.076,4.268,4.291,4.152,1260.32,689.931,1532.81,778.47,498.583,141.178,448.726,202.227,1135.38,98.51,712.21,1146.73,537.77,296.99,26.12,1151.99,281.11,308.231,1117.78,122.73,112.156,423.9,58.29,1209.0,3220.0,1513.5,,1183.0,106.64,103.547
2005-07-12,425.3,-0.129,2345.0,311.68,88.35,111.0,1.776,60.62,10.95,4.385,4.144,3.833,3.199,3.38,3.739,3.226,2.188,2.03,4.075,3.443,2.2,2.318,1.235,0.075,4.322,4.343,4.134,1260.92,690.991,1533.14,784.14,503.331,141.532,451.003,204.001,1152.02,98.73,713.48,1188.16,562.59,298.75,25.88,1173.61,286.63,311.505,1122.64,122.58,111.875,427.1,58.82,1225.5,3253.0,1562.0,,1185.5,106.59,103.484
2005-07-19,420.2,0.035,2247.0,304.79,89.85,112.88,1.738,57.46,10.45,4.423,4.181,3.851,3.292,3.43,3.787,3.283,2.229,2.08,4.116,3.487,2.227,2.355,1.271,0.07,4.351,4.371,4.104,1261.46,690.299,1532.18,786.88,503.193,142.357,450.112,200.902,1159.0,99.72,717.16,1169.62,554.16,301.5,26.34,1173.4,286.71,307.854,1128.08,122.19,111.75,420.2,57.36,1233.25,3318.0,1600.0,,1191.5,106.535,103.453
2005-07-26,423.25,0.053,1951.0,306.13,90.0,112.22,1.742,59.2,10.99,4.447,4.226,3.93,3.416,3.48,3.745,3.239,2.212,2.07,4.061,3.446,2.214,2.38,1.26,0.079,4.327,4.351,4.125,1259.78,689.536,1530.99,788.61,503.752,142.596,448.796,201.503,1160.08,100.11,714.25,1112.87,569.02,309.07,27.4,1177.81,287.86,308.74,1131.15,122.54,111.313,423.5,58.03,1235.0,3310.0,1607.0,,1189.5,106.575,103.227
2005-08-02,431.9,0.162,1749.0,317.57,88.76,111.39,1.771,61.89,11.75,4.544,4.336,4.04,3.467,3.534,3.817,3.331,2.298,2.11,4.124,3.527,2.277,2.463,1.364,0.13,4.364,4.403,4.234,1256.87,687.794,1526.05,790.3,506.675,143.342,451.806,202.849,1172.72,101.73,726.5,1241.02,596.3,317.33,28.64,1201.07,293.89,310.171,1135.49,121.66,110.594,431.9,60.62,1245.0,3351.0,1629.0,,1208.0,106.385,103.031
2005-08-09,434.3,0.338,1907.0,314.67,87.89,112.08,1.784,63.07,12.4,4.572,4.39,4.108,3.508,3.57,3.833,3.372,2.341,2.09,4.155,3.575,2.314,2.45,1.409,0.126,4.388,4.43,4.237,1255.14,686.605,1520.91,786.79,506.174,142.884,452.471,203.734,1159.08,101.71,725.38,1287.12,614.61,309.73,28.61,1196.37,292.87,310.567,1135.44,121.28,110.188,434.2,61.98,1234.25,3335.0,1607.5,,1206.0,106.305,102.883
2005-08-16,446.1,0.282,2215.0,319.58,87.39,109.58,1.807,66.08,13.52,4.418,4.207,4.0,3.529,3.583,3.719,3.241,2.206,2.08,4.036,3.439,2.193,2.53,1.475,0.154,4.283,4.326,4.225,1261.93,691.479,1534.76,789.15,507.795,143.559,454.906,206.793,1148.46,101.74,753.92,1277.32,627.66,315.13,29.78,1198.41,293.37,313.844,1138.96,122.66,111.328,446.1,65.41,1221.5,3304.0,1583.0,,1252.5,106.585,103.117
2005-08-23,439.1,0.247,2612.0,317.56,88.08,109.76,1.801,65.71,13.34,4.398,4.18,3.976,3.509,3.64,3.657,3.176,2.212,2.08,3.976,3.382,2.201,2.52,1.45,0.145,4.255,4.285,4.19,1263.27,692.856,1540.11,792.54,508.682,144.465,454.808,206.706,1147.11,101.54,766.99,1238.06,640.85,309.51,28.43,1193.4,291.98,312.937,1134.79,123.24,111.719,439.4,64.65,1221.5,3292.0,1577.5,,1269.5,106.58,103.219
2005-08-30,430.5,0.179,2608.0,331.2,88.35,111.43,1.784,69.81,13.65,4.311,4.092,3.934,3.55,3.67,3.625,3.151,2.242,2.08,3.947,3.355,2.229,2.43,1.369,0.145,4.205,4.227,4.132,1266.89,694.68,1548.37,793.88,509.468,144.308,456.247,207.786,1138.83,99.96,768.72,1283.92,660.39,314.58,28.19,1181.43,288.96,313.004,1134.93,123.43,112.453,432.5,67.57,1208.6,3245.0,1570.0,,1273.5,106.525,103.328
2005-09-06,444.55,0.01,2418.0,329.36,86.57,109.67,1.842,65.96,12.93,4.358,4.097,3.801,3.485,3.689,3.566,3.077,2.156,2.09,3.889,3.284,2.156,2.368,1.315,0.135,4.21,4.232,4.128,1269.11,696.227,1547.82,792.89,512.349,144.548,461.253,211.859,1161.99,102.83,777.95,1368.14,666.31,321.61,28.52,1218.8,298.31,318.099,1142.73,124.21,112.875,445.5,64.67,1234.25,3349.0,1598.5,,1285.5,106.705,103.594
2005-09-13,446.65,0.041,2766.0,318.0,87.75,110.76,1.823,63.11,12.39,4.415,4.128,3.857,3.467,3.75,3.602,3.093,2.214,2.08,3.913,3.3,2.209,2.433,1.366,0.165,4.19,4.219,4.176,1268.65,696.077,1544.77,793.96,512.206,144.927,463.0,210.398,1160.63,102.95,796.72,1373.33,673.45,331.92,28.18,1214.62,297.56,315.16,1147.34,123.12,112.547,447.0,61.61,1232.5,3330.0,1609.5,,1311.0,106.495,103.5
2005-09-20,464.95,0.04,3011.0,325.16,88.6,111.69,1.803,66.23,12.64,4.524,4.244,3.974,3.591,3.812,3.572,3.086,2.23,2.08,3.879,3.284,2.222,2.401,1.364,0.16,4.219,4.249,4.182,1265.85,693.212,1534.94,787.28,509.768,144.87,465.255,208.99,1151.6,104.34,818.81,1457.48,726.65,343.35,28.75,1215.62,298.19,313.332,1147.61,123.28,111.375,466.8,64.2,1227.5,3372.0,1592.0,,1348.0,106.47,103.305
2005-09-27,460.4,0.046,3011.0,327.03,89.6,113.4,1.766,65.07,12.76,4.538,4.283,4.067,3.477,3.838,3.602,3.129,2.326,2.08,3.898,3.334,2.287,2.399,1.4,0.185,4.261,4.303,4.249,1264.39,691.958,1531.59,785.82,508.704,144.515,467.308,206.796,1145.85,104.32,833.94,1519.96,764.8,342.77,28.25,1207.47,296.34,309.846,1143.33,122.77,110.266,462.9,62.97,1221.75,3397.0,1581.5,,1374.0,106.3,103.125
2005-10-04,465.7,-0.018,2981.0,329.73,90.1,114.3,1.759,63.9,13.2,4.601,4.369,4.207,3.601,3.88,3.613,3.185,2.413,2.15,3.909,3.38,2.455,2.485,1.558,0.231,4.251,4.298,4.188,1260.78,690.092,1525.65,785.53,508.855,144.99,468.428,206.196,1145.62,106.33,865.5,1533.71,806.92,354.56,29.41,1216.46,298.87,307.914,1152.94,122.21,109.609,466.1,61.22,1216.75,3465.0,1604.0,,1421.5,106.12,102.859
2005-10-11,477.5,0.112,3202.0,330.47,89.97,114.45,1.747,63.53,15.63,4.597,4.393,4.217,3.64,3.94,3.623,3.188,2.469,2.02,3.923,3.381,2.506,2.489,1.534,0.224,4.256,4.297,4.138,1261.67,691.105,1525.93,779.79,505.153,144.073,463.657,205.777,1117.47,103.78,856.41,1480.72,762.27,345.16,28.33,1188.74,292.0,308.203,1142.08,122.18,109.625,477.1,60.08,1188.5,3383.0,1545.5,,1407.5,106.035,102.883
2005-10-18,472.8,0.052,3305.0,329.18,90.29,115.71,1.749,63.2,15.33,4.693,4.471,4.244,3.849,3.997,3.719,3.289,2.506,2.08,4.002,3.475,2.543,2.544,1.56,0.281,4.327,4.393,4.275,1258.87,688.814,1517.2,781.86,504.917,145.293,460.006,204.76,1110.41,101.92,847.43,1398.07,700.88,328.62,27.63,1171.68,287.19,305.739,1132.49,121.41,108.984,472.1,59.28,1181.5,3330.0,1547.0,,1392.0,105.975,102.805
2005-10-25,472.8,0.126,3125.0,329.19,89.24,114.88,1.785,62.44,14.53,4.735,4.536,4.331,3.922,4.051,3.745,3.311,2.55,2.08,4.028,3.502,2.594,2.385,1.515,0.255,4.299,4.379,4.344,1257.68,689.179,1516.27,784.45,507.541,145.963,461.338,205.963,1129.18,101.01,845.43,1419.28,693.3,323.17,26.71,1184.79,290.1,308.138,1124.56,121.01,108.734,472.8,60.24,1199.0,3276.0,1590.0,,1394.5,105.84,102.719
2005-11-01,459.95,0.081,3081.0,315.83,90.08,116.61,1.763,59.85,14.85,4.759,4.565,4.399,3.953,4.09,3.803,3.418,2.645,2.07,4.13,3.62,2.693,2.388,1.573,0.291,4.223,4.305,4.358,1252.87,687.065,1510.06,780.24,505.613,145.098,463.236,204.843,1134.77,102.57,889.97,1494.89,720.33,321.38,27.05,1194.77,292.79,304.953,1125.78,120.35,108.359,460.6,58.37,1206.25,3310.0,1585.5,,1474.0,105.7,102.539
2005-11-08,461.4,0.181,2935.0,318.24,91.37,117.15,1.742,59.71,13.08,4.759,4.553,4.408,3.953,4.09,3.81,3.462,2.699,2.09,4.145,3.659,2.753,2.395,1.593,0.32,4.26,4.347,4.398,1252.96,687.292,1511.41,782.01,505.298,145.459,464.216,203.037,1150.89,104.89,906.81,1526.96,743.58,335.87,26.95,1206.97,295.87,302.15,1140.42,119.85,108.313,462.3,57.81,1222.75,3363.0,1636.5,,1496.0,105.59,102.422
2005-11-15,468.2,0.163,3029.0,312.73,92.09,119.03,1.733,56.98,12.23,4.748,4.559,4.46,4.004,4.121,3.839,3.506,2.716,2.08,4.188,3.71,2.787,2.325,1.465,0.251,4.182,4.274,4.384,1252.89,686.944,1512.11,777.95,503.208,144.624,465.451,201.93,1161.05,105.56,893.88,1488.36,737.49,343.55,27.57,1208.2,296.44,300.91,1142.56,119.59,108.344,469.0,54.05,1232.5,3413.0,1652.5,,1472.5,105.58,102.375
2005-11-22,492.55,0.146,2837.0,315.5,91.5,119.28,1.714,58.84,10.6,4.654,4.428,4.3,3.911,4.17,3.813,3.484,2.775,2.08,4.15,3.675,2.833,2.395,1.47,0.236,4.125,4.201,4.272,1263.46,690.606,1522.74,780.7,505.636,144.208,469.69,202.514,1192.52,106.25,929.8,1536.44,764.42,345.94,28.18,1236.46,303.15,302.366,1146.94,119.68,109.281,492.9,56.41,1262.0,3455.0,1696.5,,1521.5,105.49,102.773
2005-11-29,498.3,0.147,2743.0,311.23,91.62,119.45,1.72,56.5,11.89,4.691,4.476,4.39,3.973,4.22,3.805,3.467,2.764,2.11,4.151,3.641,2.834,2.374,1.454,0.23,4.124,4.199,4.293,1260.31,690.771,1521.07,783.62,507.463,144.326,471.046,203.192,1188.81,106.22,941.0,1586.95,776.63,362.09,28.41,1237.87,303.84,302.92,1151.32,120.13,108.891,499.1,54.32,1259.25,3463.0,1681.0,,1543.0,105.545,102.602
2005-12-06,509.08,0.243,2746.0,324.29,91.44,120.82,1.742,59.94,11.52,4.678,4.484,4.391,4.025,4.331,3.715,3.373,2.663,1.8,4.061,3.549,2.757,2.388,1.555,0.255,4.135,4.21,4.317,1260.48,690.639,1520.05,783.64,508.306,144.148,473.855,204.493,1194.71,108.37,967.78,1679.78,801.1,359.35,28.69,1252.67,307.89,303.096,1158.38,121.0,108.828,510.2,57.61,1265.5,3524.0,1704.5,,1593.0,105.76,102.547
2005-12-13,522.9,0.194,2613.0,335.62,90.38,120.08,1.768,61.37,11.11,4.724,4.521,4.4,3.901,4.368,3.714,3.403,2.798,2.32,4.054,3.574,2.858,2.406,1.575,0.265,4.105,4.212,4.389,1261.57,691.117,1519.16,786.85,510.91,145.365,474.163,206.201,1199.27,108.42,990.15,1614.7,810.86,376.78,29.06,1264.89,310.81,304.954,1160.56,120.96,108.625,521.0,59.52,1269.0,3533.0,1706.5,,1624.0,105.335,102.516
2005-12-20,495.68,0.269,2475.0,325.81,90.78,117.1,1.753,57.98,11.19,4.653,4.462,4.401,3.963,4.37,3.633,3.348,2.845,2.33,3.985,3.54,2.87,2.354,1.52,0.26,4.025,4.116,4.27,1266.78,693.62,1526.39,787.87,511.391,145.35,475.486,206.756,1191.24,108.83,979.72,1535.83,810.72,379.99,29.47,1262.17,310.25,306.852,1161.38,121.45,109.078,494.6,56.17,1268.0,3578.0,1679.5,,1609.0,105.315,102.563
2005-12-27,507.88,0.288,2407.0,324.59,91.19,117.19,1.73,58.16,11.57,4.504,4.339,4.343,3.96,4.38,3.611,3.325,2.872,2.35,3.963,3.522,2.905,2.294,1.49,0.284,4.036,4.123,4.221,1272.92,696.497,1539.4,789.91,513.051,145.062,479.226,206.477,1188.27,109.5,993.37,1552.55,814.84,378.2,29.58,1264.09,311.06,307.114,1165.34,121.59,109.828,508.0,56.29,1264.0,3627.0,1683.5,,1634.0,105.255,102.688
2006-01-03,528.7,0.261,2438.0,336.37,89.84,116.41,1.742,63.14,11.14,4.546,4.366,4.325,4.114,4.39,3.588,3.326,2.878,2.42,3.943,3.531,2.923,2.298,1.47,0.286,3.967,4.049,4.161,1273.25,697.359,1537.22,791.95,515.428,145.253,482.187,208.466,1200.1,110.4,1000.95,1621.62,820.05,388.75,29.7,1281.3,315.46,308.205,1167.69,121.63,109.656,532.5,61.35,1274.75,3624.0,1693.0,,1643.5,105.25,102.719
2006-01-10,542.08,0.192,2470.0,336.45,89.33,114.59,1.764,63.37,10.86,4.611,4.426,4.391,4.284,4.437,3.53,3.287,2.846,2.34,3.903,3.491,2.883,2.258,1.425,0.265,3.908,4.026,4.29,1274.34,697.837,1533.94,799.13,520.682,147.448,484.082,209.64,1221.29,111.36,1004.61,1725.33,873.55,387.02,31.19,1304.19,321.55,311.499,1178.98,122.08,109.234,545.7,61.92,1296.0,3658.0,1760.0,,1659.0,105.34,102.633
2006-01-17,555.98,0.137,2263.0,342.45,89.3,115.86,1.762,66.31,11.91,4.502,4.326,4.323,4.321,4.48,3.528,3.267,2.819,2.21,3.901,3.474,2.851,2.283,1.425,0.245,3.711,3.857,4.205,1280.26,700.831,1543.1,797.09,519.993,147.056,485.412,211.64,1214.18,111.08,988.33,1764.86,927.66,380.33,31.83,1295.45,319.62,311.843,1184.41,122.33,109.859,554.3,64.9,1289.5,3621.0,1751.5,,1626.5,105.415,102.75
2006-01-24,557.4,0.119,2050.0,343.72,88.06,114.56,1.789,67.06,13.31,4.572,4.392,4.382,4.387,4.53,3.628,3.37,2.892,2.33,4.007,3.585,2.932,2.325,1.435,0.235,3.703,3.868,4.268,1279.99,701.269,1540.59,800.34,523.85,147.462,488.883,212.538,1199.27,109.51,980.65,1871.7,967.63,389.79,32.65,1289.02,318.46,313.845,1182.5,121.27,109.438,558.1,65.34,1270.5,3541.0,1693.0,,1617.0,105.26,102.719
2006-01-31,571.95,0.064,2081.0,348.66,88.96,116.85,1.784,67.92,12.95,4.677,4.517,4.516,4.46,4.57,3.728,3.467,2.955,2.33,4.115,3.692,3.001,2.399,1.56,0.289,3.844,3.998,4.317,1274.7,698.56,1532.02,802.96,524.284,148.422,487.231,210.547,1211.66,113.06,1042.8,1950.14,965.5,403.6,33.41,1313.21,324.66,310.103,1194.21,120.43,108.438,570.8,65.99,1283.5,3705.0,1719.5,,1712.0,105.16,102.422
2006-02-07,552.25,0.107,2192.0,336.43,90.24,118.13,1.745,63.09,13.59,4.654,4.567,4.6,4.491,4.57,3.773,3.514,2.956,2.4,4.152,3.728,3.001,2.319,1.568,0.305,3.939,4.075,4.317,1273.77,699.489,1531.02,802.96,523.744,148.381,488.665,207.62,1186.78,112.94,1041.05,1848.23,964.07,408.74,34.16,1289.58,318.93,307.25,1195.98,119.99,108.172,551.0,61.56,1257.5,3690.0,1662.5,,1710.5,105.165,102.281
2006-02-14,546.7,0.078,2389.0,325.05,90.54,117.63,1.734,59.57,12.25,4.589,4.612,4.678,4.553,4.57,3.756,3.498,2.924,2.34,4.149,3.71,2.977,2.298,1.595,0.395,3.898,4.029,4.209,1270.86,699.78,1527.1,802.35,524.242,147.776,492.223,206.451,1204.35,113.99,1000.02,1861.9,975.51,409.37,33.96,1293.62,319.51,306.634,1194.17,120.33,107.688,545.9,59.52,1278.25,3741.0,1666.0,,1629.5,105.27,102.117
2006-02-21,554.55,0.268,2792.0,330.26,90.55,118.8,1.745,61.1,12.41,4.531,4.567,4.698,4.549,4.57,3.718,3.448,2.914,2.34,4.11,3.662,2.963,2.169,1.525,0.4,3.86,3.999,4.228,1276.54,701.845,1534.49,807.29,527.287,148.591,493.893,207.951,1211.64,115.69,992.23,1978.72,1035.73,409.93,34.62,1302.69,322.21,307.386,1196.19,120.73,107.938,553.9,61.6,1285.25,3788.0,1661.0,,1614.5,105.295,102.125
2006-02-28,561.2,0.271,2680.0,324.36,90.11,115.81,1.754,61.41,12.34,4.508,4.553,4.675,4.616,4.63,3.716,3.489,3.021,2.35,4.102,3.705,3.083,2.225,1.585,0.465,3.864,4.024,4.337,1280.64,703.254,1538.94,808.32,529.076,148.75,497.885,208.477,1210.23,115.09,1022.78,1985.83,1033.92,415.91,34.47,1309.45,323.74,309.003,1200.16,120.39,108.0,563.9,61.76,1282.5,3777.0,1674.5,,1658.0,105.125,102.188
2006-03-07,553.2,0.177,2667.0,321.45,90.77,117.77,1.737,61.58,12.66,4.709,4.724,4.75,4.595,4.69,3.799,3.599,3.118,2.35,4.19,3.875,3.157,2.259,1.645,0.51,3.91,4.078,4.403,1270.25,700.136,1523.27,805.69,525.905,148.895,490.256,205.976,1205.46,115.08,997.34,1867.46,1001.66,436.34,33.81,1298.58,320.54,305.762,1201.6,119.35,106.922,554.5,61.17,1277.5,3748.0,1665.5,,1618.0,104.965,101.984
2006-03-14,550.55,0.18,2666.0,326.97,90.0,117.44,1.746,63.1,10.74,4.699,4.694,4.632,4.585,4.749,3.907,3.654,3.173,2.58,4.283,3.93,3.188,2.289,1.675,0.535,3.996,4.156,4.403,1274.91,701.093,1528.42,808.23,528.161,148.94,491.526,206.191,1224.59,117.03,1023.68,1917.25,983.11,440.23,33.42,1325.38,326.84,307.037,1195.5,118.07,107.344,553.0,63.97,1298.5,3834.0,1686.0,,1659.0,104.665,102.125
2006-03-21,551.35,0.204,2511.0,322.77,89.62,117.19,1.746,60.57,11.62,4.745,4.719,4.734,4.678,4.794,3.883,3.665,3.211,2.58,4.265,3.945,3.227,2.299,1.73,0.55,4.074,4.226,4.434,1274.29,701.686,1528.42,813.14,530.918,149.318,491.692,205.777,1224.34,117.71,1038.55,1885.03,1014.04,446.63,34.91,1332.26,328.8,307.943,1206.27,117.9,107.328,553.2,62.13,1307.5,3791.0,1690.5,,1679.0,104.58,102.125
2006-03-28,567.75,0.211,2533.0,331.66,90.25,117.24,1.75,66.07,11.58,4.796,4.782,4.791,4.636,4.822,3.951,3.731,3.256,2.58,4.343,4.019,3.286,2.22,1.698,0.605,4.084,4.245,4.455,1273.3,700.568,1523.83,814.78,531.254,149.777,489.757,205.434,1221.38,116.94,1040.03,1803.0,1021.16,450.92,35.39,1328.8,327.86,307.167,1207.55,117.42,106.781,567.0,64.97,1302.5,3756.0,1691.0,,1690.5,104.51,102.0
2006-04-04,587.95,0.221,2513.0,332.43,88.83,117.5,1.756,66.23,11.14,4.909,4.866,4.817,4.657,4.83,4.06,3.839,3.323,2.62,4.485,4.153,3.372,2.357,1.845,0.654,4.121,4.279,4.472,1269.73,698.378,1517.26,813.96,532.003,149.838,489.106,205.216,1233.65,117.69,1075.06,1963.22,1055.89,474.87,36.58,1350.58,333.97,307.205,1212.16,116.53,106.25,586.0,66.39,1314.75,3794.0,1731.5,,1751.0,104.395,101.898
2006-04-11,595.03,0.202,2515.0,340.48,89.44,118.4,1.746,68.98,13.0,4.996,4.922,4.86,4.688,4.86,4.152,3.875,3.272,2.69,4.574,4.179,3.309,2.528,1.884,0.665,4.198,4.335,4.466,1268.24,698.49,1513.81,813.71,529.848,149.668,485.202,204.066,1215.5,117.2,1090.07,1905.72,1114.88,473.95,37.47,1337.23,330.88,305.202,1217.9,116.29,106.047,595.2,69.37,1294.0,3731.0,1720.75,,1772.5,104.52,101.844
2006-04-18,618.68,0.213,2495.0,354.89,88.24,117.66,1.777,71.35,11.4,5.076,4.985,4.828,4.709,4.91,4.226,3.947,3.307,2.61,4.666,4.284,3.344,2.6,1.954,0.635,4.222,4.376,4.528,1269.48,698.095,1512.74,814.35,531.881,149.885,487.068,205.18,1234.99,117.28,1073.33,1996.31,1150.82,477.65,38.24,1353.87,335.3,306.747,1215.73,115.58,105.922,620.0,71.85,1313.5,3715.0,1739.75,,1741.0,104.455,101.914
2006-04-25,631.25,0.08,2397.0,352.93,87.32,114.95,1.787,72.88,11.75,5.155,5.069,4.932,4.771,4.97,4.243,3.986,3.371,2.62,4.677,4.327,3.482,2.464,1.915,0.605,4.324,4.481,4.601,1266.84,697.413,1508.47,816.75,533.931,150.593,487.201,204.893,1229.97,119.0,1062.25,2023.4,1165.24,471.49,37.18,1364.39,337.97,308.909,1227.11,115.25,105.359,631.0,72.46,1309.5,3820.0,1714.5,,1716.0,104.35,101.742
2006-05-02,664.65,0.159,2364.0,357.02,85.79,113.56,1.838,74.61,11.99,5.208,5.11,4.908,4.802,5.04,4.222,3.984,3.403,2.65,4.636,4.298,3.52,2.454,1.92,0.65,4.282,4.464,4.654,1266.71,697.172,1509.73,819.42,537.173,151.158,488.44,209.135,1240.44,119.3,1072.38,2113.71,1205.21,494.35,37.81,1385.43,343.41,312.62,1226.15,115.43,105.25,667.4,74.87,1318.0,3814.0,1697.75,,1735.5,104.34,101.781
2006-05-09,698.2,0.242,2414.0,354.93,84.83,111.25,1.864,70.69,11.99,5.198,5.123,4.958,4.875,5.08,4.276,4.031,3.418,2.39,4.689,4.335,3.522,2.469,1.959,0.71,4.337,4.536,4.771,1267.1,698.215,1510.57,820.82,538.591,151.414,488.075,210.295,1252.84,120.51,1079.4,2194.22,1236.89,510.18,39.18,1406.28,348.92,314.649,1237.03,115.11,105.172,701.5,71.22,1329.25,3859.0,1721.75,,1745.5,104.31,101.703
2006-05-16,690.65,0.197,2502.0,353.2,84.17,110.05,1.882,69.53,13.35,5.209,5.097,4.942,4.813,5.081,4.262,3.978,3.295,2.61,4.689,4.29,3.393,2.446,1.959,0.79,4.171,4.403,4.74,1268.17,698.955,1510.52,819.93,537.331,151.643,483.614,212.727,1221.02,115.51,1016.13,1975.09,1133.56,482.07,37.0,1360.57,336.52,316.456,1232.75,115.64,105.266,692.9,70.24,1295.0,3708.0,1628.25,,1644.0,104.545,101.75
2006-05-23,670.8,0.129,2468.0,352.31,84.35,111.32,1.882,71.76,18.26,5.116,5.014,4.916,4.813,5.081,4.22,3.932,3.274,2.6,4.657,4.241,3.372,2.344,1.795,0.698,4.234,4.441,4.725,1269.15,700.952,1513.9,817.0,534.16,150.97,478.733,212.731,1186.69,111.51,973.19,1740.4,1018.69,438.23,35.22,1314.31,324.29,316.719,1211.11,116.26,105.531,673.7,71.0,1252.5,3604.0,1565.25,,1575.5,104.6,101.734
2006-05-30,658.25,0.044,2416.0,347.88,84.28,111.99,1.883,72.03,18.66,5.184,5.078,4.966,4.808,5.093,4.234,3.939,3.318,2.6,4.671,4.253,3.429,2.368,1.837,0.803,4.21,4.413,4.681,1269.18,701.621,1512.57,818.2,535.257,151.676,478.933,213.136,1189.81,110.83,995.66,1707.23,1062.43,437.02,35.0,1319.75,325.36,316.803,1210.6,116.29,105.391,653.9,71.05,1260.0,3575.0,1570.0,,1609.5,104.565,101.719
2006-06-06,628.53,-0.119,2580.0,344.78,84.73,113.22,1.862,72.5,17.34,5.076,5.002,4.992,4.854,5.13,4.264,3.99,3.428,2.59,4.72,4.311,3.522,2.403,1.859,0.845,4.312,4.511,4.731,1275.58,703.93,1519.86,817.9,535.468,151.818,481.592,211.423,1193.17,109.67,969.62,1711.27,1035.07,403.5,35.34,1306.01,321.81,314.883,1216.09,115.69,105.844,629.4,70.81,1265.75,3533.0,1577.5,,1566.5,104.38,101.703
2006-06-13,568.05,-0.079,2699.0,330.23,86.48,115.16,1.839,68.56,23.81,5.015,4.963,5.001,4.886,5.184,4.151,3.868,3.319,2.48,4.602,4.183,3.375,2.381,1.774,0.734,4.192,4.38,4.658,1277.44,705.234,1524.13,817.36,533.308,152.244,479.891,211.122,1153.26,105.85,898.75,1489.75,852.16,363.64,31.66,1243.94,305.16,313.325,1195.59,117.17,106.016,562.5,66.92,1222.0,3412.0,1515.25,,1464.0,104.43,101.688
2006-06-20,570.69,-0.018,2729.0,333.1,86.18,114.85,1.843,68.94,16.69,5.191,5.151,5.19,4.917,5.279,4.264,3.995,3.461,2.84,4.712,4.309,3.514,2.499,1.858,0.801,4.339,4.542,4.848,1267.52,699.128,1506.56,812.07,530.739,151.871,478.309,209.303,1168.8,109.16,929.5,1593.68,956.22,394.5,32.52,1270.34,312.06,311.235,1192.28,115.94,104.75,576.9,68.08,1252.5,3527.0,1570.0,,1513.0,104.16,101.352
2006-06-27,583.5,-0.028,2862.0,337.07,86.47,116.28,1.823,71.92,16.4,5.232,5.202,5.236,5.031,5.341,4.347,4.094,3.588,2.83,4.786,4.404,3.636,2.515,1.9,0.81,4.331,4.554,4.841,1264.17,697.347,1502.48,808.89,526.57,150.285,472.532,208.235,1169.28,108.74,956.16,1650.6,986.65,407.84,33.89,1274.31,313.39,309.692,1194.13,115.11,104.297,581.6,70.98,1249.75,3518.0,1545.25,,1548.5,103.95,101.234
2006-07-04,620.25,0.005,2965.0,346.39,85.15,114.62,1.846,73.93,13.05,5.2,5.151,5.166,5.062,5.334,4.313,4.078,3.575,2.89,4.746,4.379,3.621,2.604,1.96,0.865,4.302,4.522,4.764,1269.52,698.909,1511.1,816.17,533.95,151.818,480.658,211.547,1208.97,113.17,990.67,1864.9,1091.49,430.16,36.05,1330.69,328.05,313.257,1204.1,115.29,104.781,616.0,72.51,1288.25,3682.0,1601.5,,1602.0,103.985,101.313
2006-07-11,639.03,0.028,2849.0,350.28,85.36,114.3,1.842,74.16,13.14,5.146,5.102,5.149,5.052,5.356,4.298,4.051,3.586,2.78,4.736,4.342,3.653,2.584,1.959,0.879,4.266,4.476,4.726,1273.33,701.223,1517.56,818.93,536.153,151.743,485.389,211.958,1199.74,112.03,981.13,1809.26,1082.16,427.66,36.07,1318.01,324.83,313.552,1201.32,115.56,105.078,643.1,73.67,1282.25,3633.0,1545.0,,1585.5,103.985,101.422
2006-07-18,633.75,-0.063,3053.0,341.85,87.01,117.54,1.825,73.54,17.74,5.165,5.132,5.183,5.125,5.37,4.283,4.014,3.569,2.83,4.715,4.307,3.634,2.491,1.82,0.739,4.274,4.493,4.786,1272.26,701.422,1515.17,816.58,533.504,152.086,484.925,210.256,1164.89,108.64,913.97,1704.05,1020.56,412.03,34.84,1260.98,310.51,310.255,1190.5,115.91,104.859,629.5,74.36,1245.75,3496.0,1486.75,,1472.0,104.045,101.406
2006-07-25,617.2,-0.136,3221.0,340.74,86.64,117.28,1.841,73.75,14.85,5.122,5.065,5.114,5.125,5.394,4.228,3.963,3.531,2.83,4.658,4.255,3.596,2.544,1.87,0.803,4.252,4.469,4.749,1279.31,704.648,1523.35,820.06,538.01,152.941,490.253,212.722,1194.71,112.4,954.01,1800.96,1062.14,418.52,35.94,1303.93,321.19,312.823,1185.22,116.38,105.438,618.0,73.28,1271.5,3639.0,1492.25,,1536.5,104.13,101.531
2006-08-01,646.89,-0.064,3337.0,349.56,85.01,114.69,1.875,74.91,15.05,5.061,4.977,4.95,5.104,5.391,4.199,3.929,3.508,2.78,4.633,4.226,3.572,2.574,1.915,0.831,4.228,4.448,4.751,1289.44,707.45,1533.96,823.96,541.804,153.498,494.11,215.226,1196.23,113.36,974.74,1810.14,1086.0,431.01,36.34,1318.66,324.85,315.835,1197.49,116.69,106.031,646.3,75.89,1276.75,3650.0,1493.75,,1565.5,104.195,101.805
2006-08-08,646.94,-0.096,3679.0,350.73,84.83,115.05,1.907,76.31,15.23,5.019,4.919,4.899,5.094,5.368,4.16,3.903,3.544,2.7,4.584,4.188,3.607,2.435,1.825,0.794,4.221,4.463,4.947,1294.32,710.407,1540.59,828.49,546.055,154.332,498.894,218.346,1196.34,113.64,973.11,1855.32,1147.1,440.9,36.9,1324.23,326.63,318.107,1199.32,116.97,106.422,645.7,77.55,1276.75,3673.0,1492.5,,1558.5,104.14,101.891
2006-08-15,623.49,-0.057,3824.0,338.76,85.22,116.05,1.894,73.05,13.42,5.048,4.931,4.939,5.083,5.33,4.216,3.97,3.63,3.07,4.635,4.252,3.685,2.464,1.847,0.804,4.3,4.539,4.984,1295.24,711.477,1541.21,829.12,546.575,154.656,500.79,216.901,1209.34,115.58,998.09,1859.2,1163.69,454.38,37.69,1338.81,330.11,316.692,1192.61,116.37,106.281,622.5,73.8,1287.75,3784.0,1540.5,,1608.0,103.985,101.813
2006-08-22,625.74,-0.174,3672.0,336.67,85.17,116.66,1.889,72.63,12.19,4.943,4.811,4.861,5.094,5.324,4.054,3.808,3.517,3.07,4.468,4.097,3.567,2.43,1.795,0.745,4.158,4.376,4.837,1302.64,714.974,1553.37,832.64,549.253,154.749,504.429,219.419,1222.16,116.14,1021.25,1850.0,1154.76,464.78,37.55,1354.18,333.85,318.999,1202.51,117.85,106.969,624.6,73.24,1302.0,3799.0,1566.5,,1642.0,104.205,102.0
2006-08-29,611.41,-0.275,3750.0,327.73,84.96,116.97,1.891,69.71,12.28,4.923,4.779,4.851,5.062,5.33,4.078,3.828,3.547,3.01,4.484,4.116,3.604,2.375,1.699,0.662,4.166,4.39,4.891,1303.81,716.036,1556.63,835.0,549.557,155.221,503.084,218.554,1227.53,116.75,1005.54,1821.65,1151.03,472.62,37.4,1353.59,333.54,318.751,1201.09,117.64,106.969,610.7,69.86,1305.0,3813.0,1576.0,,1615.5,104.15,102.016
2006-09-05,638.61,-0.413,3882.0,327.03,85.0,115.94,1.893,68.6,12.63,4.93,4.781,4.791,4.974,5.33,4.029,3.787,3.578,3.01,4.431,4.069,3.63,2.384,1.68,0.683,4.163,4.383,4.866,1307.12,717.17,1559.23,838.71,553.298,156.14,507.592,218.765,1237.33,117.81,1027.24,1881.21,1159.25,480.86,38.1,1370.82,338.06,320.215,1208.49,118.01,107.188,640.7,68.09,1314.5,3818.0,1604.75,,1652.0,104.13,102.133
2006-09-12,590.37,-0.436,4010.0,310.71,85.92,117.95,1.874,63.76,11.92,4.903,4.771,4.815,4.896,5.33,4.049,3.839,3.688,3.06,4.44,4.112,3.717,2.375,1.687,0.64,4.178,4.42,4.946,1308.93,717.93,1562.16,841.84,553.379,156.241,506.108,216.969,1236.89,116.72,985.88,1766.79,1076.87,471.37,37.35,1349.31,332.19,318.234,1204.81,116.94,107.25,588.5,62.99,1313.75,3790.0,1614.75,,1575.0,103.845,102.055
2006-09-19,578.4,-0.452,4275.0,303.04,85.94,117.73,1.881,61.66,11.98,4.858,4.735,4.797,4.938,5.33,3.963,3.78,3.659,3.05,4.359,4.066,3.706,2.399,1.694,0.658,4.154,4.41,4.998,1310.75,719.904,1567.61,843.9,554.77,156.34,507.596,217.861,1241.31,116.74,991.16,1787.34,1098.7,482.27,38.05,1354.82,334.16,319.384,1207.57,117.38,107.5,577.7,62.17,1330.5,3796.0,1642.5,,1584.5,103.865,102.078
2006-09-26,592.35,-0.498,3979.0,301.71,85.63,117.18,1.896,61.01,11.53,4.714,4.585,4.693,4.875,5.326,3.856,3.658,3.518,3.01,4.247,3.942,3.582,2.39,1.607,0.587,4.019,4.266,4.921,1318.45,723.581,1582.73,846.03,555.51,156.759,508.38,219.815,1257.91,118.56,964.34,1728.42,1021.09,495.59,37.75,1364.75,335.98,321.572,1206.35,118.56,108.391,591.6,60.12,1346.75,3886.0,1673.5,,1553.5,104.14,102.297
2006-10-03,580.7,-0.451,3960.0,295.13,85.71,117.91,1.888,58.68,12.24,4.754,4.616,4.65,4.906,5.323,3.925,3.735,3.605,3.1,4.322,4.02,3.678,2.46,1.686,0.649,4.091,4.355,4.977,1318.24,722.523,1581.78,849.27,557.838,156.919,509.621,219.028,1255.77,118.93,1007.42,1777.85,1045.31,497.45,38.82,1373.27,338.17,320.885,1212.39,117.92,108.203,576.3,58.43,1343.25,3894.0,1653.75,,1617.5,103.985,102.297
2006-10-10,572.5,-0.366,4042.0,299.4,87.02,119.69,1.855,58.52,11.52,4.884,4.754,4.818,4.963,5.32,3.978,3.811,3.677,3.25,4.36,4.09,3.743,2.499,1.714,0.669,4.12,4.399,5.021,1312.38,720.641,1571.19,851.1,558.192,157.409,510.751,215.853,1275.54,121.59,1022.13,1892.2,1087.88,499.61,38.95,1387.73,341.81,316.905,1217.52,117.27,107.25,571.9,59.34,1360.75,3973.0,1703.75,,1635.0,103.88,102.172
2006-10-17,588.0,-0.391,4159.0,308.16,86.87,118.76,1.872,58.93,11.73,4.898,4.768,4.836,5.083,5.32,3.954,3.8,3.653,3.31,4.327,4.066,3.716,2.515,1.791,0.746,4.139,4.417,5.028,1314.75,721.018,1571.42,853.85,560.38,158.225,512.73,215.647,1285.73,122.03,1025.46,1913.61,1105.76,520.09,39.96,1397.96,344.69,317.497,1227.21,117.33,107.109,589.7,60.94,1371.75,3957.0,1720.25,,1640.0,103.925,102.109
2006-10-24,584.45,-0.348,3978.0,307.54,86.7,119.2,1.875,59.35,10.78,4.941,4.822,4.906,5.114,5.32,4.015,3.875,3.733,3.33,4.414,4.162,3.789,2.519,1.815,0.772,4.172,4.464,5.098,1313.53,720.271,1569.82,855.07,561.425,158.659,513.112,214.952,1297.65,123.94,1040.61,1942.79,1110.47,511.31,40.6,1414.91,348.69,316.739,1230.68,116.67,106.75,584.4,59.86,1384.75,4024.0,1726.25,,1663.0,103.79,101.953
2006-10-31,604.8,-0.433,4037.0,305.87,85.32,116.72,1.908,58.73,11.1,4.715,4.6,4.693,5.073,5.32,3.844,3.741,3.678,3.35,4.229,3.999,3.741,2.433,1.71,0.725,4.0,4.281,5.032,1325.48,726.945,1592.61,859.92,566.365,159.363,518.398,220.869,1299.63,123.41,1012.25,1940.35,1094.06,524.05,41.2,1422.93,350.75,323.091,1237.19,117.82,108.219,606.8,59.03,1383.25,4012.0,1742.75,,1613.5,103.9,102.391
2006-11-07,627.2,-0.546,4242.0,311.25,85.43,117.43,1.909,58.93,11.09,4.755,4.659,4.766,5.073,5.32,3.851,3.739,3.721,3.35,4.231,3.983,3.779,2.445,1.756,0.785,4.023,4.314,5.074,1325.56,726.4,1591.74,864.96,569.638,160.097,519.842,221.305,1303.73,125.67,1013.14,2009.97,1139.9,532.63,42.75,1436.01,354.5,323.132,1236.38,117.83,107.859,627.7,58.48,1389.0,4081.0,1751.75,,1620.0,103.825,102.234
2006-11-14,621.58,-0.611,4153.0,308.43,85.3,117.68,1.896,58.28,10.5,4.656,4.564,4.739,5.083,5.32,3.835,3.712,3.702,3.33,4.21,3.968,3.755,2.434,1.719,0.799,4.041,4.322,5.035,1330.81,729.063,1601.71,869.71,572.406,160.31,522.283,221.3,1314.21,125.07,1002.2,2013.02,1149.18,545.11,43.89,1436.75,354.99,323.851,1242.37,118.06,108.391,625.3,58.84,1397.75,4088.0,1796.25,,1597.5,103.875,102.313
2006-11-21,625.63,-0.547,4138.0,310.32,85.24,118.01,1.898,60.17,9.9,4.657,4.572,4.754,5.052,5.32,3.819,3.722,3.693,3.32,4.196,3.967,3.748,2.39,1.674,0.779,4.061,4.336,5.042,1333.47,729.36,1603.27,870.42,572.964,160.856,522.316,221.047,1323.64,125.65,964.7,2018.77,1146.4,550.21,44.78,1439.38,355.68,324.283,1249.36,118.2,108.344,628.7,60.39,1406.25,4107.0,1815.5,,1526.0,103.9,102.281
2006-11-28,636.15,-0.556,4255.0,314.97,83.13,116.19,1.947,60.99,11.62,4.591,4.503,4.675,5.037,5.32,3.842,3.705,3.656,3.32,4.209,3.946,3.719,2.339,1.645,0.781,4.071,4.335,5.033,1336.93,731.395,1610.66,870.76,574.798,160.726,522.566,225.214,1308.49,122.01,975.49,1982.42,1166.1,546.16,43.9,1433.7,354.46,329.187,1254.87,118.44,108.813,637.3,61.21,1388.5,3980.0,1782.25,,1554.0,103.975,102.414
2006-12-05,643.68,-0.663,4407.0,316.43,82.51,114.96,1.974,62.43,11.27,4.573,4.442,4.508,4.979,5.35,3.821,3.68,3.647,3.32,4.195,3.936,3.695,2.244,1.615,0.81,4.07,4.321,4.972,1344.08,734.191,1619.97,878.65,580.638,161.26,526.518,227.42,1335.66,123.45,1003.31,2111.64,1242.04,560.89,46.35,1467.55,363.33,332.379,1256.94,118.54,109.344,642.3,63.32,1416.75,4013.0,1808.0,,1600.5,103.995,102.695
2006-12-12,627.81,-0.65,4270.0,310.83,82.94,117.09,1.965,61.02,10.65,4.606,4.487,4.607,4.927,5.35,3.864,3.739,3.757,3.29,4.241,3.996,3.798,2.239,1.645,0.809,4.144,4.414,5.091,1342.64,733.262,1616.9,880.71,582.311,161.671,529.514,225.404,1331.67,125.45,1028.45,2106.77,1220.14,523.9,46.45,1471.44,363.79,330.113,1263.47,118.1,109.016,627.0,61.52,1412.75,4063.0,1781.25,,1640.5,103.79,102.477
2006-12-19,621.25,-0.54,4330.0,312.46,83.45,117.94,1.967,63.15,10.3,4.719,4.591,4.709,4.948,5.35,3.983,3.864,3.835,3.59,4.362,4.13,3.883,2.23,1.653,0.809,4.222,4.506,5.188,1338.82,731.25,1607.3,880.54,582.065,161.811,529.797,222.84,1343.25,126.76,1035.24,2129.6,1206.15,541.77,47.56,1479.93,365.92,327.594,1269.07,116.89,108.328,621.6,62.81,1436.25,4132.0,1803.25,,1650.0,103.605,102.25
2006-12-26,624.75,-0.54,4397.0,306.45,84.06,119.19,1.953,61.1,11.26,4.731,4.601,4.709,4.974,5.35,4.016,3.876,3.853,3.67,4.385,4.143,3.904,2.179,1.575,0.76,4.204,4.494,5.212,1340.3,731.533,1608.98,883.32,583.352,161.865,530.36,222.265,1334.96,126.41,1055.59,2149.27,1215.45,555.13,49.1,1474.82,365.15,327.381,1266.5,116.62,108.266,623.7,61.1,1428.75,4097.0,1773.5,,1671.0,103.545,102.227
2007-01-02,640.7,-0.664,4421.0,307.26,83.27,118.82,1.974,61.05,11.56,4.785,4.682,4.791,5.036,5.322,4.046,3.937,3.882,3.69,4.424,4.179,3.912,2.265,1.685,0.802,4.216,4.514,5.216,1338.97,730.63,1603.49,884.82,584.781,162.242,529.569,222.847,1336.3,128.96,1061.9,2247.47,1252.27,567.06,53.65,1494.32,370.68,327.775,1275.78,116.35,107.594,638.0,60.44,1428.5,4206.0,1775.0,,1682.5,103.525,102.063
2007-01-09,613.0,-0.574,4617.0,289.51,84.75,119.21,1.94,55.64,11.91,4.738,4.656,4.791,5.073,5.32,4.129,4.004,3.938,3.59,4.5,4.239,3.962,2.324,1.74,0.844,4.216,4.532,5.273,1343.26,731.781,1609.3,887.5,584.142,162.625,529.25,219.691,1331.7,127.64,1067.61,2073.21,1159.33,551.83,50.88,1472.73,364.15,324.762,1271.75,115.7,107.813,615.0,55.18,1420.5,4150.0,1810.5,,1693.5,103.42,102.055
2007-01-16,626.18,-0.545,4555.0,287.21,85.06,120.65,1.962,51.21,10.74,4.84,4.749,4.859,5.077,5.32,4.168,4.04,3.95,3.5,4.514,4.259,3.981,2.354,1.744,0.839,4.295,4.611,5.405,1339.62,729.693,1603.21,889.73,585.237,163.333,529.341,218.767,1352.52,129.7,1073.07,2100.5,1172.31,574.18,51.49,1490.2,368.71,323.201,1283.46,115.43,107.234,625.9,52.26,1438.75,4189.0,1855.75,,1705.0,103.41,101.914
2007-01-23,644.3,-0.417,4360.0,296.65,84.67,121.51,1.984,55.04,10.34,4.906,4.81,4.937,5.135,5.32,4.124,4.02,3.942,3.57,4.455,4.215,3.997,2.389,1.659,0.73,4.282,4.608,5.502,1337.82,729.625,1601.62,893.61,587.759,164.091,528.865,220.68,1348.66,129.92,1090.41,2201.32,1188.79,571.3,52.2,1496.53,370.5,324.297,1288.22,115.57,106.891,645.9,55.1,1435.5,4154.0,1787.0,,1731.5,103.415,101.781
2007-01-30,645.14,-0.404,4287.0,298.3,84.99,121.64,1.962,56.97,10.96,4.978,4.871,4.958,5.125,5.32,4.235,4.11,3.999,3.57,4.594,4.331,4.016,2.445,1.715,0.726,4.412,4.722,5.475,1334.22,728.05,1596.54,893.63,586.688,163.984,526.615,218.332,1350.11,130.58,1092.79,2188.86,1176.3,577.63,51.17,1496.76,370.35,322.284,1290.54,114.82,106.453,644.2,56.39,1434.0,4213.0,1789.25,,1734.0,103.355,101.805
2007-02-06,653.15,-0.406,4291.0,301.07,84.77,120.34,1.969,58.88,10.65,4.868,4.768,4.891,5.135,5.32,4.173,4.03,3.909,3.56,4.52,4.242,3.957,2.425,1.744,0.77,4.364,4.694,5.53,1344.58,731.244,1609.97,898.28,590.184,164.57,531.577,219.405,1369.05,132.56,1093.14,2284.47,1231.21,589.0,50.9,1517.53,376.04,324.349,1302.33,115.52,107.125,653.6,58.42,1453.25,4247.0,1803.5,,1734.0,103.495,101.969
2007-02-13,663.95,-0.332,4360.0,304.48,84.69,121.26,1.945,59.06,10.34,4.899,4.81,4.933,5.156,5.32,4.235,4.125,3.982,3.54,4.591,4.35,4.017,2.42,1.744,0.775,4.39,4.695,5.408,1341.75,731.615,1606.54,901.15,591.73,164.442,531.749,218.127,1365.22,131.89,1109.32,2243.4,1178.74,570.64,50.97,1517.24,375.53,323.698,1303.3,114.76,106.797,663.9,57.03,1449.5,4248.0,1796.0,,1757.0,103.365,101.875
2007-02-20,657.03,-0.417,4359.0,303.46,84.18,120.07,1.955,58.07,10.24,4.777,4.676,4.814,5.16,5.32,4.165,4.063,3.969,3.57,4.528,4.293,4.031,2.41,1.711,0.785,4.355,4.653,5.389,1349.26,734.914,1622.62,906.95,596.253,164.999,535.507,220.693,1380.84,132.68,1126.62,2280.19,1199.46,578.24,52.43,1540.35,381.49,327.087,1310.28,115.27,107.672,657.1,57.98,1461.75,4259.0,1838.75,,1784.5,103.4,102.141
2007-02-27,683.68,-0.42,4704.0,313.26,83.46,118.65,1.965,61.46,18.31,4.632,4.513,4.585,5.104,5.32,4.072,3.965,3.897,3.57,4.448,4.198,3.96,2.293,1.645,0.816,4.251,4.544,5.33,1355.87,738.518,1637.89,906.5,596.572,164.979,535.767,224.45,1324.24,129.17,1144.95,2141.24,1192.27,548.56,51.06,1503.42,372.26,330.485,1315.4,116.15,108.781,687.2,61.36,1395.25,4164.0,1750.5,,1812.0,103.545,102.539
2007-03-06,645.03,-0.362,4921.0,306.9,84.04,116.5,1.927,60.69,15.96,4.658,4.53,4.574,5.104,5.319,4.055,3.918,3.867,3.57,4.427,4.144,3.925,2.269,1.634,0.804,4.246,4.527,5.278,1356.27,739.202,1635.12,901.93,593.033,163.508,535.633,222.948,1319.2,125.36,1068.55,2116.47,1107.74,513.48,46.93,1467.82,362.6,330.382,1282.33,116.66,108.75,646.2,61.39,1395.5,4013.0,1745.0,,1691.0,103.625,102.539
2007-03-13,645.3,-0.359,5069.0,304.52,83.71,116.56,1.932,57.93,18.13,4.656,4.493,4.505,5.052,5.32,4.055,3.905,3.921,3.52,4.43,4.14,3.956,2.284,1.614,0.794,4.271,4.543,5.255,1359.9,739.075,1638.76,905.83,596.005,164.079,537.266,223.522,1303.41,126.02,1089.34,2131.95,1136.84,527.6,48.86,1469.55,363.81,331.409,1287.32,116.28,109.063,649.4,60.9,1379.75,4018.0,1724.25,,1721.5,103.535,102.625
2007-03-20,658.2,-0.418,5172.0,304.96,83.07,116.95,1.962,56.73,13.27,4.712,4.551,4.604,5.042,5.32,4.055,3.909,3.928,3.82,4.439,4.156,3.984,2.268,1.57,0.795,4.302,4.583,5.35,1359.83,739.016,1632.56,905.68,596.968,164.008,538.769,224.776,1334.97,127.93,1080.46,2211.42,1140.0,518.45,49.38,1496.91,370.34,332.136,1282.91,116.28,108.766,659.0,60.2,1423.5,4015.0,1792.25,,1706.0,103.485,102.469
2007-03-27,662.66,-0.38,5364.0,311.85,83.01,117.89,1.966,62.93,13.48,4.798,4.599,4.56,5.042,5.32,4.199,4.022,3.981,3.81,4.573,4.258,4.035,2.36,1.646,0.822,4.433,4.707,5.412,1359.19,737.537,1628.52,907.91,599.022,164.624,540.114,224.39,1351.06,129.71,1091.53,2272.22,1198.21,533.03,50.91,1518.37,376.01,331.534,1300.01,115.34,108.391,662.5,64.6,1440.5,4082.0,1810.25,,1730.0,103.39,102.5
2007-04-03,666.45,-0.171,5439.0,313.78,83.15,118.86,1.976,64.64,13.46,4.848,4.666,4.616,5.031,5.32,4.274,4.097,4.045,3.9,4.635,4.315,4.105,2.36,1.66,0.809,4.477,4.765,5.48,1358.62,735.844,1623.98,907.64,599.283,164.668,540.893,223.571,1360.4,132.15,1078.57,2352.9,1201.68,513.1,51.76,1532.39,379.71,330.908,1295.89,114.63,108.0,664.0,67.81,1447.25,4171.0,1814.75,,1702.5,103.27,102.375
2007-04-10,678.16,-0.165,5552.0,316.44,82.704,119.09,1.972,61.89,12.68,4.904,4.72,4.692,5.0,5.32,4.308,4.128,4.077,3.86,4.658,4.331,4.134,2.364,1.69,0.824,4.495,4.78,5.441,1357.08,734.714,1621.52,908.81,600.534,164.779,541.516,223.864,1370.36,133.16,1097.41,2416.82,1236.92,536.0,53.28,1549.78,384.44,331.129,1306.79,114.38,107.578,676.5,67.42,1456.0,4229.0,1829.5,,1737.5,103.215,102.227
2007-04-17,689.58,-0.181,5601.0,313.2,81.831,119.03,2.005,63.1,12.14,4.843,4.682,4.668,4.979,5.32,4.367,4.182,4.118,3.73,4.737,4.407,4.169,2.373,1.699,0.839,4.553,4.841,5.534,1360.31,735.791,1627.78,912.99,603.454,165.402,542.861,225.476,1391.61,135.09,1086.15,2491.68,1225.48,551.86,54.96,1574.45,390.66,332.647,1315.15,113.92,107.797,688.2,65.93,1479.0,4309.0,1852.25,,1721.5,103.15,102.25
2007-04-24,684.56,-0.231,6029.0,310.84,81.546,118.61,2.001,64.58,13.12,4.806,4.622,4.592,4.958,5.32,4.322,4.163,4.12,3.83,4.687,4.396,4.173,2.335,1.68,0.851,4.525,4.809,5.518,1364.49,738.328,1636.93,918.05,607.061,165.686,546.627,226.744,1399.33,134.21,1078.93,2480.78,1206.81,569.16,54.16,1576.66,391.22,334.388,1322.4,114.07,108.328,684.2,67.16,1488.5,4307.0,1870.25,,1703.0,103.145,102.633
2007-05-01,674.3,-0.225,6255.0,311.58,81.595,119.81,1.999,64.4,13.51,4.815,4.638,4.624,4.875,5.32,4.291,4.149,4.128,3.83,4.657,4.373,4.185,2.275,1.615,0.854,4.532,4.817,5.55,1364.06,738.539,1636.14,919.09,607.266,165.828,546.247,226.843,1404.19,134.65,1069.57,2456.71,1178.68,563.52,53.18,1575.91,390.68,333.967,1329.06,114.15,108.219,677.3,67.0,1492.75,4341.0,1885.75,,1693.5,103.14,102.516
2007-05-08,687.0,-0.188,6395.0,308.9,81.939,119.9,1.99,62.26,13.21,4.802,4.636,4.667,4.875,5.32,4.35,4.195,4.168,3.83,4.708,4.408,4.222,2.315,1.656,0.86,4.551,4.842,5.582,1366.31,739.678,1638.85,921.77,607.934,166.139,546.646,225.686,1424.21,135.74,1095.16,2535.83,1179.05,560.63,55.0,1596.11,396.07,333.218,1334.31,113.8,108.266,687.4,65.54,1512.25,4375.0,1905.5,,1734.0,103.075,102.453
2007-05-15,672.45,-0.155,6688.0,310.48,81.755,120.26,1.986,63.17,14.01,4.875,4.704,4.727,4.813,5.32,4.443,4.299,4.246,3.68,4.799,4.512,4.307,2.329,1.684,0.89,4.585,4.884,5.579,1362.94,739.082,1633.34,924.1,609.301,166.36,545.933,224.485,1417.69,135.83,1084.54,2579.46,1129.39,566.74,57.18,1594.41,395.66,332.657,1336.87,112.94,107.688,674.5,68.11,1508.5,4402.0,1883.5,,1716.0,102.93,102.289
2007-05-22,660.95,-0.149,6471.0,311.42,82.386,121.56,1.975,64.97,13.06,4.98,4.826,4.832,4.84,5.32,4.471,4.338,4.301,3.83,4.824,4.545,4.368,2.284,1.644,0.881,4.573,4.892,5.653,1359.08,736.641,1624.28,925.62,609.593,166.818,546.043,223.21,1439.54,137.03,1098.31,2738.72,1147.13,591.55,57.33,1607.11,399.39,330.415,1343.1,112.69,106.875,659.9,69.52,1525.25,4460.0,1920.25,,1734.0,102.86,102.086
2007-05-29,656.65,-0.066,6123.0,307.47,82.31,121.68,1.982,63.15,13.53,5.017,4.884,4.896,4.797,5.32,4.509,4.402,4.363,3.83,4.856,4.6,4.434,2.373,1.759,0.958,4.62,4.941,5.724,1356.87,735.722,1621.2,926.14,609.468,167.032,544.222,223.06,1433.87,137.32,1102.07,2706.39,1074.19,594.02,56.11,1605.75,398.7,329.695,1347.93,112.17,106.5,657.2,68.13,1522.5,4475.0,1906.5,,1737.0,102.745,101.977
2007-06-05,670.3,-0.065,6023.0,314.64,81.89,121.29,1.994,65.61,13.63,5.087,4.993,5.0,4.816,5.32,4.59,4.496,4.45,3.8,4.924,4.684,4.501,2.405,1.84,1.0,4.695,5.02,5.784,1352.25,733.325,1614.29,925.71,609.027,167.143,542.234,222.758,1446.75,138.19,1127.41,2810.56,1143.48,593.51,57.93,1624.57,403.98,329.101,1362.25,111.47,105.844,669.6,70.45,1533.75,4517.0,1936.0,,1779.5,102.62,101.727
2007-06-12,649.58,-0.098,5538.0,309.71,82.891,121.77,1.975,65.35,16.67,5.402,5.295,5.094,4.722,5.32,4.736,4.611,4.503,3.82,5.078,4.801,4.538,2.469,1.935,1.075,4.818,5.144,5.825,1336.33,726.153,1588.85,915.02,599.951,166.357,531.536,219.255,1410.5,134.85,1110.58,2711.23,1119.35,576.75,57.69,1578.06,392.7,324.421,1351.25,110.44,104.516,648.5,68.79,1493.0,4389.0,1893.25,,1755.5,102.46,101.555
2007-06-19,661.6,0.004,5310.0,317.82,82.544,123.39,1.989,69.1,12.85,5.195,5.083,4.933,4.67,5.32,4.769,4.62,4.453,4.07,5.134,4.83,4.502,2.53,1.935,1.038,4.843,5.078,5.74,1350.59,729.152,1606.71,917.45,603.748,166.372,538.507,221.253,1449.01,138.18,1129.58,2915.83,1191.0,584.79,62.15,1619.85,403.82,326.02,1362.78,110.38,105.516,660.7,71.84,1549.0,4566.0,1967.0,,1783.0,102.525,101.742
2007-06-26,640.3,0.062,6105.0,310.73,82.295,123.43,2.0,67.77,18.89,5.199,5.08,4.864,4.805,5.32,4.72,4.602,4.439,4.06,5.088,4.813,4.508,2.514,1.889,1.006,4.849,5.085,5.772,1348.02,729.62,1604.15,911.07,599.568,165.824,534.326,222.018,1410.3,135.8,1120.72,2786.59,1192.72,591.95,62.93,1587.83,396.2,326.878,1358.62,110.59,105.266,642.1,70.17,1497.75,4467.0,1925.5,,1765.5,102.55,101.836
2007-07-03,653.81,0.125,6302.0,316.64,81.486,122.31,2.018,71.41,14.92,5.139,5.039,4.875,4.95,5.32,4.674,4.562,4.446,4.14,5.064,4.787,4.526,2.494,1.878,1.045,4.837,5.072,5.743,1351.17,731.777,1611.06,908.54,599.719,165.014,536.419,224.149,1440.7,138.02,1130.44,2949.91,1229.09,604.65,65.17,1624.39,405.79,329.46,1357.25,110.85,105.594,655.4,72.93,1536.25,4545.0,1985.0,,1786.0,102.53,101.891
2007-07-10,663.4,0.061,6301.0,323.04,80.86,122.29,2.023,72.81,17.57,5.118,5.023,4.832,4.941,5.32,4.683,4.589,4.473,4.06,5.075,4.817,4.544,2.583,1.968,1.08,4.797,5.041,5.74,1351.68,732.622,1613.38,905.17,598.446,164.464,535.674,225.569,1427.06,137.49,1135.34,2987.66,1241.19,611.18,68.09,1622.9,406.4,330.5,1375.45,110.66,105.625,664.4,76.4,1520.0,4505.0,1992.0,,1790.0,102.5,101.945
2007-07-17,666.1,0.032,6637.0,318.59,80.54,122.32,2.046,74.02,15.63,5.138,5.051,4.874,4.961,5.32,4.696,4.596,4.511,4.07,5.105,4.849,4.588,2.583,1.931,1.051,4.834,5.077,5.8,1349.63,732.802,1608.86,906.94,599.782,163.878,536.732,225.875,1464.0,138.69,1129.13,3165.82,1302.5,625.81,68.22,1651.86,413.79,331.008,1384.74,110.54,105.344,665.9,75.53,1558.75,4562.0,2060.75,,1775.5,102.425,101.898
2007-07-24,683.76,-0.025,6720.0,317.89,80.077,120.75,2.062,73.56,18.55,5.03,4.911,4.736,5.003,5.32,4.545,4.431,4.395,4.07,4.948,4.693,4.496,2.538,1.871,1.02,4.655,4.899,5.682,1354.75,735.263,1616.34,890.15,591.555,162.714,534.43,229.344,1427.55,135.6,1122.11,3119.95,1289.36,640.68,70.65,1622.69,407.75,334.29,1376.89,112.01,106.344,684.8,75.08,1522.5,4435.0,2025.5,,1768.0,102.645,102.164
2007-07-31,665.15,-0.036,6967.0,324.1,80.77,119.22,2.036,78.21,23.52,4.902,4.741,4.517,4.941,5.32,4.459,4.347,4.299,4.06,4.903,4.659,4.43,2.46,1.8,0.986,4.593,4.831,5.559,1360.23,737.102,1616.35,877.13,580.931,159.753,528.028,229.743,1374.91,132.48,1082.58,2976.58,1257.93,629.81,69.7,1565.81,393.34,334.517,1335.42,112.75,107.422,666.9,77.05,1462.0,4328.0,1945.75,,1706.5,102.83,102.609
2007-08-07,670.95,-0.114,6966.0,312.76,80.479,118.52,2.023,72.42,21.56,4.927,4.77,4.558,4.93,5.33,4.462,4.345,4.302,4.05,4.889,4.637,4.425,2.385,1.73,0.976,4.582,4.824,5.589,1366.35,734.914,1618.7,881.36,583.953,160.234,531.911,230.04,1394.71,130.26,1055.99,2882.69,1231.31,603.5,63.88,1563.85,391.19,336.164,1327.6,112.76,107.563,670.6,71.8,1482.5,4293.0,1974.0,,1659.5,102.825,102.594
2007-08-14,669.83,-0.119,7143.0,311.27,81.489,118.02,2.0,72.38,27.68,4.988,4.726,4.363,4.628,5.611,4.505,4.36,4.2,4.14,4.914,4.63,4.328,2.429,1.704,0.955,4.582,4.82,5.507,1364.23,731.659,1620.82,886.98,585.231,160.753,531.49,228.269,1348.26,127.72,1041.19,2642.21,1206.13,606.37,64.85,1517.38,379.81,334.639,1305.46,112.74,107.875,668.6,70.51,1434.25,4211.0,1914.75,,1638.5,103.035,102.828
2007-08-21,655.57,-0.133,7243.0,299.77,81.492,114.32,1.982,69.47,25.25,4.948,4.592,4.024,3.601,5.501,4.473,4.23,3.863,4.0,4.918,4.54,4.001,2.34,1.568,0.849,4.471,4.686,5.284,1372.92,727.072,1624.36,883.26,580.579,159.249,526.308,229.621,1366.43,126.46,984.78,2507.62,1141.44,564.57,63.91,1513.31,377.25,337.719,1275.27,113.75,109.078,656.7,68.69,1450.25,4186.0,1919.75,,1549.0,103.58,103.164
2007-08-28,665.7,-0.049,7381.0,304.44,80.756,114.83,2.007,71.73,26.3,4.84,4.508,4.068,4.327,5.503,4.461,4.228,3.981,3.93,4.872,4.531,4.125,2.373,1.625,0.885,4.5,4.722,5.369,1379.97,728.734,1632.94,889.04,585.541,159.734,531.075,231.228,1352.68,127.21,1007.23,2674.28,1175.92,600.76,72.53,1520.88,381.0,339.513,1303.55,113.85,109.5,664.4,70.55,1438.25,4180.0,1907.75,,1585.0,103.415,103.258
2007-09-04,681.44,-0.007,7907.0,311.2,80.88,116.13,2.014,75.08,22.78,4.83,4.549,4.124,4.406,5.765,4.526,4.275,4.058,4.29,4.938,4.557,4.222,2.375,1.624,0.86,4.548,4.766,5.411,1375.98,734.49,1629.28,891.04,587.035,159.571,535.02,230.823,1407.81,132.46,1014.68,2908.9,1199.06,625.17,74.54,1572.91,394.19,337.856,1310.37,113.43,109.531,685.2,73.92,1489.5,4330.0,2024.75,,1593.0,103.265,103.117
2007-09-11,712.71,-0.098,8468.0,316.97,79.704,114.16,2.03,78.23,25.27,4.653,4.37,3.941,4.088,5.806,4.394,4.094,3.927,3.816,4.809,4.414,4.09,2.344,1.537,0.793,4.465,4.659,5.078,1390.79,747.127,1643.34,892.99,589.505,159.286,536.892,236.315,1390.77,128.74,974.11,2894.41,1204.32,626.34,74.46,1555.39,390.13,344.101,1309.38,114.71,110.859,714.4,76.38,1472.75,4205.0,1993.5,,1527.0,103.7,103.516
2007-09-18,714.36,-0.161,8313.0,326.79,79.209,115.78,1.999,81.51,20.35,4.755,4.474,3.974,3.995,5.503,4.461,4.219,4.044,3.662,4.862,4.516,4.222,2.349,1.535,0.787,4.532,4.716,5.197,1392.92,744.535,1635.85,900.85,595.125,159.189,542.603,235.028,1435.52,128.64,962.58,3091.74,1233.29,636.71,77.13,1579.56,396.3,342.552,1310.56,113.64,110.172,717.0,77.59,1520.0,4265.0,2035.75,,1502.5,103.335,103.492
2007-09-25,732.3,-0.131,9215.0,331.69,78.313,114.58,2.019,79.53,18.6,4.902,4.626,3.99,3.787,5.129,4.591,4.327,4.012,4.041,4.976,4.606,4.193,2.469,1.694,0.869,4.615,4.797,5.155,1385.29,743.285,1636.27,910.22,602.516,161.515,544.604,235.144,1433.75,130.24,1002.06,3293.35,1271.51,686.24,84.94,1609.75,405.31,344.74,1321.96,112.71,109.047,732.0,77.62,1529.0,4363.0,2097.5,,1572.0,103.395,103.469
2007-10-02,728.73,-0.112,9566.0,328.61,78.303,115.81,2.041,80.05,18.49,4.767,4.524,3.967,3.943,5.121,4.557,4.317,4.007,4.162,4.944,4.58,4.169,2.46,1.691,0.859,4.587,4.773,5.029,1390.65,746.545,1647.98,914.13,605.219,162.444,546.946,237.628,1462.61,133.66,1047.73,3564.69,1339.64,707.32,93.07,1650.31,417.07,345.717,1327.1,112.73,109.609,729.8,77.38,1554.5,4455.0,2135.5,,1642.0,103.38,103.5
2007-10-09,738.45,-0.089,9860.0,325.89,78.526,116.99,2.033,80.26,16.12,4.862,4.649,4.124,4.012,5.12,4.541,4.319,4.049,3.673,4.908,4.57,4.179,2.465,1.72,0.895,4.486,4.673,5.104,1387.58,745.158,1644.91,919.03,608.118,163.984,547.926,237.086,1480.24,135.39,1058.31,3668.48,1373.07,741.95,91.09,1667.34,421.51,344.545,1336.12,112.68,108.672,737.4,77.49,1576.25,4474.0,2194.25,,1663.0,103.3,103.219
2007-10-16,758.2,-0.031,10748.0,339.33,78.251,116.69,2.032,87.61,20.02,4.903,4.649,4.125,4.244,5.045,4.685,4.436,4.197,3.83,5.043,4.683,4.286,2.469,1.704,0.89,4.644,4.842,5.274,1389.0,745.79,1648.97,922.7,610.979,164.489,550.018,235.609,1455.43,134.22,1037.7,3555.82,1377.66,774.43,98.49,1647.85,417.61,344.669,1349.23,111.7,108.797,760.2,84.16,1547.5,4439.0,2176.25,,1623.0,103.0,103.086
2007-10-23,758.44,-0.03,10944.0,335.34,77.589,114.67,2.05,85.27,20.41,4.694,4.405,3.813,3.974,4.893,4.475,4.199,3.984,4.03,4.84,4.465,4.111,2.405,1.59,0.799,4.519,4.709,5.055,1402.92,751.064,1667.14,917.72,609.293,163.389,552.263,240.411,1438.47,132.7,1001.03,3637.95,1362.29,752.4,99.47,1633.44,414.14,350.214,1343.63,113.7,110.516,759.0,82.85,1525.5,4393.0,2212.0,1287.0,1570.5,103.385,103.719
2007-10-30,784.5,-0.213,10886.0,344.19,76.773,114.9,2.068,90.38,21.07,4.674,4.381,3.805,3.953,4.753,4.459,4.187,3.954,4.033,4.851,4.481,4.125,2.474,1.619,0.775,4.497,4.683,5.047,1405.6,749.756,1669.93,917.91,611.458,163.401,555.743,243.01,1449.15,134.52,1024.6,3866.17,1428.27,806.49,104.18,1663.89,423.26,352.541,1356.53,113.79,110.656,787.8,87.44,1536.0,4476.0,2217.75,1323.9,1610.5,103.41,103.813
2007-11-06,822.1,-0.195,10605.0,355.63,76.04,114.53,2.085,96.7,21.39,4.667,4.375,3.707,3.735,4.668,4.463,4.183,3.946,4.061,4.858,4.47,4.147,2.36,1.575,0.78,4.508,4.696,4.981,1400.51,746.013,1664.71,913.72,610.101,162.789,555.725,246.522,1439.19,132.29,1001.44,3918.92,1481.84,794.57,95.32,1651.59,419.51,354.176,1360.2,113.79,110.875,823.4,93.26,1525.0,4425.0,2233.5,1320.0,1575.5,103.41,104.047
2007-11-13,799.52,-0.317,11039.0,345.53,75.881,110.28,2.073,91.17,24.1,4.615,4.265,3.541,3.454,4.653,4.45,4.127,3.855,3.944,4.839,4.409,4.089,2.295,1.49,0.765,4.453,4.626,4.732,1404.68,743.422,1664.08,903.35,603.924,160.386,552.946,248.173,1401.38,128.81,926.1,3791.02,1460.43,775.58,85.91,1601.81,405.98,357.222,1347.16,114.35,111.719,799.0,88.83,1483.25,4323.0,2066.75,1271.0,1440.5,103.595,104.305
2007-11-20,796.71,-0.299,10647.0,352.57,75.205,110.02,2.064,98.03,24.88,4.498,4.098,3.198,3.28,4.768,4.443,4.056,3.733,4.056,4.849,4.38,4.002,2.268,1.474,0.744,4.402,4.547,4.489,1406.98,748.055,1674.22,889.61,597.215,157.671,551.56,250.358,1362.51,125.46,935.33,3763.59,1435.22,793.64,87.12,1570.74,398.54,359.445,1335.21,114.72,113.156,791.4,95.49,1446.0,4296.0,2035.5,1225.2,1472.5,103.8,104.945
2007-11-27,811.73,-0.223,9897.0,347.77,75.096,108.62,2.065,94.42,26.28,4.363,3.95,3.068,3.146,4.8,4.472,4.037,3.679,4.108,4.89,4.403,3.955,2.32,1.5,0.768,4.417,4.552,4.437,1417.05,751.507,1684.12,887.94,595.336,156.566,549.162,252.172,1351.9,123.8,940.12,3438.13,1426.58,792.2,84.4,1561.93,395.11,361.765,1325.03,115.08,113.953,814.0,92.52,1426.5,4241.0,2032.5,1196.2,1485.0,103.925,105.102
2007-12-04,803.55,-0.298,10285.0,340.08,75.694,109.87,2.058,88.32,23.79,4.356,3.894,2.872,3.043,5.246,4.458,4.026,3.786,4.038,4.873,4.39,4.007,2.269,1.415,0.72,4.387,4.522,4.428,1427.39,754.813,1675.78,897.3,601.046,157.997,554.019,251.372,1384.49,126.88,962.37,3724.26,1472.2,813.75,89.67,1593.08,404.26,361.24,1331.55,115.18,114.656,801.3,89.53,1463.25,4351.0,2062.25,1240.0,1512.0,103.73,105.313
2007-12-11,811.25,-0.168,9929.0,346.83,76.222,111.76,2.039,90.02,23.59,4.466,3.971,2.919,2.898,5.232,4.598,4.24,3.899,3.789,4.977,4.547,4.161,2.4,1.59,0.745,4.458,4.623,4.473,1421.59,753.556,1667.81,905.14,604.316,157.576,554.467,247.195,1399.7,130.42,996.79,3918.18,1557.52,845.36,90.9,1619.77,411.45,357.378,1337.57,113.74,114.391,811.4,89.99,1478.0,4458.0,2090.0,1239.0,1568.0,103.585,105.172
2007-12-18,802.17,-0.016,9751.0,347.05,77.412,113.21,2.014,90.49,22.64,4.535,4.12,3.191,3.032,4.965,4.585,4.285,4.032,3.852,4.967,4.602,4.185,2.385,1.544,0.721,4.461,4.654,4.612,1421.06,753.086,1661.29,900.19,600.277,158.069,553.73,244.974,1377.23,125.93,933.88,3624.89,1513.16,799.3,80.96,1556.84,394.0,353.41,1323.53,113.18,113.641,803.0,90.12,1455.75,4317.0,2029.25,1180.5,1467.5,103.345,104.828
2007-12-25,807.0,-0.11,9143.0,354.75,77.597,114.12,1.978,94.13,18.6,4.615,4.214,3.242,3.301,4.855,4.607,4.302,3.964,3.882,4.963,4.616,4.157,2.409,1.59,0.75,4.38,4.546,4.477,1416.83,752.169,1656.55,898.07,599.579,157.308,554.834,243.889,1417.29,127.52,954.77,3807.54,1542.02,831.77,86.59,1592.4,403.78,352.217,1325.46,112.95,112.094,812.8,92.7,1506.5,4398.63,2148.0,1261.8,1505.0,103.325,104.742
2008-01-01,833.7,-0.123,9143.0,358.71,76.648,111.42,1.987,95.98,22.5,4.452,4.025,3.046,3.321,4.6,4.602,4.302,3.964,3.618,4.999,4.648,4.159,2.335,1.51,0.715,4.302,4.466,4.36,1429.28,754.956,1674.29,900.54,602.182,157.292,556.463,247.689,1390.91,127.43,941.63,3867.16,1536.37,856.48,85.53,1588.8,403.26,357.535,1330.62,113.11,113.391,838.0,93.85,1477.25,4435.0,2104.75,1233.1,1470.0,103.355,105.125
2008-01-08,879.06,-0.086,8730.0,368.17,76.111,109.38,1.973,96.33,25.43,4.31,3.784,2.678,3.208,4.441,4.529,4.153,3.826,4.087,4.948,4.493,4.048,2.329,1.47,0.68,4.324,4.454,4.304,1443.22,763.118,1687.64,889.26,598.04,155.681,559.27,250.067,1315.83,123.7,895.66,3760.79,1533.88,883.27,83.14,1526.91,388.39,361.832,1322.42,114.68,115.156,880.3,95.54,1397.0,4333.0,1928.5,1199.5,1401.0,103.665,105.719
2008-01-15,898.56,-0.068,7336.0,365.57,75.574,107.09,1.967,91.9,23.34,4.273,3.677,2.476,3.146,4.081,4.462,4.024,3.651,3.883,4.885,4.386,3.88,2.349,1.43,0.615,4.324,4.424,4.234,1452.59,768.478,1691.8,886.17,596.101,152.516,559.4,253.375,1306.13,117.51,862.79,3596.38,1561.13,865.34,79.18,1494.11,380.13,366.535,1314.23,115.81,116.094,902.6,90.98,1388.0,4176.0,1912.0,1182.7,1348.5,103.995,106.125
2008-01-22,892.53,-0.181,6437.0,356.81,76.346,106.87,1.961,89.85,31.01,4.194,3.435,1.993,2.269,3.903,4.504,3.992,3.386,3.968,4.932,4.374,3.599,2.279,1.325,0.538,4.381,4.49,4.271,1461.86,771.963,1697.66,873.29,586.794,149.341,557.844,252.388,1239.99,110.36,777.59,3246.75,1290.3,688.16,63.99,1391.49,351.34,365.55,1290.4,116.07,117.828,890.3,88.45,1309.25,3789.0,1801.0,1091.1,1213.0,104.435,106.711
2008-01-29,922.74,-0.177,5615.0,367.2,75.545,106.95,1.986,91.64,27.32,4.355,3.679,2.286,2.28,3.281,4.506,3.994,3.472,4.015,4.94,4.38,3.695,2.389,1.475,0.552,4.424,4.557,4.447,1454.17,765.15,1693.26,888.47,595.484,150.841,559.174,254.104,1290.05,113.35,845.44,3523.56,1352.79,754.71,70.49,1458.25,368.63,366.092,1290.07,116.09,116.531,925.1,92.0,1362.0,3828.0,1812.0,1114.0,1328.0,104.295,106.359
2008-02-05,896.12,-0.204,6032.0,363.8,76.116,106.88,1.962,88.41,28.24,4.326,3.572,1.915,2.157,3.181,4.354,3.846,3.257,4.114,4.791,4.229,3.453,2.351,1.48,0.613,4.303,4.424,4.169,1458.78,768.179,1702.14,888.98,594.669,150.428,560.025,254.389,1266.77,111.39,861.4,3644.48,1316.77,772.22,74.65,1436.18,364.58,366.714,1310.0,117.38,117.438,885.9,88.82,1343.25,3731.0,1785.0,1098.2,1357.5,104.745,106.898
2008-02-12,906.29,-0.257,6712.0,375.38,76.315,107.35,1.961,92.78,26.33,4.458,3.66,1.913,2.28,3.139,4.465,3.945,3.123,4.0,4.932,4.33,3.381,2.335,1.405,0.56,4.502,4.628,4.265,1454.42,766.923,1688.25,875.61,585.883,147.173,556.451,251.777,1278.27,112.96,817.94,3727.62,1343.23,683.07,68.63,1438.12,364.05,364.654,1305.19,116.46,116.891,907.4,92.86,1349.75,3816.0,1790.0,1119.6,1278.0,104.85,106.875
2008-02-19,927.1,-0.313,7319.0,395.25,75.998,107.55,1.95,100.01,25.59,4.665,3.898,2.067,2.218,3.114,4.506,3.994,3.178,4.008,4.969,4.379,3.44,2.354,1.474,0.595,4.545,4.677,4.238,1434.82,758.804,1668.57,875.02,586.321,147.163,555.135,251.121,1278.24,113.27,857.77,3808.86,1391.53,744.16,74.36,1453.42,369.42,363.725,1312.88,116.21,115.625,926.6,98.56,1355.5,3816.0,1781.5,1156.2,1346.0,104.835,106.625
2008-02-26,946.29,-0.293,7312.0,405.47,74.763,107.51,1.981,100.88,21.9,4.656,3.862,2.0,2.095,3.124,4.597,4.074,3.387,4.008,5.104,4.503,3.608,2.353,1.485,0.628,4.565,4.729,4.321,1434.72,746.853,1669.76,880.86,590.781,148.775,557.537,252.807,1309.42,115.31,860.25,4062.75,1413.97,736.72,71.62,1487.42,377.75,364.779,1320.79,115.41,115.953,946.1,99.47,1382.75,3863.0,1796.75,1194.5,1356.5,104.435,106.703
2008-03-04,965.92,-0.295,7993.0,408.85,73.664,102.81,1.984,99.52,25.52,4.507,3.626,1.655,1.644,3.086,4.443,3.806,3.191,4.041,4.991,4.324,3.47,2.28,1.374,0.561,4.34,4.476,4.012,1442.78,739.117,1683.65,874.93,589.298,147.089,558.682,261.522,1257.76,108.38,804.87,3945.99,1361.79,670.14,69.47,1432.95,364.16,374.133,1325.39,117.75,118.578,966.3,97.52,1327.0,3615.0,1742.5,1127.7,1264.0,104.805,107.484
2008-03-11,971.81,-0.343,8560.0,415.45,73.277,103.14,2.007,108.75,26.36,4.508,3.594,1.74,1.469,2.935,4.463,3.789,3.332,4.047,5.062,4.395,3.64,2.349,1.336,0.56,4.34,4.463,3.773,1435.9,749.122,1660.66,868.1,585.561,146.457,557.382,263.123,1251.23,107.46,783.69,3847.99,1384.56,662.79,67.25,1420.86,360.78,373.748,1313.43,117.47,118.703,976.0,105.25,1324.0,3615.0,1750.5,1155.6,1229.5,105.04,107.18
2008-03-18,1003.86,-0.43,7893.0,404.77,71.571,98.63,2.025,109.42,25.79,4.349,3.485,1.599,0.876,2.559,4.507,3.761,3.117,4.026,5.088,4.366,3.598,2.474,1.321,0.579,4.382,4.523,3.758,1460.21,749.95,1664.04,860.99,583.54,144.694,558.454,267.376,1260.68,105.02,736.15,3766.61,1346.2,603.56,59.03,1424.58,359.64,382.031,1302.56,117.59,120.703,1004.3,105.56,1332.5,3558.0,1764.75,1109.0,1152.5,105.085,107.352
2008-03-25,936.35,-0.438,7619.0,389.77,72.276,100.31,2.001,101.22,25.72,4.303,3.507,1.768,1.275,2.606,4.484,3.883,3.471,4.133,4.915,4.42,3.875,2.28,1.26,0.575,4.396,4.585,4.026,1460.38,749.42,1669.77,873.85,588.745,145.469,559.878,262.81,1282.82,107.05,786.62,3655.52,1332.21,655.47,62.79,1448.57,366.43,378.637,1280.92,116.25,118.531,935.0,100.6,1351.5,3552.0,1826.0,1123.3,1243.0,104.425,106.922
2008-04-01,886.56,-0.353,7890.0,384.93,72.563,101.73,1.977,100.98,22.68,4.399,3.56,1.79,1.388,2.703,4.564,3.974,3.498,4.065,4.99,4.439,3.845,2.448,1.36,0.59,4.434,4.627,3.976,1460.16,748.436,1663.22,874.99,589.084,146.758,557.664,261.427,1299.18,110.24,777.35,3733.34,1366.43,634.6,65.71,1467.76,371.15,376.127,1292.0,115.34,117.719,882.9,100.17,1370.5,3674.0,1857.75,1165.9,1236.0,104.35,106.82
2008-04-08,913.8,-0.38,7754.0,399.06,72.232,102.54,1.968,108.5,22.36,4.379,3.558,1.871,1.367,2.724,4.558,4.021,3.544,3.942,5.015,4.511,3.898,2.369,1.335,0.58,4.479,4.678,4.02,1465.47,755.738,1679.77,890.57,599.482,149.709,562.224,261.098,1296.65,111.32,813.48,3975.51,1387.86,634.07,70.41,1486.77,376.9,377.424,1300.3,114.96,117.469,914.0,106.34,1371.0,3724.0,1854.75,1168.0,1284.0,104.23,106.75
2008-04-15,929.53,-0.423,7957.0,415.36,72.023,101.5,1.963,113.79,22.78,4.441,3.602,1.864,1.132,2.713,4.519,3.964,3.492,3.973,5.009,4.497,3.879,2.416,1.353,0.61,4.435,4.628,3.929,1462.26,763.324,1676.86,889.5,599.964,149.32,564.607,262.791,1267.36,108.2,796.78,3958.59,1392.51,658.94,67.96,1456.9,370.08,379.112,1300.71,115.53,117.406,928.7,111.31,1336.0,3604.0,1796.75,1153.6,1252.5,104.345,106.836
2008-04-22,922.2,-0.358,8550.0,422.11,71.329,102.76,1.996,119.37,20.87,4.444,3.693,2.189,1.265,2.898,4.653,4.148,3.901,3.921,5.114,4.63,4.204,2.434,1.478,0.688,4.542,4.773,4.446,1463.1,761.439,1678.11,903.11,607.702,151.588,563.067,261.705,1307.05,110.2,833.86,4187.64,1419.77,690.0,71.89,1503.29,381.95,377.615,1311.03,113.76,116.25,922.3,115.95,1380.75,3661.0,1895.0,1187.6,1312.5,103.56,106.023
2008-04-29,874.58,-0.362,9273.0,411.62,72.895,103.68,1.972,115.63,20.24,4.551,3.821,2.35,1.459,2.863,4.658,4.138,3.762,4.056,5.097,4.601,4.069,2.475,1.63,0.835,4.513,4.761,4.452,1461.01,758.676,1678.79,908.29,608.457,153.569,562.493,258.663,1320.09,112.1,865.99,3947.93,1390.76,716.91,75.9,1510.02,383.11,373.181,1311.13,114.05,115.391,876.8,113.43,1391.25,3731.0,1939.0,1174.5,1361.0,103.845,105.758
2008-05-06,878.83,-0.282,9855.0,418.54,72.999,104.74,1.973,121.84,18.21,4.663,3.918,2.385,1.623,2.698,4.614,4.133,3.767,4.082,5.029,4.576,4.05,2.505,1.65,0.765,4.502,4.761,4.421,1465.59,758.989,1681.09,915.22,613.014,155.106,566.486,259.568,1346.38,114.12,876.14,4424.25,1419.36,715.11,77.34,1537.27,390.54,373.046,1313.22,113.98,114.844,877.7,120.31,1420.75,3796.0,1999.0,1237.0,1375.5,103.815,105.75
2008-05-13,869.48,-0.247,10354.0,424.75,73.273,104.55,1.948,125.8,17.98,4.638,3.915,2.47,1.818,2.529,4.619,4.094,3.812,3.793,5.099,4.56,4.115,2.417,1.59,0.764,4.505,4.788,4.521,1460.31,762.913,1678.33,912.59,610.698,154.93,564.67,259.65,1334.27,113.76,864.31,4471.33,1533.4,685.03,74.31,1526.12,387.67,372.65,1316.18,114.35,114.922,869.6,124.1,1404.75,3773.0,2006.0,1207.3,1364.5,103.705,105.508
2008-05-20,921.9,-0.16,11793.0,427.23,72.405,103.71,1.971,129.07,17.58,4.529,3.776,2.298,1.859,2.451,4.665,4.19,3.995,3.999,5.102,4.626,4.237,2.485,1.649,0.821,4.516,4.847,4.794,1474.46,768.291,1696.42,920.82,617.432,156.369,568.432,262.345,1344.87,114.0,889.31,4721.36,1617.64,707.35,73.93,1547.88,393.6,375.337,1325.75,113.58,115.969,920.2,127.84,1417.5,3813.0,2009.5,1232.7,1402.0,103.39,105.844
2008-05-27,909.05,-0.145,11269.0,425.24,72.338,104.08,1.975,128.85,19.64,4.641,3.921,2.501,1.889,2.383,4.737,4.306,4.209,4.024,5.19,4.753,4.403,2.554,1.769,0.858,4.563,4.919,5.016,1465.44,766.414,1674.41,913.96,614.046,155.419,566.295,261.537,1318.06,110.94,867.82,4529.06,1571.66,665.14,70.11,1512.95,384.21,373.295,1326.93,112.7,114.813,907.9,128.31,1384.75,3708.0,1993.0,1194.9,1368.0,103.005,105.508
2008-06-03,882.55,-0.314,11503.0,419.73,73.24,105.23,1.964,124.31,20.24,4.621,3.896,2.398,1.844,2.456,4.842,4.427,4.365,4.114,5.288,4.881,4.556,2.51,1.72,0.87,4.663,5.004,4.993,1464.35,766.297,1683.82,912.9,612.425,154.695,568.474,258.684,1313.45,112.19,894.19,4517.55,1583.32,649.63,70.58,1509.23,383.32,370.042,1327.02,111.61,115.672,881.6,124.58,1378.5,3743.0,1998.25,1188.1,1402.0,102.745,105.781
2008-06-10,869.76,-0.304,11409.0,432.52,73.696,107.23,1.954,131.31,23.18,4.699,4.105,2.921,2.008,2.448,4.758,4.52,4.658,3.963,5.301,5.072,4.903,2.515,1.809,0.949,4.669,5.027,5.37,1440.77,762.819,1664.71,913.84,611.847,152.809,566.116,258.176,1295.91,107.18,877.41,4319.01,1513.98,606.6,66.46,1469.13,372.35,365.263,1330.63,111.17,113.734,867.9,131.02,1356.25,3580.0,1973.25,1146.9,1383.5,102.37,104.891
2008-06-17,884.15,-0.211,9413.0,451.18,73.514,107.96,1.957,134.01,21.13,4.768,4.199,2.89,1.977,2.481,4.765,4.609,4.65,4.022,5.307,5.149,4.925,2.614,1.844,0.929,4.683,5.054,5.366,1438.81,757.297,1655.56,913.44,610.825,153.074,562.43,258.087,1290.75,107.06,890.87,4430.99,1562.15,637.69,65.29,1468.74,372.48,364.12,1324.76,110.2,113.063,884.3,133.72,1351.0,3558.0,1976.5,1133.5,1406.0,102.19,104.867
2008-06-24,888.79,-0.216,9139.0,454.61,73.241,107.88,1.971,137.0,22.42,4.636,4.084,2.834,1.833,2.483,4.785,4.602,4.539,3.988,5.369,5.149,4.846,2.455,1.706,0.858,4.695,5.07,5.319,1445.74,750.578,1659.5,897.28,601.658,150.234,559.723,260.912,1254.54,102.31,855.69,4193.67,1481.8,570.82,62.83,1421.08,359.82,366.739,1323.81,110.58,112.938,889.2,136.46,1315.5,3434.0,1911.5,1105.0,1351.5,102.41,105.07
2008-07-01,944.5,-0.239,9379.0,467.57,72.369,105.69,1.995,140.97,23.65,4.549,4.004,2.648,1.864,2.463,4.827,4.607,4.574,3.706,5.456,5.151,4.915,2.463,1.68,0.835,4.729,5.097,5.203,1454.25,757.398,1657.22,884.61,594.178,147.62,553.86,264.77,1227.0,99.0,835.78,4160.88,1443.92,523.98,62.15,1392.58,352.56,369.507,1315.5,110.4,113.875,944.5,140.67,1286.25,3321.0,1869.0,1072.2,1322.0,102.305,105.578
2008-07-08,920.49,-0.218,9147.0,448.05,73.012,107.43,1.968,136.04,23.15,4.45,3.884,2.475,1.854,2.461,4.74,4.413,4.397,3.941,5.351,4.949,4.735,2.379,1.624,0.835,4.59,4.925,4.898,1460.22,762.857,1668.03,878.31,589.416,143.878,554.56,265.599,1213.3,97.65,813.69,3871.57,1397.08,536.99,59.62,1365.94,344.85,370.695,1302.42,112.14,115.234,923.3,136.43,1273.75,3313.0,1868.5,1044.3,1278.5,102.695,105.5
2008-07-15,972.36,-0.227,9150.0,449.49,71.872,104.9,2.003,138.74,28.54,4.458,3.821,2.365,1.333,2.46,4.751,4.385,4.308,4.273,5.335,4.942,4.631,2.39,1.555,0.766,4.568,4.89,4.866,1467.11,767.146,1664.84,872.24,587.621,144.003,554.018,269.434,1159.81,93.24,792.69,3900.79,1388.68,511.62,60.56,1323.97,335.2,376.523,1298.56,112.42,115.422,978.7,138.75,1211.5,3171.0,1799.0,1006.1,1253.0,102.845,105.695
2008-07-22,946.69,-0.026,8904.0,421.16,72.446,107.28,1.991,127.95,21.18,4.659,4.101,2.716,1.537,2.461,4.872,4.641,4.593,4.281,5.412,5.152,4.871,2.474,1.62,0.787,4.634,4.982,5.039,1438.64,757.171,1632.82,879.95,592.171,144.736,557.311,264.102,1216.69,98.15,815.77,3815.72,1352.58,561.67,63.63,1377.58,347.95,369.749,1282.41,110.21,113.469,948.5,129.55,1274.25,3350.0,1824.0,1036.0,1292.5,102.34,105.055
2008-07-29,917.99,0.012,8434.0,411.52,73.309,108.15,1.98,122.19,22.03,4.624,4.04,2.621,1.711,2.463,4.769,4.477,4.344,4.292,5.314,5.021,4.657,2.415,1.55,0.785,4.556,4.885,4.876,1448.16,756.603,1643.45,876.63,589.736,145.621,558.606,261.584,1202.88,97.74,810.48,3713.43,1202.8,550.27,62.18,1353.23,341.74,369.115,1276.38,111.64,114.109,916.5,122.71,1261.75,3344.0,1842.0,1027.3,1280.5,102.79,105.313
2008-08-05,880.44,0.058,8100.0,398.41,73.881,108.25,1.953,119.17,21.14,4.641,4.019,2.547,1.731,2.461,4.638,4.31,4.25,4.289,5.187,4.851,4.559,2.38,1.54,0.76,4.528,4.836,4.746,1447.77,757.716,1648.12,872.14,586.448,143.99,558.93,262.033,1220.88,99.51,788.37,3569.63,1146.1,600.19,60.79,1360.74,342.81,369.345,1276.25,112.9,114.703,878.6,117.7,1283.0,3395.0,1869.0,1000.9,1246.5,102.94,105.523
2008-08-12,807.61,0.151,6992.0,384.0,76.152,109.78,1.899,113.01,21.17,4.533,3.9,2.422,1.854,2.464,4.637,4.23,4.046,4.295,5.178,4.76,4.336,2.26,1.461,0.71,4.405,4.724,4.668,1450.14,762.595,1658.64,878.17,586.282,145.844,559.114,258.977,1226.15,101.92,806.06,3352.54,1172.04,608.58,57.73,1357.05,341.34,364.627,1262.7,113.8,115.719,808.2,111.15,1291.5,3445.0,1944.75,970.0,1273.0,103.31,105.75
2008-08-19,810.91,0.178,7543.0,388.51,76.839,109.77,1.867,114.53,21.28,4.462,3.834,2.295,1.793,2.471,4.635,4.165,3.975,4.292,5.194,4.799,4.309,2.294,1.441,0.68,4.427,4.724,4.558,1459.04,767.156,1658.52,878.26,585.957,146.231,560.851,257.271,1205.61,97.74,782.55,3277.72,1076.53,582.62,54.88,1314.42,330.28,363.365,1258.45,114.33,116.266,811.1,113.25,1268.5,3292.0,1919.25,938.3,1234.5,103.445,106.047
2008-08-26,821.8,0.145,7115.0,398.13,77.251,109.8,1.837,116.27,20.49,4.387,3.776,2.324,1.701,2.472,4.584,4.114,3.989,4.274,5.158,4.756,4.347,2.35,1.424,0.699,4.391,4.659,4.496,1468.88,767.477,1662.02,877.79,585.527,145.834,561.107,257.739,1210.29,98.79,777.23,3350.39,1021.38,581.08,57.49,1321.83,331.78,363.517,1259.47,114.65,116.781,822.2,114.63,1271.75,3310.0,1891.5,938.1,1227.5,103.38,106.055
2008-09-02,808.35,0.256,6466.0,378.55,78.061,108.77,1.783,109.71,21.99,4.355,3.735,2.254,1.68,2.486,4.541,4.141,4.091,4.355,5.117,4.776,4.385,2.309,1.469,0.733,4.41,4.653,4.456,1475.44,767.193,1666.04,881.0,587.099,146.238,562.066,253.49,1214.53,101.24,766.91,3310.9,1075.28,603.47,57.38,1328.56,332.91,362.395,1262.5,114.21,117.391,806.6,108.34,1276.5,3419.0,1851.75,924.0,1214.0,103.19,106.313
2008-09-09,787.89,0.281,5255.0,360.89,79.247,107.53,1.768,103.26,25.47,4.17,3.569,2.163,1.66,2.488,4.542,4.043,4.006,4.309,5.15,4.731,4.267,2.26,1.51,0.75,4.378,4.605,4.429,1502.65,773.552,1676.55,882.01,585.346,146.634,560.814,250.773,1161.09,97.57,752.73,2785.39,881.22,593.75,54.02,1264.91,316.37,361.995,1248.38,115.08,117.859,788.1,100.34,1226.5,3266.0,1728.75,840.4,1192.5,103.73,106.438
2008-09-16,778.75,0.147,4760.0,341.17,79.068,105.04,1.786,91.15,30.3,4.091,3.438,1.802,0.691,2.497,4.572,3.996,3.675,4.298,5.184,4.743,4.14,2.264,1.473,0.714,4.393,4.589,4.246,1501.35,764.956,1630.25,861.82,569.809,143.029,545.542,248.08,1152.59,92.0,703.25,2736.89,721.81,534.43,46.11,1228.09,304.93,362.153,1235.83,115.43,118.984,777.1,89.22,1214.25,3084.0,1726.25,806.7,1112.0,104.085,106.969
2008-09-23,888.37,0.033,4782.0,367.42,76.468,105.91,1.854,106.61,35.72,4.381,3.801,2.068,0.711,3.176,4.844,4.241,3.901,4.378,5.415,4.931,4.346,2.284,1.495,0.79,4.546,4.796,4.393,1489.45,745.035,1577.98,853.32,568.7,141.696,536.174,251.679,1129.46,93.33,738.35,2807.8,855.54,538.38,48.64,1249.66,311.5,362.368,1218.43,113.3,114.859,885.9,103.08,1187.0,3162.0,1650.5,810.5,1161.0,103.72,106.555
2008-09-30,875.55,-0.045,3217.0,345.53,79.448,106.19,1.78,100.64,39.39,4.311,3.825,1.96,0.904,3.72,4.594,4.015,3.476,4.028,5.269,4.896,4.047,2.284,1.472,0.764,4.501,4.686,4.012,1484.13,730.86,1530.7,809.78,538.905,134.656,523.076,243.809,1107.0,89.49,683.84,2652.08,815.83,508.84,45.98,1182.44,294.79,355.945,1196.0,115.07,114.625,874.2,98.17,1169.0,3062.0,1604.5,805.2,1086.0,104.38,106.719
2008-10-07,873.6,-0.144,2922.0,312.81,80.973,101.93,1.75,90.06,53.68,4.03,3.505,1.453,0.762,4.093,4.117,3.752,3.171,4.14,4.818,4.581,3.639,2.253,1.439,0.718,4.248,4.49,3.598,1498.48,731.488,1527.53,758.47,503.563,127.594,500.618,239.434,941.83,84.2,615.39,1901.19,545.39,457.89,42.73,1039.72,257.96,357.21,1148.83,117.05,117.141,878.4,84.66,1005.75,2878.0,1336.5,610.2,981.0,104.96,107.602
2008-10-14,840.95,-0.177,1809.0,296.42,81.363,102.17,1.746,78.63,55.13,4.276,4.079,1.812,0.274,4.56,4.564,4.116,3.196,3.846,5.196,4.856,3.706,2.254,1.586,0.85,4.722,5.07,3.88,1462.4,690.921,1466.75,716.18,472.411,118.332,464.492,228.692,943.53,81.29,600.76,2059.73,577.25,444.38,43.08,1022.59,254.68,349.413,1083.25,113.99,112.141,836.3,74.53,1002.25,2761.0,1366.0,648.3,980.0,104.795,106.945
2008-10-21,772.45,-0.424,1292.0,278.7,83.99,100.42,1.687,70.89,53.11,4.216,3.741,1.614,1.067,3.751,4.482,3.94,2.896,3.615,5.06,4.693,3.406,2.351,1.592,0.771,4.484,4.871,3.442,1498.67,698.562,1448.81,689.75,450.986,114.838,437.314,226.126,903.6,77.45,599.06,1811.65,476.11,414.64,37.68,972.12,239.82,347.872,1090.79,115.24,114.5,766.1,69.72,959.25,2589.0,1292.5,550.1,951.0,105.345,106.805
2008-10-28,735.54,-0.392,982.0,259.02,87.028,96.44,1.559,62.73,66.96,4.191,3.836,1.569,0.752,3.219,4.254,3.752,2.548,3.566,4.968,4.753,3.44,2.295,1.53,0.71,4.439,4.763,3.13,1463.45,723.618,1441.73,671.05,425.866,109.649,394.708,214.027,885.93,70.06,487.14,1544.02,374.56,350.24,30.25,892.19,218.29,342.247,1070.11,117.22,114.359,739.3,60.29,938.75,2326.0,1308.0,523.0,793.5,105.98,106.867
2008-11-04,760.24,-0.484,815.0,278.22,84.784,100.23,1.6,70.53,47.73,4.192,3.727,1.372,0.477,2.358,4.309,3.804,2.532,3.587,5.11,4.873,3.464,2.273,1.514,0.549,4.521,4.902,2.813,1490.99,726.736,1449.43,687.25,446.475,113.192,436.741,217.659,950.48,81.92,568.69,1965.74,545.09,410.99,36.56,1007.65,248.64,347.138,1065.5,116.68,115.125,757.3,66.44,1003.25,2753.0,1380.5,631.0,915.0,105.975,107.086
2008-11-11,733.95,-0.609,818.0,252.08,87.075,97.73,1.542,59.33,61.44,4.192,3.745,1.241,0.426,1.539,4.283,3.671,2.356,3.432,5.102,4.62,3.271,2.225,1.495,0.599,4.493,4.86,2.563,1494.32,733.323,1477.26,682.28,443.356,113.577,445.208,215.452,848.72,74.34,552.54,1731.26,464.35,379.66,37.0,906.28,224.13,346.005,1066.0,118.04,116.0,732.8,55.71,893.0,2491.0,1223.0,555.0,887.0,106.33,107.367
2008-11-18,739.41,-0.631,865.0,242.35,87.372,96.97,1.499,54.39,67.64,4.114,3.531,1.126,0.112,1.474,4.286,3.646,2.183,3.031,5.229,4.651,3.242,2.295,1.49,0.54,4.515,4.79,2.096,1501.7,738.998,1479.9,647.75,422.367,109.868,431.251,214.868,810.65,70.84,516.41,1520.15,387.42,342.83,34.51,861.51,212.01,346.208,1050.85,118.76,118.469,732.7,51.84,866.5,2385.0,1174.0,510.3,836.5,106.595,107.492
2008-11-25,816.6,-0.684,804.0,238.03,85.0,95.14,1.534,50.77,60.9,3.619,3.11,1.179,0.101,1.411,3.906,3.35,2.266,2.904,5.036,4.439,3.383,2.22,1.413,0.589,4.196,4.517,2.182,1524.89,725.894,1481.87,610.93,404.978,103.592,430.542,213.036,808.35,69.71,513.14,1527.95,437.46,331.84,34.37,863.24,212.39,354.224,1034.06,120.83,121.172,818.5,50.35,853.25,2392.0,1135.5,503.9,831.0,106.455,108.203
2008-12-02,782.18,-0.732,684.0,228.87,86.702,93.57,1.491,46.96,62.98,3.174,2.674,0.885,0.051,1.911,3.471,3.048,2.115,2.968,4.996,4.312,3.323,2.128,1.359,0.555,3.932,4.287,1.765,1524.66,723.035,1505.98,617.92,409.272,104.153,439.1,215.474,800.38,69.14,485.88,1470.81,407.3,333.74,36.19,846.74,208.73,356.199,1033.13,123.47,125.25,781.3,45.44,849.0,2359.0,1133.0,522.9,789.5,106.695,108.219
2008-12-09,778.37,-0.756,679.0,215.65,85.837,92.29,1.481,42.07,58.91,3.041,2.642,0.842,-0.015,1.825,3.636,3.233,2.297,2.894,5.123,4.54,3.397,2.229,1.404,0.591,4.038,4.365,1.903,1529.57,708.895,1516.51,612.65,407.072,102.088,443.263,214.903,837.96,71.97,504.33,1547.31,421.24,348.21,40.72,887.65,219.27,357.572,1026.07,122.17,125.906,772.4,41.53,889.5,2483.0,1217.0,544.0,819.0,106.495,108.258
2008-12-16,839.0,-0.703,828.0,226.32,80.683,90.06,1.529,43.6,52.37,2.735,2.257,0.645,-0.025,0.961,3.718,3.135,2.081,2.306,5.126,4.46,3.287,2.22,1.375,0.518,3.933,4.242,1.58,1541.86,704.687,1542.7,602.46,406.618,100.359,450.458,226.496,862.02,69.71,511.33,1728.14,453.46,381.84,41.62,917.07,227.16,370.228,1026.13,122.99,129.203,841.7,44.56,913.5,2452.0,1239.0,610.7,828.0,106.87,108.742
2008-12-23,835.22,-0.71,784.0,215.21,81.241,90.76,1.471,38.98,45.02,2.638,2.175,0.915,0.005,0.461,3.53,2.945,1.754,2.234,5.117,4.291,2.976,1.944,1.225,0.41,3.768,4.014,1.215,1541.5,728.797,1580.99,629.89,423.415,100.614,470.346,230.037,816.73,67.6,525.03,1561.36,441.08,369.49,39.8,888.31,220.11,374.499,1022.91,124.92,127.141,837.2,40.36,858.5,2394.0,1184.5,556.5,849.5,107.465,108.719
2008-12-30,869.9,-0.916,774.0,217.2,80.899,90.34,1.441,39.03,41.63,2.555,2.055,0.725,0.086,0.461,3.53,2.949,1.76,2.225,5.112,4.375,3.098,1.739,1.174,0.38,3.757,3.997,1.112,1546.5,734.443,1599.39,659.39,438.058,101.474,473.294,230.854,842.09,68.91,530.85,1639.43,399.41,372.57,40.31,915.97,226.68,377.516,1021.4,124.84,127.297,870.0,40.15,888.25,2450.0,1206.0,567.5,862.0,107.47,109.047
2009-01-06,857.6,-0.949,775.0,242.78,82.85,94.06,1.494,48.58,38.56,2.995,2.447,0.764,0.135,0.429,3.76,3.153,1.739,2.221,5.22,4.456,2.988,1.879,1.263,0.385,3.982,4.157,1.819,1560.35,742.493,1587.39,701.25,458.513,108.901,478.547,223.756,885.23,74.54,543.57,1931.49,414.11,399.75,44.41,949.69,235.81,366.521,1022.54,123.43,124.359,866.0,50.53,930.5,2576.0,1271.0,625.2,873.0,107.455,108.977
2009-01-13,825.35,-0.954,911.0,222.19,84.265,89.53,1.454,37.78,43.27,3.003,2.294,0.738,0.101,0.343,3.802,2.991,1.507,2.15,5.432,4.398,2.65,1.879,1.25,0.374,3.988,4.114,1.596,1564.44,764.827,1614.69,708.74,464.085,114.271,480.604,228.141,826.58,70.56,504.86,1730.59,405.71,347.64,37.48,889.42,220.17,369.994,1034.61,125.12,126.219,820.7,44.83,868.5,2411.0,1204.0,554.8,809.5,107.88,108.672
2009-01-20,859.95,-0.965,872.0,215.88,86.216,90.13,1.4,38.74,56.65,2.98,2.379,0.705,0.101,0.355,3.832,3.019,1.493,2.11,5.45,4.514,2.581,1.865,1.226,0.356,4.386,4.46,1.552,1559.58,766.171,1615.57,701.59,459.384,113.248,477.763,222.765,763.8,64.98,497.61,1588.31,334.36,350.2,36.88,822.61,203.94,365.161,1030.31,124.98,126.266,855.2,43.62,806.0,2200.0,1147.5,499.2,803.5,107.875,108.773
2009-01-27,901.75,-0.974,1004.0,218.76,84.426,88.88,1.417,41.58,42.25,3.244,2.529,0.801,0.13,0.409,4.025,3.26,1.665,1.204,5.5,4.846,2.65,1.955,1.274,0.403,4.511,4.584,1.492,1557.52,759.369,1609.09,699.06,458.606,110.916,481.479,223.946,801.91,65.91,497.26,1684.76,358.98,344.89,35.45,854.46,211.12,366.783,1032.12,122.72,124.719,899.5,43.73,839.25,2228.0,1185.75,531.8,808.5,107.515,108.539
2009-02-03,896.0,-0.932,1148.0,216.87,85.05,89.2,1.433,40.78,43.06,3.677,2.886,0.962,0.31,0.438,3.911,3.335,1.482,1.273,5.29,4.608,2.277,1.905,1.305,0.408,4.454,4.58,1.644,1552.27,767.195,1598.22,705.31,462.054,113.185,483.598,224.101,795.32,66.42,477.76,1740.07,336.94,351.1,36.6,843.77,208.97,364.122,1031.7,122.18,122.547,892.0,44.08,831.5,2244.0,1207.75,537.4,768.0,107.865,108.32
2009-02-10,912.45,-0.885,1974.0,218.25,85.807,90.74,1.462,37.55,46.67,3.488,2.815,0.891,0.316,0.447,3.871,3.343,1.458,1.191,5.256,4.53,2.253,1.949,1.313,0.42,4.261,4.415,1.634,1558.4,772.962,1611.76,715.07,467.566,115.304,484.226,225.459,786.29,67.76,482.35,1885.31,391.94,370.59,40.62,846.42,210.93,364.723,1035.4,122.35,123.094,913.7,44.61,827.0,2286.0,1232.5,543.1,779.5,107.93,108.477
2009-02-17,968.75,-0.782,1895.0,203.25,87.581,92.43,1.423,34.93,48.66,3.48,2.65,0.859,0.283,0.465,3.605,2.975,1.165,1.235,5.356,4.55,2.151,1.919,1.288,0.392,4.044,4.201,1.354,1563.83,773.637,1625.04,706.78,460.244,115.023,478.225,222.009,750.67,64.38,466.99,1774.45,350.48,345.91,37.66,796.67,198.25,360.756,1036.17,125.76,124.438,967.0,41.03,785.5,2124.0,1182.5,512.0,759.0,108.495,108.586
2009-02-24,965.3,-0.797,2010.0,203.83,86.895,96.61,1.44,39.96,45.49,3.492,2.797,0.973,0.297,0.474,3.7,2.988,1.284,1.295,5.318,4.504,2.162,1.927,1.274,0.407,4.136,4.294,1.46,1561.02,769.294,1584.69,688.33,451.488,113.126,477.042,219.917,735.68,60.47,449.9,1664.53,340.22,336.6,37.18,767.79,191.09,357.621,1034.46,125.69,122.859,969.1,42.5,768.75,1985.0,1163.5,513.4,734.0,108.25,108.398
2009-03-03,912.25,-0.899,2034.0,203.67,88.91,98.35,1.405,41.65,50.93,3.601,2.879,0.875,0.254,0.498,3.749,3.048,1.181,1.374,5.381,4.608,2.051,1.984,1.295,0.404,4.317,4.491,1.273,1564.58,765.245,1565.15,670.65,441.23,109.495,472.959,215.369,663.69,56.3,447.62,1539.99,334.8,322.51,34.99,705.35,176.1,352.902,1027.78,125.35,122.688,913.6,43.7,689.5,1873.0,1072.0,465.1,722.0,108.455,108.508
2009-03-10,894.08,-0.808,2298.0,207.64,88.927,98.65,1.377,45.71,44.37,3.725,3.006,1.028,0.233,0.564,3.734,3.0,1.314,1.261,5.489,4.494,2.174,1.984,1.309,0.421,4.081,3.965,1.328,1567.69,762.1,1541.23,658.13,433.531,103.007,471.581,215.245,686.31,58.03,431.71,1710.32,395.82,314.65,36.1,725.26,181.57,354.056,1027.0,124.49,122.344,895.9,43.96,716.0,1918.0,1106.0,515.9,704.0,108.055,108.391
2009-03-17,915.35,-0.784,1974.0,216.46,86.933,98.66,1.403,49.16,40.8,3.825,3.008,1.029,0.227,0.556,4.063,3.191,1.412,0.855,5.593,4.524,2.131,2.009,1.31,0.415,4.06,3.818,1.469,1571.86,756.492,1534.09,681.03,447.894,105.373,481.869,218.946,740.72,60.12,469.62,1798.4,408.86,343.84,38.88,778.58,195.0,355.822,1025.14,122.61,122.391,916.8,48.24,778.75,2010.0,1191.25,557.6,754.5,107.91,108.344
2009-03-24,924.0,-0.625,1758.0,228.8,83.858,98.08,1.472,53.98,42.93,3.639,2.703,0.908,0.206,0.522,4.019,3.149,1.396,0.92,5.422,4.45,2.037,2.005,1.269,0.408,4.257,4.099,1.27,1578.61,765.125,1560.67,695.35,459.672,108.068,492.572,230.139,767.59,62.22,503.14,1910.86,445.51,367.98,41.63,824.07,206.7,364.738,1027.96,123.04,124.188,923.8,53.5,803.5,2057.0,1236.25,583.0,804.5,107.955,108.672
2009-03-31,919.9,-0.391,1615.0,220.4,85.43,99.35,1.43,49.66,44.14,3.534,2.665,0.796,0.201,0.509,3.857,2.994,1.235,0.972,5.357,4.394,1.953,2.04,1.353,0.42,4.166,4.028,1.193,1582.47,767.381,1560.91,704.77,465.457,112.622,496.915,228.253,759.24,61.66,477.91,1833.39,418.41,378.19,41.39,805.22,202.04,362.46,1033.0,124.43,124.078,922.6,49.23,794.75,1993.0,1237.5,582.8,777.0,108.295,108.945
2009-04-07,882.05,-0.289,1466.0,222.9,85.288,100.49,1.474,49.15,40.39,3.714,2.898,0.907,0.191,0.476,4.074,3.217,1.456,0.826,5.365,4.443,2.082,2.13,1.439,0.429,4.349,4.292,1.458,1585.23,768.599,1559.77,718.11,475.698,114.997,509.183,228.548,776.17,64.0,518.18,2012.8,463.75,411.87,44.15,832.79,209.97,360.519,1029.24,122.14,122.188,882.2,51.22,814.0,2089.0,1280.75,623.6,834.5,107.785,108.141
2009-04-14,893.0,-0.272,1492.0,225.92,84.642,98.98,1.491,49.41,37.67,3.655,2.786,0.843,0.157,0.451,4.035,3.199,1.373,0.958,5.337,4.392,1.968,2.224,1.468,0.455,4.276,4.161,1.305,1591.0,772.981,1592.81,736.7,485.806,116.278,516.777,230.718,800.54,66.57,524.89,2116.67,503.09,430.12,46.09,861.86,217.61,363.5,1031.14,122.3,123.594,890.9,51.96,840.25,2197.0,1324.0,641.4,844.0,107.96,108.305
2009-04-21,884.95,-0.194,1797.0,218.31,86.579,98.63,1.469,46.51,37.14,3.739,2.899,0.932,0.142,0.443,3.964,3.14,1.408,0.964,5.29,4.337,1.942,2.239,1.463,0.412,4.362,4.248,1.445,1587.22,786.713,1597.53,750.65,494.473,120.942,521.823,226.915,808.68,66.34,516.6,2002.2,471.0,427.22,45.61,856.38,215.68,361.426,1036.43,123.19,122.406,882.1,49.82,847.75,2169.0,1328.0,635.0,831.5,107.945,108.109
2009-04-28,893.45,-0.194,1790.0,217.22,85.158,96.47,1.462,49.92,37.95,3.954,3.009,0.946,0.117,0.433,3.92,3.141,1.324,0.699,5.147,4.294,1.856,2.145,1.419,0.404,4.279,4.28,1.103,1589.84,784.887,1601.81,768.05,503.656,122.01,521.784,229.253,813.49,67.58,504.84,2079.85,490.08,429.1,43.18,866.31,217.77,364.718,1039.49,122.96,121.672,892.8,49.99,851.75,2221.0,1360.5,625.2,810.0,108.11,108.125
2009-05-05,903.3,-0.046,1897.0,231.84,84.157,98.76,1.511,53.84,33.36,4.066,3.161,0.963,0.183,0.414,3.972,3.211,1.363,0.588,5.103,4.195,1.799,2.109,1.418,0.385,4.368,4.372,1.1,1588.08,782.731,1625.56,803.3,524.94,127.611,528.754,230.875,859.96,71.57,528.6,2360.85,544.49,475.68,48.95,922.55,233.44,366.863,1045.24,122.35,120.953,904.3,54.12,903.5,2363.0,1427.25,713.8,848.5,108.055,108.094
2009-05-12,921.8,0.082,2253.0,243.58,82.306,96.17,1.523,58.85,31.8,4.159,3.175,0.883,0.181,0.354,4.207,3.407,1.37,0.512,5.248,4.318,1.67,2.22,1.455,0.396,4.432,4.372,1.175,1592.73,790.03,1647.49,822.68,541.506,133.488,542.378,234.359,863.34,71.97,552.28,2404.08,611.34,476.64,49.68,941.64,238.36,372.265,1059.95,120.62,121.297,923.9,57.94,906.75,2400.0,1385.0,714.7,888.0,108.03,108.297
2009-05-19,926.07,0.082,2644.0,241.45,81.978,96.11,1.547,59.65,28.8,4.209,3.245,0.883,0.176,0.316,4.262,3.438,1.301,0.728,5.348,4.318,1.609,2.196,1.427,0.384,4.415,4.297,1.03,1595.26,794.941,1650.07,820.09,541.432,136.541,542.06,238.266,863.31,73.57,547.53,2456.47,603.06,557.61,51.47,947.68,240.65,373.158,1064.23,120.51,120.656,926.7,58.92,906.5,2441.0,1394.0,748.6,881.5,108.16,108.359
2009-05-26,952.48,0.037,2942.0,245.43,80.131,94.91,1.594,62.45,30.62,4.491,3.549,0.916,0.17,0.313,4.397,3.621,1.407,1.082,5.387,4.448,1.733,2.21,1.448,0.365,4.582,4.447,1.019,1593.45,796.392,1648.56,833.76,552.738,140.241,547.526,240.652,865.69,72.95,548.12,2522.98,608.85,537.43,49.8,958.27,242.79,376.814,1068.61,119.63,118.734,953.3,61.24,908.75,2467.0,1410.75,748.9,883.5,108.005,108.313
2009-06-02,981.22,0.276,4106.0,260.21,78.404,95.73,1.657,68.55,29.63,4.482,3.615,0.946,0.126,0.32,4.466,3.659,1.411,0.831,5.453,4.509,1.656,2.31,1.524,0.369,4.644,4.53,1.169,1585.97,787.904,1685.2,856.16,568.867,145.528,552.17,244.253,898.91,74.82,567.71,2723.91,713.33,584.85,54.56,1000.08,254.29,379.534,1076.9,119.01,117.234,983.2,68.17,942.5,2538.0,1478.5,800.0,914.0,108.205,108.336
2009-06-09,956.37,0.431,3518.0,260.38,79.787,97.57,1.628,70.01,28.27,4.652,3.858,1.302,0.17,0.323,4.286,3.636,1.667,0.55,5.452,4.688,1.924,2.285,1.534,0.389,4.492,4.408,1.452,1575.05,782.935,1674.24,868.26,574.867,147.998,554.843,240.617,896.44,73.41,569.78,2669.35,648.09,594.55,54.12,982.64,249.44,373.949,1074.3,118.59,115.391,954.0,69.62,939.5,2478.0,1500.75,776.5,917.5,107.29,107.523
2009-06-16,931.9,0.445,3951.0,255.85,80.709,96.42,1.641,70.47,32.68,4.473,3.661,1.183,0.163,0.319,4.302,3.525,1.589,0.837,5.504,4.623,1.814,2.28,1.473,0.377,4.63,4.558,1.424,1587.92,780.669,1709.01,877.16,580.588,150.807,558.406,240.254,867.36,72.81,566.32,2586.26,638.46,591.27,54.17,960.02,244.13,375.641,1082.09,119.38,116.75,931.6,70.24,912.0,2429.0,1445.75,752.2,917.0,107.455,107.758
2009-06-23,925.93,0.502,3874.0,249.79,79.841,95.01,1.645,69.24,30.58,4.357,3.623,1.096,0.193,0.315,4.302,3.463,1.47,0.793,5.54,4.612,1.645,2.251,1.416,0.352,4.504,4.43,1.234,1587.42,781.925,1713.04,860.52,571.455,148.487,552.387,242.322,851.07,70.32,556.68,2415.21,533.56,562.11,52.29,938.31,237.7,378.611,1077.33,120.23,115.484,923.9,68.8,890.25,2348.0,1424.0,725.1,897.5,107.71,107.961
2009-06-30,930.0,0.491,3757.0,249.96,80.133,96.32,1.646,69.89,26.35,4.329,3.535,1.109,0.178,0.309,4.195,3.386,1.365,0.388,5.363,4.434,1.57,2.185,1.359,0.32,4.399,4.357,1.333,1593.6,783.581,1723.99,867.39,576.879,150.307,558.523,245.014,874.74,71.77,573.96,2552.28,569.63,568.95,55.2,964.05,244.9,380.339,1078.61,121.08,116.266,927.4,69.3,915.5,2398.0,1476.25,766.2,924.5,107.9,108.109
2009-07-07,924.7,0.494,3216.0,236.55,80.621,94.85,1.615,62.93,30.85,4.309,3.456,0.965,0.181,0.302,4.112,3.318,1.219,0.328,5.371,4.425,1.732,2.135,1.315,0.268,4.398,4.353,1.192,1599.08,786.811,1735.03,870.75,579.095,151.226,560.961,245.092,837.59,69.79,560.21,2421.54,534.55,555.73,53.94,929.9,236.86,382.371,1079.89,121.75,117.281,929.1,63.23,879.25,2312.0,1408.0,740.0,909.5,108.205,107.953
2009-07-14,924.75,0.491,3097.0,236.2,80.184,93.14,1.629,59.52,25.02,4.374,3.472,0.939,0.176,0.288,4.064,3.304,1.235,0.34,5.393,4.467,1.769,2.183,1.344,0.259,4.362,4.377,1.119,1601.43,795.021,1739.68,867.61,578.378,152.831,562.11,243.807,861.26,70.95,536.56,2383.5,501.85,547.25,53.82,945.72,239.97,384.052,1078.06,121.9,117.781,922.8,60.86,901.5,2362.0,1446.75,744.3,867.5,108.19,107.961
2009-07-21,946.9,0.614,3455.0,246.83,78.927,93.46,1.64,64.72,23.87,4.391,3.484,0.921,0.182,0.286,4.173,3.369,1.244,0.356,5.344,4.318,1.616,2.235,1.37,0.279,4.488,4.489,1.21,1605.47,794.214,1765.11,884.85,590.764,155.894,568.167,246.763,908.33,74.94,557.43,2679.52,593.53,596.91,58.22,1004.78,255.91,387.626,1080.26,121.26,117.781,946.9,66.87,953.5,2518.0,1554.0,819.7,901.5,108.17,107.977
2009-07-28,938.85,0.625,3475.0,250.21,78.85,94.11,1.641,67.23,25.01,4.549,3.688,1.076,0.183,0.288,4.171,3.427,1.324,0.346,5.247,4.283,1.659,2.305,1.396,0.27,4.558,4.602,1.348,1600.73,794.067,1758.64,906.55,603.935,160.576,575.56,246.065,932.43,76.24,576.12,2745.52,589.64,607.32,62.35,1028.21,262.16,386.447,1086.93,120.77,116.078,939.1,69.88,976.0,2570.0,1601.5,838.4,930.5,108.035,107.609
2009-08-04,968.15,0.505,3159.0,267.03,77.765,95.42,1.695,71.42,24.89,4.463,3.687,1.2,0.178,0.276,4.051,3.346,1.398,0.358,5.103,4.163,1.761,2.354,1.459,0.281,4.551,4.564,1.307,1600.84,796.736,1787.25,929.0,619.947,164.858,583.324,249.982,956.91,79.34,595.43,2880.34,646.96,626.02,61.81,1066.8,271.71,390.045,1094.46,121.59,116.047,967.5,74.28,1004.75,2669.0,1630.25,865.7,961.5,107.9,107.438
2009-08-11,946.35,0.588,2623.0,262.48,79.176,95.86,1.649,69.45,25.99,4.436,3.67,1.169,0.176,0.275,4.11,3.473,1.468,0.341,5.042,4.188,1.835,2.37,1.455,0.28,4.309,4.294,1.152,1601.86,799.266,1798.42,940.72,626.585,167.702,588.012,248.075,945.92,78.76,604.57,2822.77,607.75,599.4,61.92,1049.34,267.2,386.955,1100.74,120.49,116.094,945.8,72.46,993.0,2651.0,1596.5,832.8,972.5,107.785,107.438
2009-08-18,938.23,0.581,2704.0,255.92,78.937,94.76,1.655,69.19,26.18,4.353,3.511,1.024,0.178,0.279,4.0,3.295,1.317,0.338,5.0,4.113,1.734,2.27,1.35,0.266,4.186,4.128,0.997,1608.14,802.987,1804.28,927.81,620.332,167.352,587.319,250.391,941.45,79.03,588.36,2789.32,583.83,594.59,58.62,1045.12,265.77,389.941,1104.84,122.17,117.516,937.7,72.37,989.5,2620.0,1587.0,826.9,949.0,108.09,107.836
2009-08-25,945.28,0.596,2388.0,257.36,78.243,94.25,1.635,72.05,24.92,4.223,3.437,1.008,0.155,0.264,3.981,3.269,1.306,0.34,5.001,4.062,1.659,2.275,1.33,0.247,4.121,4.021,0.856,1612.86,804.995,1821.09,933.13,625.566,166.198,593.777,253.11,977.1,82.73,598.15,2917.57,649.94,622.42,59.2,1090.66,276.95,393.638,1107.31,122.44,117.875,944.5,71.82,1026.0,2802.0,1636.5,860.2,966.0,108.15,107.898
2009-09-01,951.03,0.592,2423.0,248.98,78.76,93.08,1.617,68.05,29.15,4.192,3.364,0.905,0.129,0.259,3.976,3.241,1.193,0.334,4.991,4.09,1.632,2.235,1.295,0.253,4.129,4.01,0.881,1618.38,811.796,1831.93,937.31,628.227,167.933,594.82,252.46,948.97,80.6,599.69,2772.48,626.51,616.73,57.27,1066.63,270.96,394.994,1109.33,122.61,118.859,955.2,67.73,996.5,2717.0,1595.5,823.2,962.5,108.36,108.32
2009-09-08,997.8,0.622,2462.0,252.57,77.323,92.17,1.652,71.1,25.62,4.318,3.484,0.936,0.122,0.251,4.097,3.274,1.055,0.333,5.132,4.161,1.495,2.22,1.335,0.245,4.169,4.113,0.915,1619.76,817.772,1829.03,942.46,634.022,169.941,598.664,255.267,975.68,82.72,586.3,2949.16,661.02,641.48,61.43,1098.55,279.59,398.212,1114.1,122.75,118.438,998.5,69.42,1025.0,2787.0,1655.25,881.4,948.5,108.69,108.328
2009-09-15,1004.0,0.598,2431.0,258.17,76.544,90.91,1.647,70.93,23.42,4.266,3.456,0.935,0.125,0.241,4.069,3.292,1.252,0.34,4.969,4.06,1.469,2.2,1.321,0.215,4.096,4.033,0.762,1621.92,825.141,1845.39,968.19,651.102,174.804,608.951,257.022,1001.69,83.89,577.48,3050.6,704.64,654.81,60.52,1119.9,284.87,400.63,1122.81,121.07,118.656,1005.3,67.35,1050.25,2839.0,1696.75,903.7,927.0,108.12,108.383
2009-09-22,1014.8,0.67,2246.0,259.15,76.118,91.16,1.635,71.55,23.08,4.196,3.446,0.951,0.097,0.246,4.176,3.395,1.273,0.366,4.975,4.101,1.479,2.2,1.35,0.23,4.234,4.159,0.858,1624.34,833.54,1853.47,985.02,664.822,178.301,620.344,256.511,1019.71,84.91,583.25,3166.24,727.56,669.35,61.93,1143.39,291.22,402.348,1126.31,120.24,117.031,1014.4,70.53,1067.25,2869.0,1734.25,931.4,934.5,108.105,108.32
2009-09-29,995.05,0.555,2185.0,252.13,77.124,90.2,1.596,66.71,25.19,4.018,3.292,0.992,0.121,0.246,3.945,3.229,1.246,0.342,4.808,3.998,1.504,2.168,1.29,0.23,4.093,4.025,0.88,1631.74,838.452,1864.3,992.33,667.339,180.526,620.271,255.832,1009.12,84.69,559.76,3196.74,729.47,669.9,59.71,1125.57,286.88,402.622,1125.31,121.74,118.297,993.1,65.49,1054.75,2880.0,1715.5,915.0,904.0,108.18,108.383
2009-10-06,1039.65,0.41,2441.0,259.47,76.335,88.8,1.592,70.88,25.7,4.066,3.257,0.904,0.069,0.244,3.894,3.158,1.228,0.361,4.808,4.062,1.478,2.163,1.25,0.24,3.985,3.925,0.743,1635.58,840.012,1865.37,991.03,669.865,179.684,628.693,259.938,1003.53,83.83,540.29,3355.11,735.58,675.54,60.11,1121.63,286.5,407.153,1130.13,122.43,119.125,1038.6,68.56,1048.5,2849.0,1700.75,935.3,867.5,108.24,107.992
2009-10-13,1063.6,0.442,2646.0,268.05,75.976,89.7,1.589,74.15,22.99,4.2,3.349,0.903,0.059,0.244,3.939,3.164,1.296,0.333,4.901,4.078,1.529,2.19,1.305,0.26,4.053,3.963,0.788,1638.94,828.925,1867.08,996.02,675.05,181.199,636.198,260.529,1021.42,84.07,559.57,3472.33,803.67,680.95,62.13,1142.15,292.05,407.018,1141.57,122.55,118.906,1064.2,72.4,1068.75,2868.0,1726.75,956.0,900.0,108.15,108.078
2009-10-20,1056.6,0.537,2832.0,278.13,75.565,90.86,1.634,79.09,20.9,4.166,3.343,0.919,0.075,0.245,3.998,3.235,1.365,0.343,4.915,4.09,1.592,2.285,1.359,0.259,4.124,4.078,0.817,1636.85,824.134,1873.39,1007.39,682.475,184.539,635.012,263.52,1038.48,86.29,567.53,3490.74,835.16,690.68,64.72,1166.03,298.21,407.567,1145.35,121.82,118.641,1057.8,77.24,1089.5,2917.0,1758.25,973.1,912.0,108.0,108.039
2009-10-27,1037.25,0.499,3013.0,275.97,76.135,91.82,1.633,79.55,24.83,4.276,3.447,0.926,0.071,0.244,4.059,3.269,1.293,0.343,4.955,4.096,1.536,2.295,1.41,0.286,4.124,4.12,0.826,1636.08,823.859,1869.63,1012.44,683.564,185.516,629.756,260.988,1011.66,84.36,556.08,3419.28,805.23,654.9,64.77,1131.44,289.5,404.444,1144.34,121.52,117.922,1034.7,77.92,1060.5,2825.0,1719.75,940.6,898.0,108.15,107.969
2009-11-03,1083.88,0.282,3247.0,276.49,76.386,90.3,1.64,79.6,28.81,4.329,3.467,0.913,0.041,0.241,4.03,3.263,1.281,0.397,4.959,4.083,1.534,2.229,1.385,0.26,4.241,4.252,0.888,1638.89,821.935,1866.57,1006.85,678.842,185.983,625.081,260.344,994.72,81.81,545.49,3372.72,741.59,614.12,61.95,1104.09,281.7,404.591,1132.08,121.75,118.156,1084.9,78.11,1041.75,2704.0,1675.5,912.8,881.5,108.215,108.172
2009-11-10,1101.4,0.256,3615.0,272.31,75.021,89.77,1.671,79.05,22.84,4.412,3.474,0.823,0.058,0.239,4.049,3.28,1.239,0.326,4.908,4.042,1.47,2.305,1.475,0.27,4.276,4.295,0.765,1646.43,821.604,1873.68,1013.34,685.141,187.515,627.537,265.845,1039.61,85.35,541.56,3626.92,815.8,661.52,65.42,1156.84,295.8,409.043,1139.25,121.72,118.578,1102.5,77.5,1092.0,2846.0,1772.5,975.0,872.0,108.33,108.359
2009-11-17,1137.95,0.246,4381.0,277.25,75.369,89.28,1.679,79.14,22.41,4.257,3.325,0.757,0.054,0.238,3.973,3.283,1.176,0.356,4.847,4.023,1.428,2.215,1.311,0.246,4.177,4.198,1.285,1654.58,823.489,1893.51,1017.56,687.451,188.741,632.52,267.018,1056.07,87.07,534.73,3655.24,831.87,688.24,67.26,1169.56,299.32,410.738,1143.95,122.24,119.75,1139.4,78.97,1107.5,2902.0,1808.75,993.5,858.0,108.475,108.57
2009-11-24,1166.25,0.087,4340.0,272.26,75.068,88.54,1.657,76.02,20.47,4.246,3.305,0.726,0.03,0.236,3.964,3.254,1.324,0.35,4.867,4.047,1.52,2.189,1.3,0.255,4.13,4.162,1.239,1659.85,827.038,1892.94,1019.69,689.645,187.953,635.607,266.898,1050.73,85.87,516.95,3627.05,808.23,692.69,65.9,1160.14,296.89,412.589,1150.38,122.72,120.094,1165.8,76.46,1103.0,2879.0,1786.5,979.3,829.0,108.455,108.742
2009-12-01,1197.15,0.099,3836.0,279.34,74.365,86.63,1.662,78.37,21.92,4.274,3.284,0.671,0.041,0.235,3.898,3.152,1.238,0.342,4.839,3.987,1.523,2.11,1.202,0.179,4.124,4.145,1.15,1659.84,829.949,1897.26,1020.3,689.842,186.515,635.478,270.195,1054.09,85.41,534.27,3698.56,792.42,696.14,65.58,1171.94,299.57,417.025,1151.14,123.66,120.828,1199.1,79.35,1108.5,2868.0,1792.0,985.2,854.5,108.58,108.945
2009-12-08,1146.65,0.136,3902.0,271.9,76.31,88.3,1.63,72.62,23.69,4.374,3.382,0.718,0.02,0.235,3.903,3.14,1.23,0.339,4.808,3.968,1.523,2.218,1.275,0.191,4.251,4.265,1.149,1659.6,834.336,1899.22,1029.9,692.094,188.084,636.057,265.044,1037.81,84.81,560.83,3588.33,748.11,699.33,65.98,1151.38,294.83,411.005,1151.86,123.57,120.141,1142.8,75.19,1090.0,2851.0,1768.5,962.7,896.5,108.655,108.852
2009-12-15,1122.31,0.186,3518.0,274.27,76.961,89.85,1.624,70.69,21.49,4.521,3.588,0.847,0.041,0.233,3.994,3.236,1.257,0.353,4.858,4.035,1.55,2.27,1.289,0.175,4.373,4.415,1.25,1650.84,832.659,1895.56,1039.56,696.266,189.019,636.454,261.877,1053.66,85.96,553.15,3653.09,773.79,683.96,65.11,1157.84,296.5,406.655,1148.89,122.48,118.609,1122.4,72.05,1108.75,2886.0,1796.75,977.0,882.5,108.11,108.555
2009-12-22,1089.8,0.128,3063.0,274.89,78.25,91.7,1.598,74.4,19.54,4.61,3.756,0.905,0.07,0.232,3.99,3.264,1.185,0.343,4.788,4.027,1.45,2.274,1.259,0.171,4.354,4.406,1.243,1644.86,832.169,1889.69,1046.41,697.702,190.465,636.48,259.004,1063.74,87.36,565.45,3474.72,785.41,678.96,62.27,1159.32,296.0,401.19,1150.19,122.36,116.234,1086.0,73.46,1113.5,2943.0,1841.0,959.9,901.5,108.29,108.484
2009-12-29,1097.88,0.018,3005.0,283.73,77.831,92.07,1.592,78.87,20.01,4.637,3.799,1.079,0.082,0.231,4.091,3.368,1.29,0.302,4.825,4.103,1.525,2.296,1.305,0.161,4.49,4.548,1.38,1640.38,832.087,1886.88,1050.28,701.017,190.373,636.364,258.998,1071.7,88.37,574.35,3618.74,798.99,705.57,63.74,1177.97,301.2,401.882,1155.19,121.49,115.656,1097.0,77.64,1121.75,2987.0,1872.5,986.6,919.0,108.08,108.219
2010-01-05,1121.35,0.045,3270.0,289.41,77.619,91.56,1.6,81.77,19.35,4.609,3.763,1.008,0.061,0.233,4.083,3.373,1.286,0.41,4.822,4.101,1.51,2.299,1.335,0.16,4.444,4.48,1.323,1647.51,832.726,1905.72,1061.52,708.543,193.291,640.235,260.76,1081.73,89.54,577.0,3754.74,811.3,718.61,66.71,1192.89,305.89,403.782,1157.23,121.44,116.203,1118.7,80.59,1132.25,3011.0,1885.25,1028.1,922.0,108.035,107.813
2010-01-12,1137.8,-0.092,3160.0,284.52,76.954,90.81,1.617,80.79,18.25,4.617,3.713,0.903,0.039,0.233,4.075,3.313,1.21,0.347,4.894,4.055,1.644,2.319,1.36,0.175,4.404,4.403,1.189,1652.92,833.983,1914.62,1075.25,720.6,198.823,647.972,263.443,1081.4,89.06,599.34,3714.56,851.69,710.61,66.77,1199.34,307.57,407.138,1172.08,122.14,116.75,1129.4,79.3,1134.0,2977.0,1865.5,1020.8,957.5,108.245,108.063
2010-01-19,1139.75,-0.182,3208.0,283.25,77.5,91.06,1.638,79.02,17.58,4.587,3.694,0.886,0.044,0.231,4.041,3.277,1.178,0.316,4.874,4.063,1.659,2.308,1.335,0.165,4.424,4.447,1.313,1656.21,835.75,1912.77,1074.52,718.424,199.744,646.085,261.652,1095.0,90.39,596.12,3636.48,872.94,713.82,65.08,1203.33,308.15,405.272,1172.79,122.48,117.078,1140.0,77.63,1145.75,2983.0,1889.75,1031.6,950.5,108.355,108.133
2010-01-26,1099.8,-0.164,3205.0,273.88,78.432,89.66,1.615,74.71,24.55,4.553,3.621,0.803,0.061,0.231,3.987,3.207,1.119,0.322,4.864,4.024,1.639,2.29,1.325,0.165,4.377,4.385,1.196,1659.14,835.969,1912.5,1064.74,711.008,198.364,643.667,259.891,1040.81,86.59,574.87,3286.23,795.8,681.06,59.35,1143.44,291.83,404.696,1163.59,123.28,117.828,1098.3,73.29,1087.25,2825.0,1796.5,934.5,917.0,108.54,108.336
2010-02-02,1116.85,-0.127,2691.0,273.19,79.014,90.4,1.597,77.23,21.48,4.559,3.642,0.851,0.087,0.229,3.929,3.195,1.127,0.326,4.859,4.056,1.815,2.325,1.355,0.164,4.394,4.416,1.217,1662.28,836.904,1915.86,1065.52,709.883,198.002,641.514,258.941,1050.93,87.0,573.4,3356.14,834.35,658.22,59.95,1144.96,292.26,402.935,1157.01,123.47,118.016,1117.4,76.06,1097.25,2832.0,1769.0,945.5,913.0,108.535,108.391
2010-02-09,1077.18,-0.039,2706.0,265.12,79.863,89.53,1.57,73.75,26.0,4.584,3.647,0.827,0.096,0.228,3.868,3.152,1.036,0.312,4.848,4.053,1.763,2.321,1.346,0.165,4.455,4.482,1.223,1663.93,840.391,1905.94,1053.32,701.242,196.728,637.749,254.695,1019.64,83.05,552.1,3206.18,767.97,652.03,58.29,1101.18,281.25,401.243,1154.53,123.98,118.234,1076.7,72.13,1066.25,2661.0,1752.0,916.4,880.0,108.795,108.5
2010-02-16,1117.03,0.004,2598.0,274.77,79.7,90.23,1.577,77.01,22.25,4.632,3.659,0.802,0.086,0.229,3.954,3.205,0.972,0.318,4.884,4.06,1.542,2.353,1.33,0.165,4.567,4.588,1.161,1663.32,841.101,1903.99,1047.22,698.116,195.128,640.741,253.737,1043.29,84.88,554.61,3284.84,788.8,664.87,60.14,1124.86,287.47,400.734,1155.86,123.38,118.313,1119.3,75.68,1093.25,2719.0,1799.25,946.5,884.5,108.885,108.57
2010-02-23,1102.36,0.022,2724.0,272.36,80.85,90.28,1.543,78.86,21.37,4.63,3.685,0.826,0.105,0.229,3.901,3.167,1.008,0.33,4.859,4.029,1.48,2.34,1.34,0.16,4.675,4.717,1.067,1661.86,841.927,1915.04,1065.05,706.668,197.917,643.199,251.498,1042.82,85.65,568.85,3322.37,785.17,664.78,60.77,1128.52,288.59,399.789,1161.49,123.67,118.047,1102.7,77.25,1097.25,2728.0,1801.0,931.0,908.0,108.99,108.492
2010-03-02,1137.45,-0.135,2792.0,275.14,80.521,89.02,1.498,79.68,19.06,4.567,3.606,0.788,0.12,0.228,3.879,3.116,0.948,0.319,4.88,3.969,1.378,2.319,1.304,0.165,4.568,4.579,0.999,1666.15,844.225,1927.71,1073.69,712.913,198.791,652.076,252.039,1065.61,87.04,565.3,3481.78,797.25,684.55,62.36,1149.39,294.01,401.743,1160.06,124.2,118.891,1137.4,78.18,1117.5,2794.0,1852.25,965.9,903.5,109.14,108.75
2010-03-09,1124.04,-0.151,3210.0,274.79,80.592,89.93,1.5,81.49,17.92,4.676,3.702,0.867,0.145,0.23,3.93,3.132,0.984,0.316,4.93,3.935,1.374,2.315,1.313,0.15,4.577,4.573,1.238,1670.28,846.469,1925.4,1086.28,721.898,202.069,658.463,251.844,1086.33,89.15,579.41,3551.8,827.49,697.63,63.43,1174.11,300.56,401.859,1167.17,122.83,118.516,1122.3,79.91,1140.5,2881.0,1901.25,997.5,923.0,108.61,108.617
2010-03-16,1122.6,-0.1,3498.0,273.54,79.753,90.58,1.518,81.7,17.69,4.587,3.651,0.907,0.155,0.23,3.91,3.139,1.009,0.337,4.867,3.934,1.394,2.312,1.35,0.15,4.607,4.604,1.207,1673.17,847.28,1936.98,1090.94,727.783,203.96,664.339,255.063,1104.55,89.92,587.71,3637.29,841.13,710.67,62.69,1193.73,305.14,404.019,1169.14,122.86,118.766,1122.5,79.02,1159.5,2907.0,1931.0,999.1,932.0,108.57,108.578
2010-03-23,1102.15,-0.104,3280.0,271.71,80.896,90.37,1.503,81.91,16.35,4.605,3.687,0.973,0.125,0.247,3.834,3.056,0.96,0.338,4.863,3.91,1.344,2.28,1.355,0.15,4.54,4.52,1.182,1673.77,847.047,1938.82,1096.24,729.884,205.656,666.791,253.57,1117.88,90.88,593.8,3559.69,824.47,712.62,62.59,1200.86,306.84,402.484,1171.38,123.67,117.281,1103.7,80.7,1169.5,2842.0,1962.25,1002.9,939.5,108.695,108.477
2010-03-30,1104.85,-0.043,2982.0,273.72,81.47,92.8,1.507,82.37,17.13,4.746,3.859,1.055,0.145,0.248,3.852,3.11,0.97,0.334,4.84,3.897,1.35,2.315,1.4,0.175,4.578,4.538,1.193,1664.43,841.589,1927.05,1101.41,732.664,208.136,666.434,252.655,1116.87,91.53,613.79,3565.1,843.38,716.04,64.28,1201.1,307.49,398.223,1172.4,123.18,115.938,1104.5,81.28,1169.5,2871.0,1965.5,1010.0,983.0,108.72,108.398
2010-04-06,1136.18,0.035,2981.0,278.52,81.387,93.89,1.523,86.84,16.23,4.832,3.952,1.136,0.163,0.249,3.837,3.143,0.979,0.325,4.818,4.013,1.386,2.254,1.405,0.171,4.558,4.53,1.22,1655.31,841.496,1921.22,1104.81,735.271,209.572,668.02,253.248,1132.75,93.37,620.94,3693.65,881.45,731.28,65.22,1218.12,312.47,396.904,1179.66,122.88,115.219,1135.1,86.15,1185.75,2914.0,1978.75,1053.0,993.0,108.69,107.586
2010-04-13,1152.38,0.071,2928.0,277.35,80.507,93.18,1.537,84.05,16.2,4.681,3.822,1.048,0.145,0.253,3.875,3.146,0.972,0.325,4.813,3.98,1.348,2.231,1.385,0.165,4.59,4.574,1.154,1669.03,843.224,1945.22,1112.98,742.637,211.296,671.98,256.214,1140.1,93.18,617.79,3660.59,882.53,726.87,66.15,1226.01,314.01,401.042,1184.23,122.98,116.578,1152.8,84.72,1193.0,2920.0,2001.25,1040.0,988.0,108.725,107.867
2010-04-20,1138.88,0.11,2998.0,275.78,81.049,93.28,1.536,83.45,15.73,4.673,3.801,1.008,0.141,0.258,3.845,3.098,0.893,0.334,4.815,3.962,1.304,2.216,1.33,0.165,4.585,4.573,1.159,1668.59,847.51,1950.64,1120.62,747.877,213.482,676.784,255.627,1149.8,93.57,607.12,3624.63,872.22,713.0,64.48,1228.05,314.03,400.725,1184.21,123.5,116.766,1138.6,84.8,1205.5,2910.0,2024.25,1028.4,973.0,108.895,107.984
2010-04-27,1161.25,0.184,3203.0,273.18,82.146,93.07,1.529,82.44,22.81,4.576,3.69,0.951,0.14,0.265,3.625,2.939,0.804,0.338,4.869,4.048,1.772,2.161,1.315,0.169,4.565,4.528,1.224,1673.87,851.602,1961.39,1126.76,749.682,213.712,677.019,255.061,1127.62,90.69,622.22,3464.03,859.72,722.55,63.66,1202.48,308.23,399.505,1187.54,124.64,117.656,1161.7,85.78,1181.0,2778.0,2008.75,996.0,997.5,109.08,108.109
2010-05-04,1169.86,0.48,3352.0,271.6,83.299,94.38,1.517,82.74,23.84,4.412,3.592,0.936,0.156,0.28,3.638,2.949,0.713,0.337,4.872,4.007,1.882,2.13,1.29,0.17,4.416,4.362,1.093,1675.53,852.488,1971.29,1125.67,745.972,213.167,674.695,254.571,1117.0,87.73,615.79,3344.59,809.77,700.55,62.38,1171.4,300.13,397.245,1185.55,125.51,118.141,1169.2,85.67,1172.5,2656.0,1969.5,972.2,983.0,109.3,108.289
2010-05-11,1219.85,0.517,3822.0,264.95,84.467,93.07,1.499,76.37,28.32,4.42,3.525,0.832,0.147,0.34,3.754,2.937,0.579,0.321,4.93,3.953,1.588,2.17,1.32,0.17,4.491,4.436,1.116,1681.92,853.424,1951.66,1101.92,727.288,208.637,662.157,251.53,1098.84,87.72,580.53,3296.48,763.67,698.2,60.17,1144.89,292.97,394.728,1166.48,125.63,119.016,1220.3,80.49,1152.25,2701.0,1935.25,959.0,933.5,109.575,108.57
2010-05-18,1216.53,0.521,3882.0,254.93,87.162,92.52,1.443,69.41,33.55,4.229,3.348,0.725,0.16,0.339,3.605,2.831,0.561,0.339,4.88,3.898,1.573,2.195,1.305,0.169,4.439,4.372,0.925,1691.54,855.517,1976.14,1103.26,726.153,208.513,667.22,248.395,1065.95,87.16,569.84,3113.21,771.23,687.39,59.51,1111.91,284.87,393.445,1170.91,126.86,120.203,1214.6,74.43,1118.75,2672.0,1888.0,924.7,912.5,109.745,108.883
2010-05-25,1197.15,0.431,4187.0,248.79,86.779,89.87,1.436,68.75,34.61,4.057,3.16,0.755,0.153,0.345,3.3,2.578,0.472,0.303,4.912,3.958,1.858,2.083,1.221,0.165,4.152,4.11,0.844,1696.15,860.02,1971.46,1074.2,705.358,201.168,653.548,246.723,1021.27,80.61,535.29,2852.7,656.44,650.1,55.74,1048.53,267.42,394.416,1150.5,129.38,121.672,1198.0,69.55,1073.0,2481.0,1815.5,871.3,857.5,109.935,109.031
2010-06-01,1225.11,0.46,4074.0,252.41,86.643,91.14,1.467,72.58,35.54,4.179,3.261,0.766,0.146,0.351,3.354,2.675,0.499,0.338,5.056,4.173,2.04,2.1,1.254,0.166,4.291,4.242,0.898,1694.52,858.473,1957.18,1084.56,712.773,204.289,658.402,248.557,1018.23,85.16,547.91,3091.82,730.61,673.78,58.33,1069.54,274.13,393.523,1154.21,128.66,120.672,1224.8,72.71,1069.5,2597.0,1831.0,894.9,883.5,109.995,109.023
2010-06-08,1243.9,0.418,3579.0,250.08,88.394,91.35,1.443,71.99,33.7,4.11,3.188,0.742,0.107,0.35,3.25,2.512,0.455,0.322,5.325,4.293,2.221,2.07,1.239,0.155,4.242,4.167,0.791,1703.93,858.223,1966.69,1081.33,707.143,203.2,656.978,243.939,1009.62,83.33,533.8,3003.78,701.28,674.06,58.03,1045.48,268.14,390.833,1151.25,130.16,121.813,1244.0,72.3,1059.25,2500.0,1791.5,894.2,856.5,110.11,109.094
2010-06-15,1233.3,0.341,3020.0,263.5,85.981,91.39,1.482,76.94,25.87,4.22,3.304,0.75,0.071,0.35,3.395,2.674,0.509,0.326,5.077,4.041,1.825,2.055,1.235,0.16,4.313,4.229,0.87,1701.65,854.368,1952.61,1086.11,714.334,204.098,663.118,248.011,1061.38,88.16,546.46,3235.91,748.04,705.97,59.98,1108.34,283.99,394.21,1149.72,128.3,120.719,1233.2,76.2,1113.5,2715.0,1894.5,954.4,875.0,109.625,109.063
2010-06-22,1241.3,0.233,2547.0,262.68,86.106,90.57,1.485,77.21,27.05,4.1,3.168,0.677,0.113,0.347,3.398,2.692,0.581,0.368,5.019,4.018,1.864,2.036,1.195,0.156,4.234,4.162,0.784,1710.96,854.708,1979.35,1106.03,726.961,207.833,673.508,250.576,1041.9,89.1,555.34,3303.55,762.14,718.62,62.64,1105.21,284.44,396.504,1153.71,128.1,120.906,1239.9,78.04,1090.5,2742.0,1878.25,952.6,893.5,109.54,109.219
2010-06-29,1243.2,0.203,2447.0,256.27,86.025,88.59,1.509,75.94,34.13,3.932,2.951,0.594,0.137,0.347,3.294,2.559,0.548,0.321,5.09,4.13,2.124,1.926,1.118,0.155,4.242,4.171,0.784,1714.36,858.095,1996.84,1100.45,723.142,207.271,672.688,249.913,989.66,84.57,528.58,3079.86,713.24,711.26,60.25,1048.09,270.02,398.743,1149.32,129.43,122.531,1242.4,75.44,1035.25,2559.0,1763.5,902.7,851.0,109.61,109.438
2010-07-06,1193.8,-0.025,2127.0,253.8,84.083,87.44,1.517,71.98,29.65,3.89,2.932,0.609,0.16,0.346,3.292,2.589,0.648,0.437,4.999,4.065,1.937,1.885,1.135,0.15,4.131,4.084,0.747,1715.37,860.823,2003.68,1102.41,727.802,206.82,673.853,253.658,977.57,84.13,525.26,3157.58,724.53,713.68,60.0,1051.6,271.03,404.87,1140.53,129.3,122.734,1195.1,71.45,1024.25,2565.0,1734.5,926.7,849.0,109.43,109.172
2010-07-13,1215.25,-0.055,1790.0,261.91,83.643,88.3,1.515,77.15,24.56,4.106,3.123,0.665,0.142,0.341,3.306,2.641,0.728,0.394,5.063,4.064,1.829,1.911,1.135,0.151,4.193,4.136,0.773,1715.58,863.45,1995.28,1117.41,737.729,208.719,681.97,253.356,1041.52,88.74,531.27,3269.87,757.41,727.28,61.16,1109.01,284.89,404.317,1144.22,128.88,121.656,1213.5,76.65,1089.75,2731.0,1842.5,964.3,853.0,109.32,109.078
2010-07-20,1191.23,-0.118,1761.0,261.52,82.747,87.23,1.528,77.44,23.93,3.979,2.95,0.576,0.145,0.337,3.332,2.636,0.775,0.556,5.017,4.001,1.723,1.87,1.1,0.149,4.219,4.168,0.793,1720.09,866.821,2018.72,1123.48,744.115,209.798,687.132,253.732,1030.64,85.46,517.13,3262.48,741.99,723.13,60.63,1093.51,281.29,408.462,1146.23,128.9,123.234,1191.7,76.22,1080.0,2623.0,1839.75,966.9,832.5,109.23,109.273
2010-07-27,1160.0,-0.123,1869.0,264.46,82.185,87.85,1.557,77.5,23.19,4.079,3.05,0.633,0.142,0.325,3.431,2.77,0.876,0.5,4.939,3.974,1.73,1.786,1.06,0.15,4.389,4.337,0.947,1725.31,868.781,2020.64,1136.92,755.565,213.639,697.15,254.571,1058.91,89.48,525.78,3381.11,791.93,730.69,62.54,1130.92,291.1,409.469,1153.55,127.69,122.328,1158.0,76.13,1111.0,2766.0,1886.5,994.0,845.5,109.05,109.094
2010-08-03,1187.05,-0.11,1964.0,276.63,80.596,85.78,1.593,82.55,22.63,4.049,2.91,0.53,0.136,0.303,3.329,2.607,0.725,0.423,4.87,3.873,1.642,1.724,1.044,0.155,4.219,4.152,0.779,1728.74,870.491,2039.08,1142.34,763.023,216.504,704.124,262.435,1064.88,90.87,535.76,3467.3,810.36,730.67,63.8,1152.99,296.75,416.785,1157.41,129.06,123.984,1185.2,82.68,1118.25,2815.0,1893.0,1017.5,858.5,109.33,109.391
2010-08-10,1196.95,-0.102,2212.0,272.28,80.799,85.81,1.579,80.25,22.37,4.004,2.761,0.521,0.14,0.29,3.26,2.537,0.705,0.349,4.844,3.854,1.665,1.695,1.04,0.145,4.224,4.15,0.774,1729.75,873.934,2048.94,1145.15,765.248,217.44,713.135,261.399,1065.81,90.13,532.65,3425.29,795.14,733.89,63.11,1145.36,294.74,416.231,1159.59,129.95,124.984,1196.2,79.6,1119.75,2796.0,1896.5,1006.9,853.0,109.395,109.43
2010-08-17,1226.35,-0.106,2515.0,270.19,82.226,85.51,1.558,75.77,24.33,3.763,2.634,0.496,0.148,0.269,3.022,2.363,0.668,0.449,4.78,3.825,1.635,1.59,0.946,0.136,4.05,3.954,0.703,1726.02,880.296,2067.22,1138.89,760.397,217.345,715.818,260.711,1039.32,89.67,515.01,3451.78,783.44,724.99,62.51,1118.89,288.52,416.785,1156.41,131.69,125.672,1226.6,76.93,1089.0,2736.0,1839.5,1000.6,827.5,109.59,109.477
2010-08-24,1230.15,-0.141,2861.0,262.46,83.146,84.1,1.546,71.63,27.46,3.561,2.49,0.462,0.145,0.264,2.776,2.18,0.586,0.428,4.635,3.752,1.639,1.58,0.929,0.125,3.892,3.777,0.598,1723.8,887.059,2085.36,1139.46,761.58,219.103,725.285,260.737,1000.89,86.53,509.84,3280.24,743.66,737.38,61.41,1079.04,278.83,418.372,1158.15,133.9,126.406,1231.8,72.38,1049.75,2614.0,1773.75,968.8,816.0,109.8,109.578
2010-08-31,1248.45,-0.233,2713.0,264.19,83.202,84.12,1.534,71.92,26.05,3.516,2.47,0.469,0.127,0.259,2.644,2.116,0.59,0.39,4.649,3.826,1.749,1.695,0.971,0.126,3.817,3.695,0.646,1730.06,889.518,2077.99,1139.06,759.8,218.138,714.807,262.668,998.28,87.19,500.77,3319.14,755.89,720.47,60.99,1080.7,279.06,418.689,1156.81,134.43,126.5,1249.0,74.64,1048.25,2615.0,1766.5,969.4,800.5,109.805,109.57
2010-09-07,1256.66,-0.27,2918.0,273.81,82.82,83.73,1.533,74.09,23.8,3.662,2.596,0.478,0.125,0.258,2.845,2.255,0.573,0.36,4.729,3.797,1.779,1.928,1.15,0.146,3.943,3.826,0.655,1729.56,887.445,2074.11,1147.45,765.345,220.04,717.099,262.257,1038.88,90.11,520.1,3458.63,770.83,748.99,63.72,1123.68,290.07,417.548,1161.51,133.2,125.828,1257.9,77.74,1091.25,2729.0,1857.5,998.2,834.0,109.81,109.555
2010-09-14,1269.98,-0.314,2940.0,280.13,81.08,83.0,1.557,76.8,21.56,3.799,2.681,0.495,0.135,0.257,2.964,2.371,0.72,0.415,4.8,3.871,1.76,2.025,1.136,0.15,4.09,3.971,0.677,1726.91,885.635,2075.32,1159.8,773.869,222.795,714.12,264.46,1066.82,92.38,520.32,3522.92,796.3,772.81,64.5,1158.15,298.91,420.114,1162.28,130.51,125.453,1270.2,79.16,1120.75,2809.0,1925.25,1040.5,828.0,109.29,109.508
2010-09-21,1273.41,-0.307,2562.0,278.36,80.439,85.38,1.555,73.52,22.35,3.785,2.574,0.416,0.15,0.256,3.044,2.453,0.796,0.448,4.871,3.934,1.815,1.93,1.056,0.135,4.142,4.016,0.711,1726.79,886.393,2080.67,1167.92,780.74,223.985,717.574,265.086,1084.86,91.88,530.45,3467.89,784.73,800.53,65.1,1169.47,301.76,419.56,1169.02,129.65,125.75,1272.7,78.42,1134.75,2784.0,1985.5,1050.5,841.5,109.125,109.688
2010-09-28,1309.4,-0.272,2504.0,284.35,79.014,83.74,1.58,76.18,22.6,3.658,2.467,0.43,0.142,0.256,2.868,2.246,0.733,0.434,4.837,3.937,1.871,1.834,0.97,0.14,3.907,3.775,0.653,1725.11,889.391,2096.31,1170.39,786.964,223.488,723.588,271.072,1093.15,90.94,525.71,3596.73,785.77,799.6,65.2,1184.13,305.71,427.339,1174.68,131.79,126.438,1306.6,78.71,1141.75,2762.0,2008.5,1070.4,842.0,109.29,109.727
2010-10-05,1340.15,-0.302,2569.0,288.42,77.749,83.25,1.59,82.82,21.76,3.747,2.474,0.399,0.108,0.257,2.86,2.279,0.803,0.721,4.758,3.821,1.809,1.83,0.918,0.123,3.963,3.823,0.662,1727.86,885.708,2098.41,1181.36,796.966,224.739,730.276,273.379,1105.72,90.52,520.24,3779.53,834.65,818.46,67.11,1199.0,310.42,431.737,1178.96,131.45,126.641,1338.9,84.84,1154.75,2745.0,2018.5,1111.5,832.5,109.165,109.695
2010-10-12,1347.2,-0.327,2719.0,297.83,77.363,81.84,1.579,81.67,18.93,3.819,2.433,0.367,0.115,0.256,2.84,2.243,0.776,0.396,4.698,3.73,1.663,1.889,0.86,0.13,3.95,3.792,0.632,1737.97,890.023,2105.45,1190.55,804.405,227.064,737.665,275.72,1114.38,90.95,516.41,3788.07,832.97,812.58,68.2,1207.82,312.47,434.282,1186.32,132.01,127.078,1345.7,83.5,1164.5,2765.0,2037.0,1110.5,825.5,109.255,109.805
2010-10-19,1340.94,-0.246,2744.0,292.98,78.184,81.52,1.573,79.49,20.63,3.913,2.477,0.359,0.13,0.256,3.005,2.414,0.897,0.745,4.708,3.795,1.719,1.966,0.89,0.14,4.125,3.963,0.646,1740.97,888.911,2096.89,1193.9,805.933,227.237,738.106,274.242,1110.4,91.91,522.92,3687.56,824.83,805.37,70.44,1208.85,312.65,432.141,1192.05,130.23,127.031,1335.1,81.1,1163.75,2825.0,2067.5,1090.0,831.5,108.995,109.82
2010-10-26,1339.1,-0.235,2778.0,301.29,77.708,81.38,1.584,82.55,20.22,3.995,2.641,0.391,0.122,0.256,2.982,2.507,1.011,0.849,4.691,3.823,1.807,1.929,0.91,0.145,4.117,3.973,0.721,1738.92,887.048,2089.32,1200.67,810.364,228.002,738.441,274.46,1130.12,92.46,512.81,3712.06,851.32,810.9,70.15,1223.8,316.72,432.827,1189.05,129.36,125.719,1338.0,83.66,1182.75,2848.0,2116.0,1121.2,816.0,108.79,109.758
2010-11-02,1356.54,-0.159,2600.0,304.98,76.722,80.72,1.603,83.9,21.57,3.927,2.588,0.344,0.113,0.254,2.904,2.47,0.991,0.724,4.793,3.962,2.094,1.955,0.949,0.145,4.125,3.986,0.689,1743.38,885.353,2101.8,1205.3,815.08,228.069,741.86,276.596,1138.8,92.73,504.07,3747.73,850.24,814.71,70.22,1233.98,319.29,435.522,1192.48,129.78,126.531,1356.9,85.41,1192.75,2852.0,2150.25,1138.2,804.0,108.82,109.914
2010-11-09,1422.8,-0.061,2467.0,319.11,77.443,81.17,1.604,86.72,19.08,4.247,2.658,0.439,0.115,0.253,2.928,2.407,0.928,0.365,4.912,4.033,2.244,2.005,0.98,0.145,4.158,4.018,0.712,1742.09,880.886,2090.64,1216.56,820.18,227.264,744.903,275.618,1157.79,94.78,527.47,3795.27,882.41,839.2,72.64,1258.77,326.01,433.918,1202.06,130.36,126.531,1410.1,88.33,1211.0,2884.0,2176.25,1152.0,840.5,108.96,109.719
2010-11-16,1337.48,-0.068,2219.0,296.22,79.21,83.47,1.587,82.34,22.58,4.265,2.842,0.496,0.128,0.253,3.143,2.622,1.057,0.791,5.093,4.224,2.328,2.06,1.036,0.155,4.336,4.227,1.09,1735.63,863.336,2071.93,1199.63,805.43,225.467,730.001,268.031,1124.51,92.23,532.56,3584.22,828.89,796.19,68.6,1212.56,313.59,424.333,1196.8,128.14,125.047,1338.4,84.73,1174.75,2784.0,2090.75,1086.2,847.5,108.83,109.555
2010-11-23,1380.05,-0.075,2199.0,297.69,79.681,82.84,1.581,81.25,20.63,4.19,2.775,0.453,0.131,0.253,3.062,2.552,0.93,0.545,5.055,4.266,2.411,2.125,1.135,0.17,4.232,4.151,0.969,1744.92,865.684,2082.14,1195.15,800.477,223.291,728.112,269.213,1127.77,91.35,549.73,3525.52,826.87,786.67,67.1,1210.65,312.75,423.859,1194.45,128.88,125.406,1377.6,83.25,1178.25,2743.0,2119.0,1078.9,876.0,109.11,109.719
2010-11-30,1388.53,-0.077,2099.0,301.41,81.195,83.61,1.558,84.11,23.54,4.11,2.799,0.453,0.155,0.258,3.107,2.67,0.856,0.446,5.386,4.667,2.982,2.109,1.194,0.2,4.223,4.14,0.913,1737.22,867.963,2077.99,1189.62,790.224,218.855,722.182,263.497,1127.5,90.73,540.09,3527.84,838.89,774.12,67.0,1193.56,308.38,417.378,1192.17,128.02,125.047,1385.0,85.92,1179.5,2653.0,2117.0,1073.8,858.0,109.27,109.688
2010-12-07,1408.68,0.033,2173.0,315.62,79.857,83.27,1.577,88.69,17.99,4.367,3.128,0.532,0.132,0.265,3.42,2.948,0.869,0.414,5.317,4.519,2.399,2.2,1.178,0.189,4.397,4.341,1.037,1724.57,862.619,2047.21,1201.46,801.515,221.614,725.363,264.126,1168.81,94.81,550.66,3681.81,917.87,790.28,68.28,1249.36,322.97,419.161,1200.65,125.59,122.5,1408.3,91.39,1223.25,2803.0,2190.0,1123.4,879.5,109.185,109.461
2010-12-14,1403.46,0.04,2069.0,319.51,79.367,83.42,1.58,88.28,17.61,4.529,3.475,0.653,0.132,0.26,3.502,3.026,1.084,0.627,5.352,4.616,2.549,2.196,1.255,0.236,4.467,4.399,1.214,1712.57,844.311,2027.52,1201.57,800.889,220.999,719.978,262.439,1185.09,96.12,564.41,3637.63,919.86,785.34,67.89,1267.7,326.99,416.227,1203.22,124.12,120.422,1403.6,91.21,1241.75,2860.0,2215.25,1126.2,901.5,108.545,109.242
2010-12-21,1387.98,0.16,1886.0,326.8,80.718,83.76,1.547,89.82,16.49,4.418,3.305,0.606,0.127,0.261,3.433,2.986,1.036,0.432,5.411,4.657,2.627,2.115,1.183,0.214,4.285,4.227,1.202,1722.32,851.385,2045.55,1203.57,798.851,221.479,715.995,263.193,1197.99,97.26,567.06,3619.84,924.49,793.9,66.43,1271.28,327.6,415.534,1205.81,125.17,121.25,1388.2,93.2,1250.75,2873.0,2235.25,1125.1,905.0,108.645,109.289
2010-12-28,1405.03,0.172,1773.0,331.43,80.365,82.15,1.538,91.49,17.52,4.532,3.481,0.743,0.138,0.261,3.411,2.976,0.891,0.396,5.385,4.752,2.659,2.055,1.141,0.21,4.279,4.222,1.224,1713.93,850.927,2030.93,1207.55,800.866,221.876,715.321,262.486,1201.31,96.79,565.37,3631.57,930.47,792.18,65.04,1275.54,328.61,416.592,1210.1,125.19,119.031,1405.2,94.38,1254.0,2822.0,2225.5,1125.5,904.5,108.99,109.133
2011-01-04,1376.59,0.3,1693.0,327.73,79.444,81.81,1.559,89.38,17.38,4.411,3.331,0.617,0.13,0.261,3.345,2.891,0.824,0.817,5.34,4.63,2.655,2.046,1.17,0.185,4.264,4.203,1.144,1726.98,852.309,2058.52,1218.41,810.315,223.455,723.001,266.719,1212.59,96.98,570.43,3798.97,933.56,813.31,68.4,1289.26,333.22,421.008,1217.3,126.11,120.313,1378.8,93.53,1265.25,2837.0,2245.5,1170.4,909.5,109.075,109.188
2011-01-11,1382.24,0.452,1480.0,331.46,80.846,83.33,1.562,91.11,16.89,4.488,3.341,0.585,0.145,0.261,3.417,2.925,0.894,0.38,5.541,4.798,2.681,2.115,1.195,0.175,4.393,4.333,1.295,1726.26,847.163,2059.23,1223.24,808.525,224.893,722.457,263.279,1217.42,97.57,579.52,3746.86,944.86,758.83,68.07,1282.23,330.79,415.275,1220.03,125.79,120.547,1384.3,97.61,1270.5,2793.0,2285.5,1144.1,927.0,108.95,109.227
2011-01-18,1367.68,0.519,1432.0,333.78,78.962,82.77,1.596,91.38,15.87,4.563,3.368,0.585,0.145,0.261,3.504,3.115,1.199,0.361,5.454,4.771,2.584,2.2,1.23,0.2,4.46,4.402,1.373,1728.04,833.768,2060.06,1229.37,817.984,227.352,724.704,267.241,1237.22,99.19,582.07,3804.9,992.55,756.18,68.39,1316.17,338.97,419.733,1228.96,124.06,120.594,1368.2,97.8,1294.75,2943.0,2330.75,1163.0,931.5,108.37,109.234
2011-01-25,1333.33,0.628,1292.0,327.57,78.002,82.39,1.582,86.19,17.59,4.49,3.33,0.576,0.145,0.26,3.569,3.144,1.267,0.824,5.434,4.728,2.587,2.161,1.259,0.205,4.443,4.382,1.188,1730.11,842.193,2069.71,1234.29,822.506,227.642,723.136,267.739,1232.92,96.94,580.83,3730.23,964.6,751.67,66.9,1310.93,336.88,422.906,1221.58,123.97,120.922,1332.3,95.25,1287.5,2955.0,2301.25,1127.4,930.5,108.285,109.234
2011-02-01,1341.99,0.63,1084.0,342.17,77.067,81.38,1.614,90.77,17.63,4.617,3.441,0.601,0.15,0.26,3.651,3.219,1.405,1.04,5.414,4.634,2.43,2.175,1.236,0.206,4.472,4.414,1.387,1725.24,844.054,2058.09,1239.52,825.184,228.535,718.606,270.344,1248.97,98.39,570.83,3683.99,1000.35,712.73,66.45,1330.27,340.98,424.497,1222.76,123.01,120.297,1339.6,101.74,1302.75,3003.0,2322.5,1133.7,913.0,108.04,109.234
2011-02-08,1367.74,0.662,1064.0,337.25,77.999,81.94,1.61,86.94,15.81,4.765,3.739,0.849,0.14,0.264,3.698,3.253,1.433,0.365,5.52,4.746,2.46,2.21,1.324,0.23,4.539,4.488,1.522,1706.98,840.267,2039.07,1248.28,829.113,230.099,717.643,266.86,1264.89,99.85,589.79,3573.24,1000.76,698.95,66.03,1347.36,344.63,420.602,1227.75,122.82,117.984,1363.4,99.92,1321.75,3038.0,2362.75,1123.5,944.5,107.97,108.688
2011-02-15,1372.48,0.681,1236.0,336.29,78.573,83.74,1.614,84.32,16.37,4.662,3.606,0.819,0.12,0.265,3.725,3.28,1.407,0.924,5.523,4.792,2.479,2.196,1.309,0.24,4.495,4.467,1.539,1718.21,845.811,2053.48,1249.41,827.139,230.827,714.058,266.162,1268.43,100.15,601.77,3619.61,976.21,719.3,64.79,1344.27,343.04,418.156,1228.54,122.68,118.641,1373.6,101.64,1326.25,3030.0,2381.5,1101.5,961.5,108.04,108.711
2011-02-22,1397.57,0.693,1279.0,344.36,77.768,82.69,1.613,93.57,20.8,4.603,3.455,0.69,0.101,0.262,3.578,3.144,1.422,0.504,5.515,4.803,2.459,2.216,1.284,0.23,4.362,4.338,1.491,1725.79,853.775,2070.0,1254.33,832.208,231.991,717.626,271.252,1256.21,98.83,598.25,3628.45,974.83,719.58,64.69,1338.12,341.57,422.783,1235.32,124.13,120.094,1400.5,105.78,1314.5,2988.0,2321.75,1087.9,956.0,108.025,109.008
2011-03-01,1428.43,0.749,1262.0,355.18,77.049,81.86,1.628,99.63,21.01,4.479,3.394,0.641,0.135,0.261,3.59,3.177,1.522,0.628,5.564,4.811,2.478,2.19,1.285,0.251,4.363,4.328,1.389,1733.19,858.451,2080.94,1256.0,835.063,232.699,721.254,275.023,1247.02,98.53,602.4,3645.85,1026.45,725.35,66.11,1340.89,342.61,426.149,1230.37,124.06,120.438,1431.2,115.42,1301.0,2983.0,2311.5,1097.3,962.5,108.05,109.195
2011-03-08,1427.89,0.948,1424.0,361.09,76.798,82.67,1.616,105.02,19.82,4.663,3.55,0.721,0.105,0.259,3.726,3.304,1.741,0.381,5.704,4.952,2.673,2.228,1.3,0.23,4.405,4.367,1.381,1730.19,856.898,2065.74,1256.86,836.982,232.243,725.207,273.415,1261.54,97.51,586.95,3743.99,1061.18,726.68,67.7,1341.05,343.59,424.183,1233.19,123.05,119.766,1427.2,113.06,1320.0,2943.0,2333.75,1134.1,939.0,107.665,109.07
2011-03-15,1394.75,0.897,1548.0,338.14,76.328,80.93,1.61,97.18,24.32,4.454,3.305,0.601,0.089,0.254,3.541,3.136,1.524,0.747,5.493,4.699,2.32,2.225,1.221,0.225,4.293,4.237,1.197,1742.0,861.115,2085.83,1247.57,832.301,229.935,725.306,275.422,1223.51,92.12,482.48,3630.55,1005.35,718.42,65.16,1271.87,326.49,429.646,1221.86,123.02,121.609,1392.8,108.52,1280.0,2793.0,2247.5,1096.3,769.0,107.63,109.367
2011-03-22,1426.48,0.79,1543.0,356.45,75.434,80.94,1.638,104.0,20.21,4.437,3.328,0.649,0.086,0.253,3.71,3.256,1.699,0.71,5.613,4.763,2.359,2.205,1.255,0.22,4.336,4.279,1.293,1737.16,861.456,2087.78,1255.5,839.148,230.321,728.574,278.949,1234.78,94.01,542.26,3682.28,1047.88,712.45,66.37,1311.01,336.29,431.445,1216.02,122.02,121.203,1427.6,115.7,1288.25,2779.0,2257.25,1113.3,862.5,107.285,109.289
2011-03-29,1416.71,0.687,1572.0,354.01,76.249,82.43,1.599,104.79,18.16,4.544,3.489,0.813,0.096,0.248,3.791,3.331,1.772,0.635,5.616,4.786,2.468,2.191,1.235,0.205,4.344,4.286,1.29,1733.65,857.778,2071.75,1256.7,839.287,230.808,729.918,275.303,1259.73,95.67,529.28,3693.65,1067.35,752.6,67.03,1323.81,340.04,427.256,1221.06,121.5,118.766,1416.2,115.16,1316.5,2835.0,2322.5,1147.3,854.0,107.2,108.984
2011-04-05,1452.69,0.541,1462.0,363.11,75.882,84.63,1.628,108.34,17.25,4.504,3.481,0.814,0.066,0.24,3.846,3.391,1.833,0.588,5.595,4.755,2.407,2.22,1.28,0.215,4.387,4.35,1.437,1732.75,855.117,2077.92,1263.58,845.99,232.494,733.441,279.016,1273.69,97.18,528.56,3914.93,1111.84,779.15,70.41,1343.64,346.54,426.732,1225.85,120.93,118.766,1451.8,122.22,1326.75,2877.0,2323.25,1198.7,848.0,107.11,108.406
2011-04-12,1453.53,0.514,1342.0,359.05,74.853,83.74,1.627,106.25,17.09,4.575,3.492,0.742,0.046,0.224,3.924,3.44,1.85,0.54,5.485,4.657,2.799,2.265,1.338,0.206,4.38,4.336,1.248,1737.02,855.143,2081.87,1267.94,851.565,233.122,733.914,281.614,1255.76,95.55,523.53,3799.88,1091.6,761.64,69.93,1333.85,343.66,430.556,1230.76,120.46,119.094,1452.9,120.92,1308.25,2856.0,2293.0,1169.5,838.5,107.06,108.594
2011-04-19,1496.6,0.556,1271.0,360.83,75.029,82.43,1.632,108.15,15.83,4.432,3.365,0.645,0.051,0.213,3.753,3.274,1.794,1.14,5.585,4.748,3.01,2.185,1.245,0.205,4.282,4.233,1.144,1748.34,860.997,2099.77,1269.29,850.213,233.16,734.511,282.333,1254.86,94.85,515.36,3766.45,1054.51,752.02,69.26,1324.45,341.13,432.598,1223.6,122.17,120.25,1494.5,121.33,1308.5,2781.0,2311.0,1174.2,826.5,107.24,108.883
2011-04-26,1502.31,0.534,1250.0,366.19,73.837,81.76,1.648,112.21,15.62,4.391,3.309,0.603,0.056,0.213,3.749,3.247,1.728,1.434,5.641,4.802,3.116,2.14,1.224,0.205,4.21,4.159,1.084,1752.13,867.486,2108.62,1274.3,856.372,233.528,736.833,285.515,1288.12,97.21,519.56,3878.47,1082.7,766.67,70.88,1366.69,352.0,437.525,1224.24,122.51,120.672,1503.0,124.14,1341.0,2888.0,2384.75,1209.0,832.0,107.365,108.992
2011-05-03,1539.73,0.439,1292.0,365.05,73.14,80.98,1.653,111.05,16.7,4.351,3.249,0.601,0.02,0.21,3.729,3.277,1.874,1.42,5.554,4.691,2.985,2.15,1.209,0.197,4.16,4.102,1.017,1757.44,872.148,2120.04,1279.75,862.336,233.922,741.578,289.178,1296.91,97.61,540.05,3650.9,1053.47,729.03,68.9,1382.99,354.92,441.545,1227.95,122.64,121.438,1540.4,122.45,1352.0,2942.0,2389.75,1178.1,868.0,107.125,109.148
2011-05-10,1516.16,0.36,1344.0,348.57,74.611,80.72,1.633,103.88,15.91,4.351,3.214,0.585,0.025,0.202,3.608,3.121,1.705,0.59,5.499,4.631,2.937,2.055,1.141,0.195,4.2,4.121,1.014,1763.0,877.805,2125.15,1283.07,859.604,235.457,744.717,285.862,1298.07,97.68,533.52,3643.56,1024.62,727.06,68.17,1366.36,350.46,438.867,1211.27,124.01,122.094,1516.9,117.63,1353.75,2906.0,2409.25,1178.1,857.0,107.435,109.203
2011-05-17,1480.5,0.325,1274.0,336.48,75.399,81.36,1.621,96.91,17.55,4.227,3.117,0.52,0.036,0.197,3.601,3.092,1.789,1.11,5.478,4.602,2.901,2.07,1.16,0.185,4.203,4.13,0.981,1770.68,885.009,2137.95,1284.56,859.05,236.079,747.919,283.511,1270.54,95.7,517.33,3504.09,962.65,716.56,67.16,1329.33,340.89,436.976,1208.19,124.42,122.938,1480.0,109.99,1325.5,2835.0,2337.25,1133.8,829.0,107.465,109.359
2011-05-24,1521.15,0.124,1398.0,339.1,75.882,82.07,1.618,99.59,17.82,4.25,3.115,0.503,0.051,0.194,3.575,3.068,1.704,1.158,5.547,4.782,3.019,2.048,1.125,0.17,4.182,4.104,0.936,1771.04,884.871,2135.51,1283.69,857.907,235.855,748.556,283.219,1258.62,95.05,510.7,3509.15,951.02,708.79,66.69,1315.76,337.52,435.737,1206.35,124.73,123.078,1523.3,112.53,1313.5,2793.0,2301.75,1120.3,819.0,107.605,109.406
2011-05-31,1536.23,0.02,1480.0,350.06,74.638,81.34,1.643,102.7,15.45,4.224,3.062,0.469,0.046,0.191,3.53,3.019,1.601,0.921,5.527,4.777,2.985,2.053,1.158,0.184,4.108,4.042,0.914,1775.67,885.664,2142.82,1283.92,860.802,235.449,749.353,288.269,1287.01,97.04,523.17,3651.23,1002.51,732.68,69.21,1354.61,347.9,441.013,1205.51,125.35,124.031,1535.9,116.73,1344.0,2857.0,2371.75,1172.0,837.5,107.81,109.594
2011-06-07,1542.46,-0.358,1456.0,346.34,73.521,80.15,1.643,99.09,18.07,4.258,2.996,0.405,0.036,0.19,3.611,3.092,1.7,0.886,5.489,4.732,2.887,2.053,1.16,0.163,4.208,4.127,0.885,1783.71,888.168,2140.55,1279.03,861.85,234.267,751.932,290.712,1229.64,93.74,506.86,3593.47,1012.02,730.08,66.8,1311.9,337.79,444.9,1204.01,124.87,124.656,1543.3,116.78,1284.75,2774.0,2273.75,1148.8,813.0,107.63,109.758
2011-06-14,1520.4,-0.348,1400.0,347.01,74.332,80.52,1.639,99.37,18.26,4.296,3.098,0.44,0.046,0.187,3.581,3.013,1.588,1.549,5.528,4.763,2.907,2.068,1.15,0.165,4.19,4.099,0.845,1776.79,888.911,2128.57,1271.14,855.613,233.249,752.09,288.933,1231.57,93.43,511.68,3548.68,1018.99,722.33,65.22,1305.84,335.71,442.444,1196.58,125.41,123.984,1523.8,120.16,1290.0,2778.0,2250.75,1140.3,821.5,107.545,109.68
2011-06-21,1544.36,-0.4,1409.0,338.14,74.541,80.13,1.623,93.4,18.86,4.219,2.984,0.367,0.02,0.186,3.657,2.978,1.53,1.338,5.629,4.81,2.964,2.025,1.123,0.158,4.186,4.081,0.79,1778.98,891.174,2141.98,1263.16,849.452,231.455,751.655,287.163,1238.22,93.05,507.14,3501.62,987.19,691.53,63.8,1301.77,333.95,442.323,1185.4,125.89,125.25,1546.0,110.95,1288.0,2803.0,2244.0,1103.6,815.0,107.71,109.82
2011-06-28,1501.9,-0.389,1438.0,334.46,75.063,80.96,1.6,92.89,19.17,4.324,3.032,0.473,0.02,0.186,3.657,2.932,1.466,0.858,5.756,4.978,3.285,1.988,1.085,0.16,4.233,4.13,0.786,1778.4,891.492,2127.62,1262.75,848.378,229.532,751.201,286.154,1240.3,91.57,515.85,3566.29,988.48,723.91,65.23,1296.43,333.09,440.565,1183.88,126.56,123.328,1499.7,108.78,1294.5,2752.0,2284.0,1103.6,831.5,107.855,109.617
2011-07-05,1510.43,-0.461,1428.0,341.63,74.691,81.14,1.607,96.89,16.06,4.373,3.122,0.427,-0.005,0.185,3.661,3.007,1.637,0.909,5.72,4.993,3.076,2.072,1.167,0.163,4.262,4.164,0.807,1778.93,888.954,2131.85,1276.79,858.344,231.507,756.143,288.668,1280.07,95.12,537.88,3660.18,1023.87,737.65,67.6,1345.93,345.9,441.332,1192.68,125.62,122.656,1512.7,113.61,1336.75,2855.0,2372.0,1103.6,864.5,107.505,109.469
2011-07-12,1554.13,-0.547,1411.0,344.26,75.809,79.55,1.593,97.43,19.87,4.168,2.878,0.351,0.02,0.186,3.359,2.709,1.283,0.592,6.063,5.562,4.071,2.031,1.105,0.152,4.136,4.022,0.7,1785.63,894.456,2159.78,1277.14,852.326,229.329,758.048,286.292,1256.72,92.62,532.13,3459.89,1001.57,720.48,63.99,1307.28,335.5,440.582,1197.55,128.89,124.625,1562.3,117.75,1310.75,2694.0,2344.5,1103.6,856.0,108.245,109.641
2011-07-19,1601.32,-0.584,1330.0,346.54,75.221,78.94,1.613,97.5,19.21,4.19,2.881,0.371,0.015,0.186,3.377,2.676,1.237,1.484,6.149,5.721,4.205,1.994,1.069,0.145,4.112,3.993,0.695,1785.99,895.846,2159.15,1280.56,855.823,228.518,759.486,290.855,1269.54,91.38,529.05,3446.64,1009.18,732.11,64.83,1316.54,337.87,443.838,1192.63,129.05,124.922,1601.1,117.06,1321.25,2658.0,2389.0,1103.6,852.5,108.295,109.664
2011-07-26,1614.73,-0.518,1310.0,348.75,73.474,78.07,1.639,99.59,20.23,4.282,2.954,0.387,0.066,0.187,3.454,2.738,1.333,0.97,6.11,5.615,3.996,2.008,1.093,0.159,4.113,3.992,0.702,1787.4,896.739,2157.36,1288.49,864.561,230.732,762.888,293.089,1274.79,93.4,537.04,3551.72,1042.36,726.54,66.49,1342.4,344.72,448.436,1196.55,128.34,124.531,1616.8,118.28,1326.25,2745.0,2423.5,1103.6,865.5,108.095,109.641
2011-08-02,1641.8,-0.533,1253.0,341.82,74.513,77.02,1.628,93.79,24.79,3.909,2.612,0.316,0.056,0.192,3.172,2.414,1.062,0.972,6.49,6.12,4.609,1.97,1.043,0.15,4.01,3.837,0.619,1802.01,903.179,2202.41,1282.6,860.441,229.889,774.332,295.449,1200.2,88.97,523.31,3366.04,1024.83,707.36,65.29,1269.44,327.33,450.778,1190.29,131.82,126.953,1641.9,116.46,1247.25,2553.0,2288.25,1103.6,842.5,108.69,109.914
2011-08-09,1740.9,-0.453,1257.0,316.12,74.605,77.09,1.621,79.3,35.06,3.618,2.25,0.192,0.025,0.206,3.121,2.363,0.772,0.846,5.971,5.162,3.46,1.984,1.047,0.139,3.985,3.797,0.602,1813.07,910.496,2213.37,1228.75,827.85,219.373,764.373,293.686,1120.43,80.36,477.29,2853.74,832.09,654.05,56.23,1164.91,297.72,452.798,1160.65,132.41,129.828,1740.0,102.57,1171.75,2300.0,2155.0,1103.6,774.0,109.25,110.234
2011-08-16,1781.4,-0.419,1344.0,330.19,74.01,76.74,1.644,86.65,32.85,3.667,2.22,0.183,0.005,0.21,3.196,2.323,0.733,0.88,5.94,4.988,3.374,2.021,1.038,0.145,3.997,3.731,0.65,1824.58,913.33,2189.74,1236.22,831.32,217.825,763.612,300.19,1141.38,82.22,481.44,3115.77,855.86,650.34,59.31,1196.58,306.78,455.989,1153.54,133.11,130.078,1782.4,109.47,1192.25,2321.0,2199.0,1103.6,776.5,109.345,110.281
2011-08-23,1857.68,-0.442,1565.0,334.43,73.894,76.65,1.65,85.44,36.27,3.493,2.154,0.217,0.005,0.217,2.959,2.126,0.66,0.89,5.873,4.992,3.312,1.973,1.009,0.13,3.76,3.463,0.582,1815.29,915.416,2179.22,1220.62,822.365,215.715,764.283,300.539,1111.09,78.47,462.73,3024.89,827.06,639.01,57.0,1157.75,296.83,457.4,1144.88,135.28,130.328,1858.3,109.31,1158.5,2197.0,2124.0,1103.6,751.5,109.53,110.211
2011-08-30,1825.88,-0.416,1537.0,340.95,73.946,76.67,1.629,88.9,32.89,3.523,2.178,0.196,0.005,0.221,2.997,2.15,0.652,0.874,6.09,5.117,3.405,1.983,1.019,0.135,3.784,3.525,0.547,1816.85,913.003,2180.51,1226.21,824.264,213.808,763.472,297.812,1160.15,79.79,472.24,3154.81,867.95,647.78,58.34,1196.18,306.49,456.88,1142.1,135.28,130.391,1827.5,114.02,1204.75,2237.0,2227.0,1103.6,766.0,109.46,110.25
2011-09-06,1878.23,-0.424,1767.0,335.22,75.952,77.55,1.595,86.02,37.0,3.272,1.985,0.196,0.015,0.224,2.833,1.846,0.431,0.868,6.616,5.48,4.154,1.94,0.982,0.136,3.667,3.379,0.571,1822.54,919.466,2204.15,1229.92,822.319,213.753,768.331,293.554,1114.66,76.85,455.77,3083.17,831.82,657.59,56.84,1141.91,293.41,454.317,1145.53,138.61,131.219,1870.6,112.89,1164.5,2082.0,2165.25,1103.6,741.0,109.9,110.25
2011-09-13,1828.83,-0.386,1901.0,335.75,76.919,76.87,1.582,90.21,36.91,3.327,1.992,0.201,0.0,0.229,2.675,1.792,0.498,0.85,6.711,5.688,4.593,1.944,1.002,0.139,3.591,3.34,0.551,1823.51,921.403,2187.04,1225.88,813.561,208.831,764.524,291.018,1122.5,76.53,461.01,2947.95,807.81,641.79,54.69,1134.65,290.84,450.076,1141.54,137.73,131.063,1827.5,111.89,1171.5,2029.0,2220.75,1103.6,743.5,109.76,110.211
2011-09-20,1802.89,-0.355,1795.0,324.85,77.03,76.5,1.572,86.89,32.86,3.202,1.939,0.161,0.005,0.231,2.623,1.789,0.46,1.112,6.555,5.696,4.264,1.913,0.991,0.133,3.589,3.318,0.528,1824.21,921.476,2195.1,1232.44,815.166,209.256,758.412,291.66,1149.8,79.42,464.71,2892.68,796.2,669.57,53.82,1161.94,296.35,450.997,1136.37,137.44,131.344,1806.9,110.54,1196.0,2129.0,2296.5,1103.6,745.0,109.84,110.32
2011-09-27,1656.55,-0.321,1927.0,311.44,77.506,76.57,1.565,84.45,37.71,3.069,1.972,0.235,0.01,0.237,2.698,1.96,0.529,1.055,6.421,5.577,4.227,1.882,0.997,0.121,3.66,3.434,0.558,1815.38,925.124,2174.28,1213.8,798.516,207.065,730.69,288.177,1123.29,79.67,460.94,2754.53,716.91,646.15,50.42,1140.16,289.17,447.887,1122.57,135.88,129.563,1650.6,107.14,1169.5,2178.0,2254.0,1103.6,747.0,109.655,110.141
2011-10-04,1621.49,-0.253,1885.0,293.28,79.597,76.84,1.539,75.67,40.82,2.804,1.822,0.251,0.0,0.24,2.5,1.724,0.455,1.463,6.504,5.48,4.189,1.908,0.987,0.137,3.308,3.073,0.578,1820.73,922.198,2183.4,1165.22,769.677,203.349,724.935,288.702,1072.45,75.35,451.01,2514.99,633.51,619.96,44.74,1074.5,272.08,445.306,1114.72,138.24,130.953,1614.7,99.79,1113.5,2084.0,2113.5,1103.6,735.5,109.855,110.102
2011-10-11,1663.0,-0.209,2106.0,310.51,77.585,76.72,1.56,85.81,32.86,3.1,2.151,0.3,0.0,0.243,2.805,2.087,0.647,0.919,6.505,5.613,4.089,1.9,0.994,0.135,3.507,3.302,0.627,1812.61,913.207,2161.12,1194.22,790.848,206.37,737.986,288.467,1141.32,81.53,463.54,2814.79,708.49,646.98,50.74,1159.28,294.06,446.491,1112.98,134.55,128.234,1659.7,110.73,1189.5,2302.0,2288.5,1103.6,753.0,109.47,109.977
2011-10-18,1654.07,-0.19,2136.0,314.91,77.138,76.85,1.571,88.34,31.56,3.172,2.178,0.266,0.015,0.244,2.759,2.011,0.58,0.93,6.693,5.86,4.423,1.956,1.021,0.146,3.376,3.177,0.578,1813.44,917.057,2180.41,1219.63,808.363,211.307,751.379,288.49,1170.14,81.61,461.79,2857.6,751.02,656.05,50.87,1177.54,298.75,447.55,1116.84,135.58,128.828,1651.7,111.15,1223.0,2296.0,2363.75,1103.6,752.0,109.63,110.078
2011-10-25,1697.09,-0.03,2161.0,319.98,76.122,75.94,1.6,93.17,32.22,3.13,2.11,0.243,0.005,0.245,2.771,2.057,0.562,0.937,6.657,5.94,4.481,1.964,1.018,0.146,3.406,3.234,0.571,1813.65,918.107,2213.36,1252.07,828.404,215.672,755.781,292.215,1174.18,83.35,459.91,2907.34,791.9,675.26,53.52,1195.81,304.03,452.259,1119.86,135.26,129.125,1699.6,110.92,1224.5,2334.0,2321.75,1103.6,747.5,109.66,110.125
2011-11-01,1714.39,-0.086,1912.0,315.23,77.261,78.29,1.598,92.19,34.77,3.0,1.99,0.236,-0.01,0.245,2.577,1.767,0.409,0.919,6.885,6.18,5.199,1.97,1.023,0.141,3.241,3.057,0.518,1823.08,923.325,2236.7,1255.68,831.067,217.277,766.251,294.456,1163.84,81.61,464.77,2974.46,789.63,684.51,54.93,1174.77,299.91,449.786,1123.91,138.15,130.25,1711.8,109.54,1224.5,2251.0,2303.5,1103.6,756.0,109.955,110.188
2011-11-08,1800.44,-0.035,1759.0,322.61,76.586,77.79,1.608,96.8,27.48,3.137,2.078,0.238,0.005,0.248,2.592,1.799,0.394,0.892,7.309,6.742,6.296,1.955,0.976,0.127,3.254,3.057,0.511,1819.73,922.294,2221.88,1263.13,837.941,218.166,773.225,296.609,1218.83,83.42,454.45,3085.4,840.43,688.63,56.46,1215.69,309.87,451.045,1123.54,138.03,130.047,1799.2,115.0,1273.25,2305.0,2394.5,1103.6,738.5,109.955,110.211
2011-11-15,1781.68,0.011,1846.0,320.87,77.872,77.03,1.584,99.37,31.22,3.084,2.046,0.238,0.005,0.25,2.474,1.78,0.303,0.733,7.5,7.06,6.443,1.916,0.965,0.121,3.129,2.926,0.49,1817.82,921.326,2204.74,1251.02,827.683,216.395,769.451,290.204,1201.24,82.26,449.45,3003.57,820.67,658.72,56.37,1191.2,303.57,447.289,1122.92,138.71,130.328,1782.2,112.39,1254.0,2257.0,2359.75,1103.6,732.0,110.15,110.219
2011-11-22,1702.36,0.183,1854.0,310.93,78.266,76.99,1.565,98.01,31.97,2.88,1.918,0.258,0.015,0.257,2.602,1.917,0.381,0.722,7.204,6.807,6.829,1.917,0.963,0.124,3.125,2.957,0.474,1819.5,924.839,2199.28,1233.94,815.397,213.205,759.826,290.301,1134.46,77.48,440.34,2817.12,761.97,625.62,52.59,1127.25,286.96,445.806,1117.75,137.25,130.797,1702.4,109.03,1182.75,2143.0,2214.25,1103.6,717.0,110.085,110.227
2011-11-29,1714.37,0.216,1828.0,310.45,79.007,77.85,1.561,99.79,30.64,2.957,1.992,0.254,0.01,0.26,2.934,2.327,0.431,0.73,7.14,7.209,7.015,1.983,1.057,0.138,3.044,2.875,0.413,1820.72,924.809,2187.06,1232.44,810.077,209.402,755.824,291.18,1141.26,80.32,448.5,2743.16,786.16,622.71,52.66,1139.7,289.72,441.506,1108.71,133.39,130.469,1713.4,110.82,1196.5,2233.0,2212.5,1103.6,731.0,109.985,110.25
2011-12-06,1724.9,0.449,1848.0,313.52,78.499,77.72,1.558,101.28,28.13,3.098,2.09,0.254,0.0,0.274,2.708,2.184,0.335,0.725,6.558,5.844,5.5,1.953,1.04,0.127,3.19,2.998,0.368,1824.18,930.36,2197.09,1255.63,826.391,213.918,767.209,293.695,1201.42,83.92,454.38,3033.79,786.48,651.44,54.65,1193.68,303.49,445.452,1111.98,134.78,130.156,1727.9,110.81,1255.0,2361.0,2321.5,1103.6,737.0,110.165,110.25
2011-12-13,1657.75,0.38,1922.0,305.77,80.242,77.94,1.553,100.14,25.41,3.011,1.966,0.23,0.005,0.278,2.501,2.024,0.269,0.735,6.953,6.655,5.619,1.931,1.0,0.128,3.199,3.005,0.367,1831.56,934.931,2208.38,1257.35,824.081,214.549,766.279,291.02,1169.29,82.45,454.49,2862.71,731.95,622.25,53.21,1159.39,294.39,443.367,1112.46,136.61,131.313,1659.9,109.5,1226.25,2259.0,2271.0,1103.6,739.5,110.14,110.313
2011-12-20,1615.57,0.39,1878.0,301.67,79.882,77.79,1.567,97.22,23.22,2.926,1.924,0.255,0.005,0.287,2.46,1.951,0.208,0.569,6.623,6.571,4.868,1.909,0.974,0.128,3.095,2.884,0.365,1830.29,937.855,2212.35,1260.7,825.819,215.065,765.357,296.403,1184.19,82.82,440.43,2870.52,745.52,589.57,51.99,1163.9,294.73,445.651,1107.53,137.5,131.594,1615.6,106.73,1236.0,2252.0,2266.75,1103.6,717.0,110.24,110.281
2011-12-27,1590.48,0.42,1738.0,308.27,79.797,77.83,1.566,101.34,21.91,3.031,2.006,0.29,0.005,0.294,2.425,1.917,0.163,0.422,6.767,6.943,4.963,1.909,0.979,0.125,3.093,2.873,0.334,1829.42,938.869,2204.58,1266.92,829.031,216.153,767.321,295.485,1207.16,84.01,444.64,2883.95,746.65,613.66,53.92,1183.59,300.06,444.457,1109.13,137.98,129.953,1594.2,109.27,1260.25,2287.0,2284.5,1103.6,724.0,110.35,110.18
2012-01-03,1599.05,0.394,1624.0,313.37,79.611,76.69,1.565,102.96,22.97,2.981,1.948,0.255,0.005,0.295,2.473,1.895,0.185,0.629,6.706,6.885,4.557,1.895,0.97,0.124,3.088,2.866,0.359,1835.1,942.561,2218.96,1277.59,836.047,218.506,770.727,295.111,1218.12,87.16,446.93,2961.45,770.98,616.09,54.3,1206.09,305.68,447.247,1109.36,138.29,130.547,1600.5,112.13,1272.0,2385.0,2316.0,1103.6,728.0,110.295,110.023
2012-01-10,1633.14,0.492,1258.0,315.44,80.805,76.82,1.548,102.24,20.69,3.024,1.969,0.24,0.01,0.296,2.471,1.881,0.168,0.357,7.041,7.097,4.915,1.906,0.973,0.126,3.106,2.883,0.427,1837.65,950.264,2228.51,1286.08,837.332,220.796,769.188,294.043,1233.54,87.12,448.56,3019.44,792.95,627.18,54.98,1207.55,306.37,444.477,1116.43,138.72,130.719,1631.5,113.28,1286.0,2342.0,2363.5,1103.6,732.5,110.35,110.219
2012-01-17,1656.52,0.491,974.0,310.83,81.182,76.84,1.535,100.71,22.2,2.899,1.857,0.217,0.02,0.282,2.409,1.789,0.18,0.385,7.007,6.482,4.03,1.921,0.964,0.129,2.969,2.763,0.397,1841.96,959.102,2247.39,1287.64,839.438,223.601,770.549,295.879,1235.64,87.79,447.92,3121.12,798.35,641.32,57.08,1211.64,308.24,446.523,1120.51,139.68,131.594,1655.6,111.53,1289.25,2388.0,2389.75,1103.6,733.0,110.375,110.273
2012-01-24,1667.34,0.475,807.0,314.69,79.868,77.72,1.56,98.95,18.91,3.149,2.061,0.235,0.036,0.276,2.633,1.991,0.217,0.394,6.724,6.151,3.578,1.935,1.004,0.129,3.142,2.947,0.441,1836.94,954.134,2234.14,1298.89,852.079,226.919,777.537,295.259,1255.9,88.75,464.83,3224.02,818.48,660.08,57.95,1237.12,314.92,446.598,1121.99,137.3,130.094,1664.5,110.03,1311.5,2427.0,2437.5,1103.6,758.0,110.3,110.219
2012-01-31,1730.91,0.452,680.0,312.31,79.288,76.29,1.575,98.48,19.44,2.938,1.798,0.215,0.051,0.268,2.445,1.786,0.156,0.379,6.511,5.933,3.468,1.905,0.962,0.123,3.013,2.803,0.352,1842.81,963.996,2275.95,1310.1,862.033,230.714,786.56,302.344,1254.7,88.08,462.93,3250.43,845.89,672.49,58.65,1240.89,316.65,454.165,1127.01,139.72,132.25,1737.8,110.98,1308.25,2420.0,2464.25,1103.6,756.5,110.43,110.32
2012-02-07,1746.55,0.663,660.0,315.0,78.576,76.87,1.59,98.41,17.65,3.144,1.974,0.246,0.081,0.26,2.571,1.962,0.22,0.377,6.165,5.579,2.955,1.911,0.969,0.126,3.261,3.049,0.456,1841.97,961.908,2271.62,1320.46,872.371,234.106,791.511,302.094,1288.73,91.16,474.16,3416.82,882.76,688.93,59.63,1278.27,326.13,454.452,1134.34,137.95,131.156,1746.4,116.23,1344.75,2514.0,2529.25,1103.6,772.0,110.325,110.25
2012-02-14,1715.9,0.65,734.0,313.95,79.58,78.42,1.568,100.74,19.54,3.087,1.937,0.282,0.107,0.249,2.52,1.901,0.238,0.362,5.973,5.555,3.016,1.936,0.961,0.119,3.269,3.063,0.394,1845.98,963.334,2286.42,1323.44,873.406,235.001,795.605,300.784,1292.16,90.87,483.01,3348.01,879.48,701.67,60.07,1273.91,325.1,452.068,1136.76,138.52,131.531,1715.9,118.16,1347.75,2489.0,2576.0,1103.6,787.0,110.275,110.141
2012-02-21,1751.9,0.641,706.0,322.45,79.044,79.73,1.58,105.84,18.19,3.209,2.06,0.299,0.061,0.246,2.568,1.98,0.258,0.364,5.87,5.422,2.849,1.907,0.957,0.103,3.374,3.176,0.443,1842.69,963.48,2269.35,1327.36,879.245,236.398,799.936,300.642,1303.21,92.26,503.75,3405.26,886.51,726.43,61.45,1294.62,330.4,451.223,1140.34,137.96,130.641,1757.1,121.66,1360.0,2544.0,2591.0,1103.6,819.5,110.26,110.117
2012-02-28,1786.8,0.654,738.0,323.12,78.273,80.51,1.588,106.55,17.96,3.073,1.944,0.289,0.092,0.244,2.411,1.799,0.197,0.368,5.892,5.338,2.4,1.931,0.962,0.107,3.198,2.994,0.417,1845.12,965.077,2294.97,1339.15,890.017,238.796,807.306,304.862,1312.9,91.41,516.97,3450.57,921.01,696.58,62.15,1303.0,332.44,454.231,1143.09,140.06,131.672,1788.4,121.55,1371.5,2521.0,2632.0,1103.6,843.5,110.41,110.148
2012-03-06,1667.02,0.688,787.0,314.45,79.866,80.67,1.571,104.7,20.87,3.074,1.944,0.278,0.071,0.243,2.44,1.776,0.165,0.36,5.789,5.055,1.857,1.945,0.988,0.11,3.194,3.007,0.418,1845.53,961.811,2294.24,1332.38,885.101,241.019,811.318,301.367,1285.11,89.43,509.49,3289.08,894.42,677.75,59.52,1265.48,322.99,451.204,1146.31,140.27,131.719,1672.1,121.98,1342.0,2452.0,2589.5,1103.6,827.0,110.48,110.18
2012-03-13,1693.7,0.675,844.0,318.07,80.193,82.69,1.572,106.71,14.8,3.266,2.127,0.346,0.081,0.242,2.497,1.82,0.177,0.362,5.611,4.885,1.988,1.94,0.972,0.105,3.236,3.047,0.464,1845.34,960.845,2275.16,1340.71,891.589,243.067,817.037,301.687,1335.32,93.16,521.3,3369.83,929.47,703.83,61.24,1308.59,333.58,448.713,1145.71,138.23,130.484,1694.2,126.22,1396.25,2558.0,2697.75,1103.6,837.5,110.355,110.039
2012-03-20,1648.0,0.644,884.0,315.53,79.593,83.64,1.586,105.61,15.58,3.445,2.36,0.391,0.092,0.242,2.652,2.039,0.331,0.361,5.623,4.891,2.29,1.955,1.031,0.108,3.46,3.274,0.466,1840.14,952.799,2255.08,1339.21,892.726,244.832,812.657,298.602,1343.71,92.99,536.65,3284.25,900.43,681.65,58.85,1316.71,334.68,445.891,1148.18,135.64,128.547,1647.0,124.12,1400.0,2508.0,2735.5,1103.6,861.5,110.035,109.906
2012-03-27,1684.73,0.592,917.0,315.43,79.047,83.14,1.597,107.33,15.59,3.298,2.184,0.319,0.081,0.241,2.531,1.888,0.237,0.359,5.841,5.108,2.594,1.947,1.011,0.112,3.371,3.17,0.444,1846.17,959.163,2278.61,1340.71,893.212,244.166,811.975,302.546,1350.33,92.24,538.76,3286.51,904.14,679.3,59.13,1322.32,336.15,449.612,1144.24,137.31,129.594,1684.9,125.54,1406.5,2457.0,2775.75,1103.6,864.5,110.275,110.078
2012-04-03,1675.49,0.425,931.0,310.75,79.483,82.15,1.597,104.01,15.66,3.44,2.301,0.368,0.071,0.241,2.464,1.802,0.201,0.388,5.9,5.142,2.836,1.976,1.027,0.119,3.327,3.116,0.414,1842.56,957.752,2265.45,1341.06,892.952,243.779,811.168,302.988,1351.48,91.33,525.49,3195.28,899.09,695.5,59.18,1316.88,334.96,450.243,1144.24,138.29,128.922,1670.0,124.86,1408.75,2392.0,2779.0,1103.6,851.0,110.335,109.898
2012-04-10,1656.76,0.241,928.0,300.45,79.891,80.75,1.585,101.02,20.39,3.128,1.983,0.286,0.081,0.241,2.359,1.641,0.091,0.352,6.296,5.673,3.521,1.925,0.95,0.106,3.195,2.973,0.387,1855.21,965.16,2292.24,1333.69,884.031,240.634,810.849,302.665,1298.79,87.32,501.43,3043.67,849.33,681.44,58.07,1259.34,320.6,450.867,1143.34,140.32,131.594,1659.5,119.88,1357.0,2258.0,2697.0,1103.6,813.0,110.575,110.047
2012-04-17,1652.0,0.22,989.0,302.04,79.476,80.74,1.593,104.2,18.46,3.141,1.999,0.27,0.076,0.24,2.412,1.749,0.144,0.346,6.058,5.463,3.154,1.891,0.928,0.106,3.311,3.073,0.425,1855.53,965.669,2291.7,1339.49,887.237,240.604,813.006,304.071,1329.58,89.65,493.95,3062.39,841.46,682.67,58.9,1287.09,326.9,452.042,1139.38,139.96,131.422,1650.3,118.78,1383.5,2303.0,2712.75,1103.6,802.5,110.45,110.07
2012-04-24,1641.39,0.099,1116.0,301.29,79.225,81.17,1.613,103.55,18.1,3.128,1.974,0.266,0.081,0.239,2.41,1.697,0.127,0.344,6.18,5.662,3.279,1.905,0.928,0.109,3.312,3.082,0.42,1856.23,969.443,2295.13,1343.35,890.666,241.073,816.214,303.656,1311.66,87.91,494.48,3004.2,833.93,673.79,58.94,1271.8,323.15,452.611,1140.87,140.62,131.781,1643.0,118.16,1370.0,2227.0,2632.5,1103.6,806.5,110.505,110.133
2012-05-01,1662.98,0.132,1152.0,307.95,78.864,80.2,1.622,106.16,16.6,3.146,1.944,0.266,0.086,0.239,2.358,1.662,0.076,0.346,6.02,5.505,3.115,1.86,0.876,0.11,3.321,3.075,0.439,1857.7,970.091,2299.17,1356.83,900.955,243.656,822.668,305.268,1344.09,89.28,484.94,2950.49,844.89,676.89,60.12,1296.98,329.32,455.378,1144.81,141.09,131.969,1662.4,119.66,1400.5,2259.0,2718.5,1103.6,789.0,110.6,110.141
2012-05-08,1602.93,-0.025,1165.0,295.13,79.738,79.81,1.616,97.01,19.05,3.034,1.841,0.254,0.092,0.239,2.25,1.541,0.087,0.343,5.938,5.441,2.863,1.83,0.867,0.107,3.229,2.948,0.399,1862.35,976.411,2316.76,1360.53,900.691,245.454,825.457,305.053,1303.33,86.59,476.01,2813.68,779.66,647.38,58.09,1250.58,317.69,455.247,1140.1,142.55,132.922,1604.5,112.73,1358.5,2198.0,2622.75,1103.6,775.0,110.6,110.172
2012-05-15,1558.83,0.035,1130.0,289.14,81.221,80.14,1.602,93.98,21.97,2.917,1.769,0.274,0.092,0.239,2.134,1.469,0.069,0.341,6.181,5.85,3.482,1.81,0.849,0.103,3.213,2.912,0.386,1860.36,978.091,2317.98,1354.99,890.66,242.908,814.575,304.249,1271.78,84.91,459.98,2596.15,736.0,638.45,55.88,1213.99,307.67,452.066,1136.11,143.45,133.375,1557.1,112.24,1328.25,2152.0,2578.25,1103.6,748.0,110.645,110.141
2012-05-22,1582.48,0.03,1127.0,286.5,81.493,79.99,1.578,91.66,22.48,2.867,1.77,0.291,0.081,0.24,2.093,1.467,0.058,0.337,5.933,5.564,3.473,1.792,0.858,0.098,3.15,2.856,0.289,1860.34,975.957,2293.65,1336.87,879.031,239.548,805.747,303.611,1257.75,84.52,450.7,2525.34,703.09,626.36,53.89,1199.88,303.44,451.425,1121.46,143.09,133.313,1576.6,108.41,1314.75,2180.0,2535.25,1103.6,732.5,110.645,110.094
2012-05-29,1558.2,0.037,986.0,279.74,82.48,79.44,1.563,90.76,21.03,2.847,1.746,0.289,0.076,0.239,1.922,1.358,0.039,0.323,6.126,5.753,4.036,1.803,0.847,0.095,3.089,2.8,0.278,1860.63,976.311,2303.9,1337.91,875.367,239.536,801.724,301.312,1273.01,84.33,447.29,2549.56,698.34,642.97,54.42,1201.51,303.9,450.502,1126.43,144.3,133.828,1548.7,106.68,1333.5,2155.0,2559.5,1103.6,726.5,110.725,110.133
2012-06-05,1618.87,-0.192,904.0,270.38,82.825,78.74,1.536,84.29,24.68,2.642,1.575,0.25,0.076,0.24,1.701,1.206,0.007,0.337,6.03,5.63,4.031,1.837,0.857,0.097,2.844,2.53,0.242,1859.83,978.178,2316.14,1323.66,865.525,237.739,802.476,302.637,1227.27,80.99,435.13,2463.22,668.79,625.31,51.67,1158.3,292.88,451.007,1121.82,145.76,134.797,1615.2,98.84,1285.0,2082.0,2488.75,1103.6,710.5,110.785,110.25
2012-06-12,1612.14,-0.249,893.0,270.86,82.423,79.38,1.556,83.32,22.09,2.769,1.665,0.29,0.086,0.241,2.051,1.424,0.093,0.331,6.451,6.156,4.5,1.838,0.845,0.097,3.063,2.664,0.264,1864.08,974.087,2309.69,1337.6,876.207,239.939,812.043,300.121,1263.09,84.16,444.98,2517.67,692.59,656.61,53.29,1191.92,301.42,449.529,1123.21,142.48,134.109,1612.7,97.14,1326.75,2143.0,2550.25,1103.6,722.5,110.565,110.148
2012-06-19,1619.25,-0.382,954.0,277.21,81.378,78.92,1.573,84.03,18.38,2.733,1.621,0.29,0.086,0.244,2.215,1.528,0.084,0.329,6.301,5.902,4.26,1.841,0.812,0.097,3.103,2.705,0.236,1864.16,976.088,2322.31,1350.51,886.96,240.617,820.702,303.367,1295.17,85.83,451.64,2627.12,729.81,654.14,54.76,1226.94,310.42,453.406,1120.16,141.36,134.344,1622.2,95.76,1350.5,2188.0,2612.5,1103.6,735.5,110.575,110.148
2012-06-26,1572.06,-0.389,981.0,272.76,82.372,79.44,1.563,79.36,19.72,2.7,1.627,0.307,0.086,0.245,2.229,1.504,0.097,0.325,6.469,6.168,4.622,1.875,0.819,0.098,2.975,2.64,0.28,1865.25,976.372,2331.36,1355.21,887.065,242.518,819.279,299.996,1258.85,83.84,453.28,2448.46,693.43,656.77,52.48,1190.43,300.83,450.922,1121.54,141.7,133.438,1574.0,93.02,1315.5,2121.0,2548.25,1103.6,741.0,110.555,110.102
2012-07-03,1622.3,-0.273,1063.0,292.64,81.782,79.86,1.57,87.66,16.66,2.743,1.63,0.301,0.081,0.245,2.361,1.531,0.088,0.382,6.123,5.616,3.166,1.852,0.813,0.093,3.084,2.741,0.305,1867.68,977.18,2339.51,1369.1,899.442,245.588,828.873,302.14,1310.64,88.95,477.19,2635.33,758.52,678.74,54.49,1251.4,316.39,453.779,1122.95,141.46,133.641,1621.8,100.68,1368.0,2312.0,2641.5,1103.6,778.0,110.575,110.078
2012-07-10,1582.23,-0.262,1160.0,288.64,83.4,79.47,1.551,83.91,18.72,2.602,1.502,0.266,0.086,0.249,2.177,1.319,-0.005,0.329,6.264,5.938,3.914,1.841,0.792,0.097,2.991,2.611,0.217,1875.38,981.843,2362.34,1374.15,898.47,247.203,834.056,301.061,1279.37,88.38,464.93,2517.88,732.72,684.71,53.39,1218.81,308.24,452.824,1126.07,144.11,134.625,1579.8,97.97,1335.5,2240.0,2578.0,1103.6,759.0,110.77,110.18
2012-07-17,1588.93,-0.251,1093.0,295.64,83.032,79.13,1.562,89.22,16.48,2.604,1.509,0.238,0.092,0.248,2.099,1.231,-0.05,0.117,6.451,6.029,3.524,1.779,0.768,0.097,2.891,2.511,0.198,1876.82,986.832,2374.8,1376.35,901.808,247.453,846.974,302.699,1299.95,88.56,455.34,2535.45,744.85,662.75,53.15,1229.12,310.48,455.056,1128.93,145.12,134.547,1589.5,104.0,1358.5,2244.0,2587.0,1103.6,741.5,110.9,110.266
2012-07-24,1576.1,-0.308,1003.0,296.37,84.005,78.19,1.55,88.5,20.47,2.454,1.388,0.214,0.096,0.246,2.143,1.235,-0.072,0.115,6.926,6.572,5.03,1.761,0.731,0.093,2.888,2.504,0.075,1880.19,992.399,2395.02,1379.32,899.487,247.202,843.283,302.006,1275.64,86.66,440.18,2478.9,709.43,656.81,52.04,1202.88,303.69,454.836,1129.83,145.03,135.266,1576.2,103.42,1329.5,2155.0,2548.5,1103.6,714.5,110.92,110.336
2012-07-31,1615.73,-0.353,897.0,299.51,82.635,78.14,1.567,88.06,18.93,2.547,1.469,0.211,0.096,0.246,2.124,1.284,-0.094,0.111,6.625,6.064,4.001,1.817,0.789,0.098,2.884,2.499,0.08,1880.71,992.219,2397.35,1389.85,910.963,249.661,853.407,305.307,1314.63,90.35,451.52,2593.83,744.58,668.61,54.35,1250.57,316.02,458.627,1127.68,144.57,134.656,1610.5,104.92,1374.5,2328.0,2636.5,1103.6,734.0,110.945,110.313
2012-08-07,1611.55,-0.339,836.0,303.87,82.21,78.7,1.565,93.67,15.99,2.721,1.629,0.264,0.096,0.243,2.313,1.483,-0.033,0.111,6.469,5.951,3.16,1.809,0.769,0.095,2.976,2.557,0.109,1878.14,990.054,2384.32,1399.06,920.997,253.048,861.339,305.861,1335.88,92.93,457.57,2683.06,781.11,682.87,55.16,1276.4,322.37,458.149,1130.19,142.33,133.578,1609.7,112.0,1397.0,2437.0,2710.0,1103.6,743.5,110.835,110.219
2012-08-14,1603.1,-0.321,750.0,300.32,82.483,78.76,1.569,93.43,14.85,2.836,1.739,0.275,0.107,0.24,2.303,1.467,-0.038,0.115,6.339,5.817,3.396,1.829,0.791,0.097,2.967,2.566,0.137,1875.93,989.424,2376.83,1397.98,919.866,254.707,858.569,304.831,1338.37,93.54,459.63,2691.29,780.47,689.75,55.34,1277.51,323.01,456.956,1133.65,142.43,133.141,1599.4,114.03,1401.5,2429.0,2726.75,1103.6,750.0,110.85,110.18
2012-08-21,1638.75,-0.196,709.0,307.63,81.907,79.36,1.579,96.68,15.02,2.9,1.799,0.287,0.101,0.236,2.36,1.556,0.003,0.112,6.237,5.646,2.977,1.854,0.822,0.098,3.096,2.661,0.194,1873.45,987.312,2369.03,1400.69,924.913,255.849,857.484,304.093,1347.76,94.17,469.9,2702.77,778.66,696.37,54.8,1293.43,326.45,457.24,1134.46,141.38,132.609,1639.9,114.64,1412.5,2491.0,2774.0,1103.6,765.0,110.76,110.117
2012-08-28,1669.44,-0.181,724.0,306.91,81.37,78.5,1.583,96.33,16.49,2.747,1.634,0.264,0.096,0.235,2.147,1.34,-0.015,0.107,6.199,5.817,3.0,1.89,0.807,0.098,2.95,2.501,0.106,1879.46,992.647,2393.32,1404.54,928.801,255.598,863.323,308.341,1344.3,92.37,458.84,2643.99,767.29,684.63,53.73,1284.25,323.64,461.447,1133.66,143.96,133.953,1666.5,112.58,1407.75,2441.0,2780.75,1103.6,748.5,110.835,110.211
2012-09-04,1693.65,-0.226,693.0,308.81,81.312,78.41,1.588,95.3,17.98,2.682,1.573,0.23,0.086,0.231,2.155,1.39,-0.035,0.11,6.155,5.655,2.334,1.873,0.784,0.101,2.933,2.491,0.073,1882.67,993.911,2402.07,1407.89,931.414,256.743,865.885,309.479,1340.64,91.61,446.27,2558.71,758.06,677.33,52.42,1274.65,321.13,462.303,1134.81,143.5,134.453,1693.6,114.18,1406.0,2439.0,2774.5,1103.6,726.5,110.875,110.258
2012-09-11,1733.68,-0.186,662.0,314.9,79.857,77.76,1.607,97.17,16.41,2.853,1.701,0.246,0.097,0.228,2.385,1.542,0.043,0.105,5.804,5.066,2.272,1.877,0.795,0.098,3.098,2.651,0.167,1880.77,992.508,2394.04,1421.79,946.089,260.023,874.233,310.861,1367.91,94.04,450.38,2708.19,801.54,693.16,53.35,1311.71,330.39,466.028,1138.96,140.38,133.938,1732.3,115.4,1430.5,2559.0,2779.25,1103.6,731.0,110.66,110.227
2012-09-18,1766.91,-0.319,697.0,311.56,79.249,78.61,1.624,95.29,14.18,3.005,1.809,0.254,0.096,0.219,2.439,1.636,0.073,0.095,5.808,5.041,2.247,1.926,0.81,0.091,3.16,2.724,0.221,1883.99,990.037,2393.49,1436.09,957.351,262.728,874.778,313.389,1391.95,94.45,466.93,2785.46,831.54,719.11,54.98,1337.16,337.42,466.576,1143.67,139.46,133.438,1768.7,112.03,1459.25,2563.0,2855.5,1103.6,752.5,110.595,110.219
2012-09-25,1764.45,-0.269,763.0,306.71,79.552,77.89,1.622,91.37,15.43,2.845,1.667,0.262,0.107,0.217,2.408,1.583,0.067,0.095,5.785,5.089,2.288,1.91,0.79,0.091,3.123,2.676,0.205,1890.7,995.153,2412.6,1429.97,953.507,262.92,875.417,311.403,1374.32,95.13,465.48,2712.02,812.4,729.66,55.31,1327.25,335.02,468.369,1141.85,140.06,133.172,1763.9,110.45,1437.25,2561.0,2803.25,1103.6,749.5,110.605,110.195
2012-10-02,1778.68,-0.238,778.0,311.49,79.744,78.07,1.616,91.89,15.71,2.816,1.621,0.234,0.086,0.214,2.3,1.455,0.039,0.107,5.768,5.018,2.163,1.888,0.758,0.097,3.057,2.62,0.193,1886.67,999.966,2426.99,1428.15,953.165,262.562,880.809,313.25,1378.78,93.64,449.18,2692.14,808.16,735.93,55.78,1319.52,333.5,468.852,1139.19,141.43,133.641,1772.7,111.57,1441.0,2489.0,2795.25,1103.6,731.5,110.675,110.242
2012-10-09,1765.85,-0.081,875.0,309.12,79.951,78.24,1.6,92.39,16.37,2.926,1.714,0.258,0.096,0.218,2.316,1.473,0.037,0.093,5.73,5.096,2.329,1.918,0.768,0.097,3.094,2.633,0.191,1882.98,1000.329,2425.79,1432.87,955.63,264.086,883.34,313.005,1374.44,93.12,446.83,2671.49,798.07,733.87,56.03,1313.46,331.76,467.705,1141.31,141.38,133.047,1763.0,114.5,1436.0,2462.0,2734.0,1103.6,727.5,110.68,110.188
2012-10-16,1743.81,-0.056,981.0,306.2,79.405,78.91,1.612,92.09,15.22,2.915,1.719,0.266,0.086,0.214,2.389,1.543,0.079,0.092,5.585,4.926,2.088,1.916,0.756,0.097,3.153,2.705,0.248,1882.56,1001.144,2441.72,1440.15,964.278,265.783,892.48,312.18,1387.36,94.56,450.48,2712.35,795.18,724.03,57.48,1329.43,335.57,468.662,1139.28,140.77,132.875,1744.7,115.07,1449.25,2542.0,2765.25,1103.6,734.0,110.615,110.172
2012-10-23,1709.62,0.19,1109.0,299.88,79.976,79.82,1.594,86.67,18.83,2.903,1.758,0.287,0.101,0.211,2.408,1.571,0.104,0.095,5.549,4.861,2.197,1.94,0.778,0.097,3.134,2.72,0.245,1882.49,1001.534,2439.51,1440.34,964.704,267.379,892.22,310.91,1348.04,92.47,461.06,2624.54,783.07,727.3,59.25,1299.99,328.79,466.416,1139.73,140.35,132.375,1708.3,108.25,1406.75,2475.0,2660.5,1103.6,748.5,110.55,110.109
2012-10-30,1710.2,0.107,1043.0,295.23,79.931,79.63,1.608,85.68,17.81,2.883,1.719,0.289,0.112,0.212,2.338,1.478,0.038,0.086,5.599,4.985,2.309,1.953,0.756,0.093,3.079,2.682,0.255,1882.83,1002.227,2443.18,1438.59,962.725,266.768,888.888,312.582,1346.68,93.67,450.02,2655.86,763.59,715.31,58.23,1302.18,329.12,467.788,1135.27,141.54,132.672,1712.1,109.08,1407.5,2509.0,2659.0,1103.6,733.5,110.7,110.094
2012-11-06,1717.45,0.16,947.0,297.17,80.613,80.37,1.599,88.71,17.58,2.92,1.752,0.302,0.092,0.208,2.262,1.438,-0.008,0.09,5.518,4.887,2.12,1.935,0.757,0.09,3.12,2.714,0.234,1881.49,1003.316,2436.48,1444.06,963.701,268.836,890.032,310.91,1363.0,94.71,457.51,2709.21,768.87,732.53,60.06,1311.42,331.71,465.536,1134.67,142.09,132.703,1715.0,111.07,1425.25,2531.0,2675.75,1103.6,746.0,110.815,110.117
2012-11-13,1727.2,0.131,985.0,292.16,81.084,79.42,1.588,85.38,16.65,2.725,1.595,0.25,0.086,0.209,2.2,1.338,-0.036,0.072,5.586,4.958,2.294,1.898,0.733,0.098,3.042,2.614,0.253,1878.17,1010.819,2453.77,1435.95,958.934,269.396,889.726,313.52,1311.71,93.35,443.82,2596.41,727.2,729.98,57.84,1271.85,321.96,467.136,1132.76,143.14,134.047,1724.8,108.26,1371.0,2493.0,2560.5,1103.6,721.5,110.86,110.219
2012-11-20,1725.84,0.041,1066.0,296.51,80.957,81.72,1.592,86.75,15.08,2.821,1.667,0.254,0.071,0.208,2.303,1.417,-0.002,0.079,5.524,4.841,2.149,1.939,0.73,0.09,3.118,2.737,0.29,1879.43,1015.112,2438.97,1434.67,960.033,269.498,888.127,312.975,1324.35,92.91,468.84,2537.87,747.69,717.08,57.74,1281.29,323.94,464.4,1128.92,142.38,133.609,1723.6,109.83,1386.25,2508.0,2593.5,1103.6,760.5,110.82,110.203
2012-11-27,1745.51,0.052,1097.0,297.77,80.402,82.17,1.603,87.18,15.92,2.785,1.638,0.26,0.081,0.209,2.325,1.439,0.017,0.074,5.444,4.72,1.951,1.93,0.726,0.093,3.107,2.711,0.32,1879.91,1017.4,2445.05,1442.75,967.499,271.227,892.71,314.828,1335.17,94.05,481.01,2539.11,749.73,740.66,59.36,1299.36,328.64,466.008,1134.25,142.23,133.719,1742.3,109.87,1397.5,2540.0,2641.25,1103.6,782.0,110.785,110.195
2012-12-04,1693.76,0.058,1054.0,297.23,79.644,81.83,1.61,88.5,17.12,2.777,1.604,0.242,0.096,0.215,2.284,1.393,0.012,0.077,5.118,4.418,1.878,1.947,0.701,0.093,3.059,2.674,0.313,1881.49,1018.853,2450.34,1454.17,978.868,273.247,899.561,319.66,1343.39,95.17,481.17,2542.93,766.39,761.97,59.38,1314.02,332.33,469.394,1137.92,142.74,134.078,1694.4,109.84,1405.5,2586.0,2664.5,1103.6,781.0,110.775,110.242
2012-12-11,1708.31,0.129,900.0,293.84,80.061,82.44,1.611,85.79,15.57,2.841,1.655,0.238,0.066,0.212,2.247,1.318,-0.073,0.072,5.328,4.712,2.206,1.897,0.7,0.093,3.153,2.732,0.29,1881.23,1016.399,2445.88,1467.25,985.978,274.803,902.691,318.614,1363.43,96.65,483.6,2666.31,787.41,762.81,61.34,1329.94,336.99,468.094,1141.39,145.41,133.922,1708.2,108.01,1431.5,2623.0,2685.75,1103.6,785.5,110.925,110.25
2012-12-18,1675.88,0.2,743.0,295.59,79.359,84.11,1.625,87.93,15.57,2.998,1.818,0.278,0.051,0.21,2.29,1.41,-0.003,0.074,4.993,4.447,1.883,1.983,0.752,0.095,3.191,2.807,0.371,1877.72,1003.904,2427.54,1471.44,992.116,276.937,901.981,319.269,1380.81,96.61,504.0,2684.44,802.42,762.94,62.19,1347.92,341.45,467.353,1142.77,144.41,132.578,1669.5,108.84,1445.75,2647.0,2704.0,1103.6,819.0,110.78,110.188
2012-12-25,1658.33,0.208,699.0,293.06,79.67,84.71,1.612,88.61,17.84,2.939,1.775,0.266,0.051,0.21,2.247,1.375,-0.013,0.06,5.037,4.455,1.827,1.932,0.769,0.093,3.159,2.765,0.334,1880.65,1005.191,2440.63,1471.81,993.013,277.621,904.925,319.305,1362.2,96.61,517.18,2726.22,804.04,759.11,62.2,1339.04,339.46,466.976,1146.0,144.77,132.328,1658.6,108.8,1419.75,2642.55,2648.75,1103.6,838.5,110.8,110.203
2013-01-01,1674.41,0.206,699.0,295.01,79.736,86.75,1.626,91.82,18.02,2.95,1.758,0.247,0.041,0.209,2.167,1.314,-0.021,0.079,5.055,4.489,1.952,1.971,0.786,0.093,3.099,2.701,0.316,1882.91,1006.09,2445.25,1472.56,994.016,278.527,906.477,319.968,1361.88,96.31,531.17,2727.71,807.53,770.4,62.93,1338.55,339.78,465.98,1144.54,145.64,132.781,1675.8,111.11,1420.0,2615.0,2655.25,1103.6,861.5,110.855,110.234
2013-01-08,1659.52,0.205,734.0,294.61,80.345,87.24,1.604,93.15,13.62,3.068,1.869,0.252,0.051,0.208,2.351,1.49,0.063,0.068,4.939,4.28,1.667,2.002,0.831,0.093,3.228,2.864,0.389,1879.85,1008.476,2441.9,1486.7,1003.073,282.845,909.64,315.322,1392.08,98.54,538.43,2767.49,833.07,776.99,64.42,1362.25,345.61,462.766,1154.81,143.43,131.859,1662.2,111.94,1452.25,2685.0,2714.0,1103.6,869.0,110.65,110.172
2013-01-15,1683.55,0.208,765.0,297.63,79.779,88.66,1.607,93.28,13.55,3.026,1.837,0.245,0.076,0.206,2.379,1.576,0.135,0.067,4.952,4.212,1.373,2.0,0.776,0.076,3.241,2.888,0.368,1880.46,1013.091,2443.15,1491.4,1008.496,282.542,908.29,321.733,1407.3,98.47,560.5,2778.42,834.66,785.46,65.35,1382.74,350.28,464.791,1159.53,143.29,132.266,1683.9,110.3,1465.25,2696.0,2714.25,1103.6,906.5,110.505,110.211
2013-01-22,1694.53,0.198,825.0,301.5,79.874,88.67,1.585,96.24,12.43,3.028,1.843,0.242,0.061,0.205,2.348,1.572,0.168,0.068,4.967,4.195,1.447,1.966,0.731,0.067,3.266,2.902,0.4,1878.53,1014.634,2443.33,1496.78,1010.112,282.258,909.921,320.651,1426.42,99.03,556.6,2795.19,841.17,781.73,66.1,1393.62,352.91,463.751,1164.83,143.12,132.266,1693.2,112.42,1489.5,2715.0,2751.0,1103.6,901.0,110.415,110.203
2013-01-29,1662.17,0.139,779.0,301.834,79.564,90.61,1.576,97.57,13.31,3.184,2.0,0.277,0.066,0.203,2.425,1.69,0.27,0.071,4.901,4.167,1.514,1.99,0.76,0.073,3.327,2.969,0.371,1872.58,1010.911,2423.44,1499.13,1012.793,279.547,907.462,319.73,1441.04,100.01,569.32,2815.21,858.89,780.03,65.43,1410.68,356.29,461.226,1167.37,141.82,131.219,1660.8,114.36,1505.0,2750.0,2742.75,1103.6,924.0,110.235,110.125
2013-02-05,1673.3,0.222,739.0,304.136,79.488,93.27,1.564,96.64,13.72,3.208,1.999,0.254,0.071,0.198,2.38,1.65,0.232,0.081,5.049,4.453,1.624,1.996,0.788,0.044,3.325,2.984,0.335,1874.22,1011.036,2419.42,1489.57,1005.038,276.192,896.106,319.664,1444.48,98.27,580.77,2792.19,856.15,770.37,64.36,1405.15,354.97,458.666,1173.66,142.2,131.219,1672.4,116.52,1506.0,2652.0,2749.25,1103.6,939.5,110.315,110.148
2013-02-12,1649.77,0.24,747.0,300.629,80.106,93.25,1.567,97.51,12.64,3.189,1.978,0.262,0.081,0.202,2.399,1.629,0.187,0.068,5.143,4.502,1.641,1.968,0.748,0.02,3.384,3.033,0.319,1873.22,1011.787,2424.08,1488.58,1004.71,277.33,898.195,318.438,1452.06,98.69,600.36,2770.15,835.53,766.55,63.98,1413.83,356.53,458.671,1174.62,142.55,131.438,1648.7,118.66,1516.25,2646.0,2760.75,1103.6,970.0,110.405,110.141
2013-02-19,1605.16,0.302,738.0,298.382,80.468,93.51,1.542,96.66,12.31,3.21,2.029,0.27,0.107,0.201,2.419,1.621,0.174,0.06,5.029,4.392,1.589,1.907,0.737,0.026,3.435,3.114,0.297,1875.29,1011.373,2422.46,1494.26,1006.941,278.58,898.7,315.437,1462.49,99.64,596.58,2777.56,840.61,768.86,63.54,1419.81,358.05,457.177,1177.04,142.82,131.344,1603.6,117.52,1528.0,2665.0,2780.75,1103.6,963.0,110.485,110.125
2013-02-26,1614.25,0.18,741.0,293.225,81.87,91.73,1.514,92.63,16.87,3.078,1.882,0.242,0.112,0.203,2.316,1.452,0.068,0.071,5.404,4.891,2.161,1.874,0.685,0.038,3.285,2.933,0.198,1878.55,1012.512,2442.55,1496.06,1003.226,278.622,898.227,312.719,1430.03,97.78,597.83,2692.79,807.34,747.26,61.38,1386.06,349.71,457.064,1174.24,144.9,132.672,1615.2,112.71,1492.5,2569.0,2707.75,1103.6,966.0,110.69,110.227
2013-03-05,1572.79,0.399,806.0,291.583,82.087,93.38,1.51,90.82,13.48,3.106,1.899,0.238,0.096,0.205,2.315,1.449,0.054,0.059,5.345,4.733,1.844,1.692,0.627,0.04,3.277,2.897,0.239,1879.41,1013.016,2441.41,1503.6,1006.956,279.78,900.971,314.304,1470.86,101.06,610.35,2710.59,807.95,748.49,61.79,1420.25,357.55,456.16,1177.09,145.03,132.688,1574.9,111.61,1537.0,2683.0,2798.25,1103.6,989.0,110.705,110.234
2013-03-12,1592.75,0.402,865.0,295.696,82.584,95.96,1.49,92.54,12.27,3.213,2.017,0.254,0.091,0.202,2.357,1.48,0.068,0.06,5.278,4.601,1.75,1.755,0.637,0.047,3.295,2.925,0.207,1875.22,1007.194,2429.35,1508.91,1009.372,280.967,898.438,312.571,1482.94,101.5,641.88,2803.77,817.07,765.15,62.15,1433.28,360.75,452.963,1183.37,143.04,131.734,1591.7,109.65,1552.5,2710.0,2803.0,1103.6,1028.5,110.62,110.188
2013-03-19,1612.67,0.439,912.0,293.135,82.989,94.93,1.51,92.16,14.39,3.128,1.903,0.238,0.051,0.203,2.214,1.346,0.001,0.07,5.319,4.72,1.882,1.727,0.595,0.058,3.175,2.782,0.189,1880.9,1008.191,2442.35,1512.21,1008.638,282.104,896.627,314.222,1478.71,101.54,646.69,2712.32,789.23,743.19,59.3,1426.75,357.92,454.644,1186.17,144.62,132.797,1611.3,107.45,1542.25,2609.0,2779.5,1103.6,1040.5,110.775,110.219
2013-03-26,1597.17,0.396,931.0,296.719,82.881,94.46,1.514,96.34,12.77,3.143,1.91,0.246,0.071,0.204,2.255,1.344,0.003,0.061,5.184,4.565,1.782,1.579,0.538,0.038,3.13,2.763,0.199,1880.18,1007.749,2439.59,1514.33,1008.612,282.388,894.178,315.742,1493.5,100.9,645.43,2664.95,772.62,731.11,60.36,1432.64,359.38,455.763,1183.96,144.82,131.703,1595.7,109.36,1557.25,2577.0,2799.75,1103.6,1034.5,110.77,110.203
2013-04-02,1575.11,0.281,896.0,293.524,82.924,93.5,1.512,97.19,12.78,3.1,1.86,0.238,0.086,0.204,2.238,1.306,-0.007,0.112,5.193,4.615,1.758,1.514,0.559,0.06,3.12,2.745,0.205,1883.27,1009.45,2443.92,1516.99,1008.758,281.986,893.897,316.914,1499.53,102.21,613.37,2631.68,772.92,746.8,59.85,1435.41,360.01,456.73,1184.32,145.24,131.984,1575.1,110.69,1564.5,2614.0,2812.75,1103.6,988.5,110.785,110.195
2013-04-09,1585.75,0.113,856.0,290.995,82.309,99.14,1.532,94.2,12.84,2.938,1.751,0.23,0.061,0.2,2.122,1.26,0.03,0.075,5.02,4.347,1.487,1.371,0.523,0.107,3.003,2.644,0.234,1887.53,1015.843,2470.74,1519.46,1017.859,283.6,907.4,323.395,1497.97,98.96,682.25,2718.57,774.07,715.34,58.97,1433.01,358.92,457.389,1178.73,145.8,132.813,1586.2,106.23,1563.25,2527.0,2797.5,1103.6,1102.5,110.71,110.219
2013-04-16,1379.22,0.094,880.0,283.229,81.749,97.57,1.535,88.72,13.96,2.909,1.723,0.226,0.051,0.2,2.191,1.276,0.026,0.082,5.079,4.306,1.433,1.592,0.582,0.128,3.053,2.676,0.216,1889.46,1016.038,2476.8,1525.23,1020.603,284.868,906.391,321.262,1503.57,98.93,695.03,2636.74,733.32,734.13,58.11,1438.81,359.9,458.612,1186.75,145.73,132.953,1386.8,99.91,1568.75,2555.0,2828.0,1103.6,1126.5,110.72,110.242
2013-04-23,1413.6,0.069,885.0,280.995,83.048,99.35,1.527,89.18,13.48,2.903,1.707,0.226,0.046,0.199,2.181,1.26,0.016,0.083,4.78,3.94,1.148,1.573,0.581,0.12,3.051,2.659,0.255,1890.48,1017.696,2481.82,1529.66,1021.897,286.26,906.451,321.768,1508.36,100.44,707.39,2652.22,720.02,749.78,58.42,1443.86,361.05,457.438,1181.95,146.09,133.078,1408.6,100.31,1573.5,2608.0,2823.0,1103.6,1145.5,110.74,110.25
2013-04-30,1471.96,0.036,863.0,288.134,81.746,97.53,1.554,93.46,13.52,2.876,1.673,0.207,0.046,0.198,2.101,1.215,0.011,0.082,4.74,3.886,1.083,1.6,0.604,0.123,3.009,2.623,0.241,1892.04,1020.026,2487.23,1542.56,1032.946,289.025,911.151,325.134,1527.16,101.87,720.53,2713.94,760.83,761.47,60.82,1476.14,369.42,462.551,1189.03,146.58,133.359,1472.1,102.37,1592.25,2669.0,2880.0,1103.6,1167.0,110.75,110.289
2013-05-07,1451.88,-0.191,889.0,288.986,82.253,99.03,1.548,95.62,12.83,2.995,1.779,0.22,0.025,0.198,2.211,1.298,0.027,0.077,4.61,3.863,1.246,1.617,0.589,0.11,3.081,2.7,0.282,1886.33,1019.037,2477.12,1556.03,1039.557,290.662,914.449,321.916,1553.37,103.61,733.16,2722.89,784.9,778.45,61.81,1492.06,373.48,459.078,1195.31,145.43,132.625,1448.8,104.4,1620.5,2734.0,2946.5,1103.6,1185.0,110.725,110.258
2013-05-14,1426.38,-0.228,872.0,287.666,83.595,102.24,1.524,94.21,12.77,3.191,1.975,0.245,0.036,0.199,2.29,1.373,0.025,0.074,4.787,4.011,1.4,1.78,0.857,0.133,3.2,2.817,0.323,1880.3,1016.717,2459.43,1550.47,1033.994,290.024,909.222,316.115,1576.36,104.93,760.82,2693.11,769.13,771.6,61.24,1505.97,376.28,452.19,1202.13,144.74,131.719,1424.5,102.6,1648.0,2777.0,2995.25,1103.6,1234.5,110.715,110.211
2013-05-21,1378.02,-0.222,830.0,287.925,83.864,102.39,1.517,96.16,13.37,3.131,1.927,0.234,0.036,0.196,2.323,1.39,0.005,0.066,4.724,3.921,1.273,1.848,0.874,0.128,3.223,2.842,0.327,1878.59,1016.316,2462.97,1551.92,1034.236,290.874,907.612,313.63,1593.61,106.33,790.18,2714.53,778.95,788.39,62.06,1520.64,379.59,450.028,1208.34,144.33,131.906,1377.6,103.91,1665.5,2810.0,3021.5,1103.6,1273.0,110.765,110.219
2013-05-28,1386.31,-0.174,822.0,285.907,84.1,102.17,1.505,95.01,14.48,3.322,2.166,0.288,0.041,0.193,2.365,1.497,0.037,0.081,4.788,4.032,1.363,1.834,0.901,0.127,3.231,2.866,0.355,1864.87,1011.548,2438.14,1545.18,1029.207,290.588,897.095,311.721,1583.6,105.71,726.77,2653.49,759.66,788.16,61.26,1497.13,373.68,447.371,1203.13,143.82,130.391,1378.9,104.23,1654.5,2838.0,3003.5,1103.6,1170.0,110.71,110.117
2013-06-04,1397.1,-0.144,805.0,285.942,82.769,100.14,1.53,93.31,16.27,3.311,2.147,0.297,0.041,0.194,2.389,1.542,0.102,0.114,4.851,4.095,1.367,1.808,0.875,0.127,3.384,2.96,0.383,1858.47,1006.457,2425.08,1525.9,1019.259,288.465,883.186,311.383,1555.35,102.7,699.13,2509.18,720.27,765.22,59.46,1473.48,367.33,450.391,1200.59,143.36,130.344,1397.1,103.24,1631.25,2753.0,2974.75,1103.6,1134.0,110.56,110.094
2013-06-11,1376.82,-0.202,825.0,285.006,81.113,96.91,1.559,95.38,17.07,3.314,2.186,0.322,0.041,0.193,2.4,1.6,0.205,0.078,5.015,4.365,1.657,1.818,0.884,0.128,3.417,3.028,0.468,1860.16,998.412,2404.46,1510.11,1009.9,285.309,866.563,308.901,1550.36,100.06,685.08,2336.24,685.12,747.93,56.88,1463.42,362.99,453.173,1194.0,142.74,129.922,1377.0,102.96,1627.0,2685.0,2963.5,1103.6,1102.5,110.32,110.039
2013-06-18,1367.23,-0.228,962.0,286.434,80.612,95.33,1.564,98.44,16.61,3.342,2.186,0.262,0.046,0.192,2.418,1.569,0.174,0.075,4.954,4.286,1.768,1.804,0.831,0.125,3.434,3.028,0.438,1865.92,996.234,2407.43,1518.17,1015.464,285.425,871.528,310.982,1575.04,100.42,674.61,2294.45,714.26,750.75,55.82,1483.04,367.27,456.409,1189.13,143.21,130.281,1366.6,106.02,1651.0,2700.0,2993.5,1103.6,1088.0,110.38,110.18
2013-06-25,1277.13,-0.072,1090.0,278.019,82.581,97.71,1.543,95.32,18.47,3.622,2.609,0.405,0.056,0.195,2.517,1.803,0.236,0.084,5.287,4.852,2.279,1.841,0.848,0.134,3.62,3.298,0.51,1829.11,965.738,2337.25,1476.83,982.602,281.383,831.091,297.808,1513.66,95.91,668.47,2124.78,671.71,722.21,51.32,1412.53,348.85,442.883,1181.79,140.54,125.703,1274.8,101.26,1581.5,2539.0,2858.25,1103.6,1077.0,110.26,109.859
2013-07-02,1244.8,0.124,1170.0,279.686,83.544,100.64,1.517,99.6,16.44,3.473,2.47,0.347,0.02,0.196,2.463,1.703,0.173,0.208,5.023,4.436,1.788,1.896,0.889,0.138,3.539,3.184,0.367,1845.8,979.439,2370.08,1497.05,996.292,283.214,851.883,301.189,1539.67,98.38,727.93,2093.57,694.08,758.82,53.93,1444.86,357.95,443.671,1184.67,141.69,126.609,1243.4,104.0,1607.25,2598.0,2923.25,1103.6,1175.5,110.38,109.883
2013-07-09,1248.86,0.167,1120.0,283.597,84.58,101.02,1.486,103.53,14.35,3.648,2.635,0.367,0.036,0.193,2.456,1.653,0.08,0.087,5.103,4.408,1.529,1.867,0.865,0.128,3.614,3.265,0.34,1832.58,972.407,2358.39,1496.23,992.306,284.744,845.0,297.241,1575.91,100.91,742.87,2053.22,698.02,758.65,53.3,1468.47,362.31,439.382,1187.11,142.56,125.5,1245.9,107.81,1645.5,2662.0,2974.25,1103.6,1200.0,110.605,109.828
2013-07-16,1291.8,0.218,1152.0,288.481,82.498,99.19,1.511,106.0,14.42,3.586,2.533,0.323,0.025,0.192,2.383,1.55,0.088,0.087,5.119,4.462,1.691,1.851,0.822,0.127,3.488,3.133,0.31,1840.54,975.623,2380.39,1519.74,1009.552,285.436,854.928,303.734,1599.14,101.22,751.69,2164.34,748.17,774.38,55.57,1500.53,371.1,446.961,1195.45,143.69,126.594,1290.4,109.4,1671.25,2668.0,3070.75,1103.6,1210.5,110.57,109.93
2013-07-23,1335.96,0.11,1127.0,290.647,81.945,99.71,1.538,107.23,12.66,3.577,2.506,0.306,0.015,0.191,2.383,1.55,0.133,0.098,5.048,4.365,1.574,1.833,0.774,0.127,3.554,3.188,0.335,1845.04,969.17,2392.5,1534.69,1022.447,287.88,867.352,304.819,1614.57,102.59,759.56,2242.03,756.18,790.49,57.16,1519.77,376.02,448.9,1199.37,143.82,126.953,1334.7,108.42,1688.25,2724.0,3026.0,1103.6,1225.0,110.49,109.977
2013-07-30,1323.87,0.057,1067.0,281.68,81.829,98.09,1.523,103.08,13.39,3.682,2.611,0.313,0.036,0.186,2.478,1.667,0.151,0.097,5.099,4.399,1.549,1.807,0.791,0.112,3.539,3.196,0.31,1841.27,970.803,2380.32,1523.57,1017.049,287.876,859.17,302.738,1610.8,102.55,711.79,2173.02,725.34,750.34,57.02,1510.32,373.28,449.172,1195.12,142.45,126.422,1324.0,106.91,1684.75,2761.0,3085.5,1103.6,1150.0,110.45,110.008
2013-08-06,1283.76,0.021,1046.0,281.37,81.603,97.77,1.537,105.3,12.72,3.728,2.643,0.305,0.036,0.186,2.494,1.701,0.169,0.084,4.986,4.252,1.448,1.839,0.783,0.112,3.575,3.286,0.369,1842.91,967.742,2375.51,1518.26,1016.832,289.473,856.284,304.965,1622.03,103.83,739.92,2123.52,713.45,726.82,57.35,1528.06,376.87,450.027,1200.79,142.07,126.359,1283.2,108.18,1694.0,2791.0,3118.0,1103.6,1195.5,110.42,110.023
2013-08-13,1321.66,0.069,1007.0,288.076,81.768,98.12,1.546,106.83,12.31,3.759,2.72,0.33,0.046,0.185,2.589,1.807,0.223,0.082,5.013,4.226,1.796,1.761,0.737,0.107,3.653,3.394,0.419,1840.21,965.416,2364.43,1517.65,1016.942,290.694,856.186,303.526,1618.98,105.3,716.8,2214.41,734.12,750.75,59.68,1527.19,377.52,448.368,1198.01,140.86,125.703,1321.2,109.82,1690.75,2841.0,3137.0,1103.6,1158.5,110.315,109.961
2013-08-20,1374.44,0.035,1145.0,290.341,80.906,97.31,1.568,104.96,14.91,3.853,2.815,0.339,0.036,0.184,2.633,1.84,0.204,0.078,5.044,4.305,1.852,1.801,0.739,0.105,3.666,3.431,0.373,1827.63,959.661,2345.13,1508.95,1013.83,289.805,845.135,302.635,1579.35,103.37,696.04,2094.0,725.19,711.73,58.22,1500.59,370.22,449.506,1191.79,140.61,125.172,1373.1,110.15,1650.5,2789.0,3081.0,1103.6,1126.5,110.355,109.906
2013-08-27,1419.64,-0.014,1169.0,294.709,81.166,97.24,1.554,109.01,16.77,3.692,2.71,0.356,0.061,0.184,2.633,1.846,0.235,0.077,5.176,4.449,2.016,1.797,0.74,0.109,3.55,3.329,0.39,1840.64,958.116,2364.91,1509.93,1011.78,289.362,841.845,303.792,1559.69,102.31,701.12,2069.57,718.24,699.35,58.55,1484.4,365.94,449.581,1192.22,140.54,125.734,1420.6,114.36,1628.25,2760.0,3059.5,1103.6,1134.0,110.36,109.875
2013-09-03,1409.13,-0.137,1168.0,292.789,82.361,99.4,1.555,108.54,16.61,3.794,2.859,0.415,0.015,0.183,2.707,1.94,0.281,0.107,5.092,4.345,1.894,1.804,0.747,0.112,3.64,3.41,0.473,1830.17,953.849,2353.96,1514.49,1010.394,290.744,838.192,299.792,1568.98,103.2,711.68,2108.33,713.92,709.98,59.99,1486.06,367.1,443.932,1186.26,139.61,124.656,1411.7,115.68,1639.0,2755.0,3086.5,1103.6,1148.5,110.28,109.789
2013-09-10,1364.38,0.031,1541.0,290.086,81.821,100.34,1.573,107.39,14.53,3.894,2.965,0.471,0.015,0.182,2.796,2.026,0.27,0.075,5.205,4.531,2.058,1.792,0.741,0.112,3.737,3.534,0.527,1824.41,954.423,2335.37,1514.37,1013.413,291.595,839.276,298.18,1611.77,105.88,736.38,2349.53,772.02,771.2,62.14,1529.14,379.04,443.841,1191.11,136.73,124.156,1363.7,111.25,1682.5,2852.0,3182.75,1103.6,1188.5,110.145,109.664
2013-09-17,1310.34,-0.031,1740.0,286.718,81.143,99.22,1.591,105.42,14.53,3.832,2.848,0.371,0.005,0.179,2.719,1.963,0.212,0.072,5.157,4.399,1.907,1.789,0.715,0.112,3.679,3.468,0.5,1836.06,965.698,2350.03,1524.01,1021.91,292.683,850.498,302.633,1631.86,106.65,729.69,2361.09,797.81,761.69,62.42,1547.24,383.5,448.317,1197.44,138.07,125.219,1309.4,108.19,1705.0,2892.0,3190.75,1103.6,1177.5,110.265,109.906
2013-09-24,1314.63,-0.006,2021.0,285.168,80.563,98.86,1.601,103.13,14.08,3.67,2.656,0.326,0.02,0.179,2.676,1.845,0.18,0.078,5.093,4.242,1.706,1.706,0.668,0.087,3.623,3.377,0.427,1859.69,976.258,2382.97,1532.73,1030.572,293.905,862.517,306.8,1625.65,107.08,750.19,2434.57,800.48,768.21,62.02,1555.57,385.68,454.137,1200.38,139.54,125.938,1316.0,108.64,1692.5,2912.0,3213.25,1103.6,1208.5,110.375,110.047
2013-10-01,1285.4,-0.045,1994.0,284.02,80.141,98.04,1.62,102.04,15.54,3.717,2.651,0.329,0.015,0.179,2.615,1.804,0.168,0.085,5.059,4.413,1.75,1.683,0.662,0.102,3.511,3.259,0.443,1862.41,976.78,2379.11,1528.81,1028.212,294.676,858.958,310.512,1625.25,106.93,736.86,2413.33,794.29,755.68,60.93,1553.51,384.62,455.828,1199.03,140.26,126.125,1286.0,107.94,1689.5,2917.0,3245.5,1103.6,1194.0,110.395,109.945
2013-10-08,1323.72,0.015,2146.0,288.005,80.06,96.93,1.608,103.49,20.34,3.69,2.633,0.381,0.046,0.174,2.682,1.81,0.17,0.084,5.063,4.344,1.658,1.657,0.651,0.095,3.51,3.244,0.42,1862.59,976.947,2385.83,1535.96,1033.736,295.769,862.373,311.5,1586.17,104.83,710.26,2398.32,816.38,773.5,62.4,1523.13,378.47,457.593,1201.41,140.22,126.266,1324.2,110.16,1650.5,2897.0,3150.75,1103.6,1152.0,110.395,109.781
2013-10-15,1271.16,0.004,1963.0,286.314,80.482,98.59,1.597,101.21,18.66,3.789,2.729,0.354,0.101,0.176,2.778,1.913,0.198,0.085,5.007,4.246,1.507,1.666,0.666,0.097,3.598,3.364,0.493,1858.33,972.937,2383.07,1541.68,1037.098,297.345,865.627,308.168,1627.04,107.54,739.42,2491.6,829.77,795.44,62.83,1558.19,387.08,454.54,1202.97,139.24,125.859,1273.0,109.96,1692.0,2994.0,3240.75,1103.6,1198.0,110.35,109.875
2013-10-22,1342.32,-0.043,1847.0,284.721,79.23,98.05,1.624,97.8,13.33,3.609,2.513,0.291,0.025,0.17,2.666,1.795,0.153,0.093,4.934,4.097,1.353,1.607,0.616,0.095,3.489,3.241,0.428,1876.87,976.836,2418.14,1558.59,1051.798,298.915,877.312,315.038,1681.41,109.7,749.67,2548.36,840.5,807.07,62.75,1610.79,399.29,461.846,1210.67,140.54,127.5,1342.5,109.97,1749.5,3035.0,3356.5,1103.6,1216.0,110.445,109.984
2013-10-29,1346.09,-0.056,1551.0,280.637,79.607,98.19,1.603,98.2,13.41,3.613,2.504,0.313,0.036,0.168,2.634,1.74,0.179,0.096,4.926,4.138,1.497,1.634,0.609,0.101,3.454,3.203,0.419,1878.41,984.357,2418.94,1563.87,1054.387,299.124,877.823,314.953,1695.93,109.67,736.13,2526.9,821.99,805.38,61.17,1614.33,399.73,461.867,1212.24,141.27,127.719,1345.2,109.01,1767.5,3042.0,3384.0,1103.6,1194.0,110.39,109.984
2013-11-05,1309.83,-0.018,1600.0,273.026,80.706,98.58,1.604,93.37,13.27,3.771,2.671,0.301,0.046,0.169,2.645,1.742,0.138,0.092,4.956,4.17,1.39,1.645,0.596,0.1,3.559,3.311,0.449,1868.39,982.454,2401.06,1564.44,1050.754,301.498,870.877,309.433,1686.88,110.04,730.13,2425.14,806.09,809.08,61.97,1599.43,395.58,457.199,1211.48,141.16,126.563,1308.1,105.33,1756.5,3027.0,3379.75,1103.6,1183.0,110.46,110.023
2013-11-12,1275.87,0.073,1543.0,273.427,81.192,99.53,1.591,93.04,12.82,3.857,2.774,0.326,0.056,0.169,2.744,1.789,0.1,0.077,4.978,4.151,1.257,1.62,0.599,0.087,3.628,3.401,0.457,1861.26,979.664,2386.98,1560.35,1045.631,301.842,860.791,306.409,1689.7,109.98,744.27,2302.12,792.07,783.42,61.36,1598.55,394.32,454.541,1207.78,140.7,125.906,1271.2,105.81,1765.0,3031.0,3364.5,1103.6,1205.0,110.565,109.969
2013-11-19,1274.26,0.005,1495.0,272.475,80.704,100.1,1.612,93.34,13.39,3.8,2.708,0.286,0.076,0.168,2.664,1.719,0.116,0.079,4.934,4.061,1.221,1.658,0.616,0.087,3.54,3.334,0.454,1873.11,982.571,2403.76,1566.96,1050.769,302.163,867.412,310.292,1707.48,110.34,764.4,2425.37,799.64,803.81,64.54,1616.44,399.67,457.073,1212.78,141.41,126.734,1273.5,106.92,1785.25,3048.0,3375.5,1103.6,1239.0,110.56,110.055
2013-11-26,1242.62,-0.044,1512.0,274.772,80.611,101.27,1.619,93.68,12.81,3.798,2.709,0.289,0.066,0.164,2.615,1.686,0.121,0.117,4.941,4.061,1.122,1.651,0.614,0.088,3.558,3.35,0.437,1868.66,982.453,2415.23,1571.76,1054.629,302.859,867.807,311.006,1722.15,110.13,775.13,2317.9,780.39,786.61,64.4,1621.91,400.06,456.752,1213.96,141.7,127.063,1241.4,110.88,1802.0,3063.0,3447.25,1103.6,1252.5,110.55,110.133
2013-12-03,1222.05,0.028,1922.0,276.342,80.591,102.37,1.641,96.04,14.55,3.844,2.783,0.286,0.036,0.168,2.629,1.724,0.122,0.277,4.928,4.09,1.187,1.667,0.629,0.078,3.615,3.406,0.471,1859.1,981.95,2408.83,1574.24,1055.997,304.609,863.792,311.296,1715.49,109.04,782.22,2217.37,756.83,801.71,65.37,1613.31,398.05,455.557,1218.68,141.28,126.391,1221.7,112.62,1791.5,3018.0,3475.75,1103.6,1261.5,110.54,110.125
2013-12-10,1262.79,0.131,2237.0,280.768,79.966,102.81,1.644,98.51,13.91,3.838,2.802,0.298,0.066,0.171,2.703,1.834,0.216,0.127,4.894,4.059,1.114,1.683,0.657,0.083,3.605,3.435,0.466,1864.24,980.784,2412.42,1577.13,1061.331,304.056,866.83,311.328,1723.3,107.53,778.12,2255.22,772.96,813.62,65.24,1614.23,398.67,456.964,1214.03,140.17,126.172,1262.4,109.38,1803.0,2964.0,3516.0,1103.6,1255.0,110.325,110.086
2013-12-17,1230.66,0.072,2225.0,279.598,80.061,102.69,1.626,97.22,16.21,3.866,2.836,0.318,0.061,0.165,2.673,1.826,0.229,0.15,4.849,4.04,1.139,1.723,0.661,0.092,3.589,3.406,0.444,1861.42,981.898,2413.7,1576.51,1061.324,304.164,868.973,309.756,1704.25,106.34,762.48,2198.49,770.09,793.03,62.92,1592.79,393.01,456.179,1211.23,140.29,125.828,1231.2,108.44,1779.25,2946.0,3465.25,1103.6,1235.0,110.28,110.031
2013-12-24,1204.01,0.155,2277.0,282.837,80.536,104.25,1.637,99.22,12.48,3.893,2.979,0.395,0.066,0.165,2.693,1.89,0.225,0.161,4.927,4.176,1.259,1.676,0.675,0.093,3.666,3.491,0.576,1852.01,980.104,2406.93,1579.72,1063.491,305.549,869.607,308.187,1753.92,110.76,780.68,2203.93,791.34,810.88,62.83,1639.65,403.52,453.258,1218.74,139.75,123.047,1205.1,111.9,1829.0,3065.0,3569.75,1103.6,1262.5,110.27,109.891
2013-12-31,1204.99,0.195,2277.0,280.172,80.035,105.26,1.657,98.42,13.72,3.968,3.029,0.38,0.066,0.17,2.752,1.925,0.207,0.192,4.856,4.084,1.209,1.732,0.736,0.089,3.662,3.503,0.56,1856.28,980.396,2407.75,1582.19,1066.835,306.114,869.092,309.756,1768.42,112.13,806.64,2218.13,786.89,817.17,63.2,1661.07,408.55,453.871,1223.26,139.17,123.047,1202.3,110.8,1841.0,3108.0,3583.75,1103.6,1302.5,110.3,109.906
2014-01-07,1230.96,0.085,1876.0,276.826,80.833,104.49,1.642,93.67,12.92,3.885,2.94,0.391,0.036,0.163,2.724,1.885,0.212,0.111,4.765,3.87,0.995,1.697,0.69,0.086,3.619,3.466,0.522,1861.59,983.841,2421.84,1589.9,1069.355,308.148,871.84,308.961,1758.52,112.41,793.58,2148.32,761.41,801.8,60.68,1647.65,404.25,453.71,1222.2,139.76,123.688,1229.6,107.35,1830.75,3105.0,3548.75,1103.6,1281.5,110.295,109.68
2014-01-14,1245.32,0.009,1370.0,276.772,80.662,103.97,1.645,92.59,12.28,3.802,2.872,0.378,0.03,0.16,2.694,1.813,0.202,0.154,4.711,3.876,1.007,1.665,0.65,0.083,3.568,3.383,0.511,1868.26,992.533,2429.87,1594.69,1072.932,308.444,874.119,311.71,1759.27,113.01,783.63,2124.62,755.83,816.3,60.68,1651.73,405.31,456.729,1229.85,140.68,124.172,1245.4,106.39,1833.0,3112.0,3573.75,1103.6,1271.0,110.33,109.695
2014-01-21,1242.11,0.05,1369.0,278.399,81.098,104.18,1.648,94.99,12.87,3.748,2.83,0.376,0.036,0.157,2.63,1.738,0.157,0.343,4.654,3.83,0.998,1.71,0.683,0.093,3.58,3.384,0.532,1874.39,995.46,2438.07,1599.93,1073.86,310.233,876.335,310.639,1764.47,114.67,799.43,2068.62,758.46,820.88,60.96,1659.49,406.82,455.46,1231.47,141.65,124.375,1241.8,106.73,1838.5,3150.0,3609.5,1103.6,1297.5,110.43,109.68
2014-01-28,1250.64,-0.001,1177.0,282.18,80.568,102.9,1.657,97.41,15.8,3.674,2.75,0.34,0.046,0.159,2.563,1.676,0.121,0.191,4.684,3.848,1.015,1.648,0.628,0.092,3.563,3.375,0.534,1878.28,1000.174,2442.32,1593.36,1069.859,309.055,870.861,312.21,1715.56,110.7,755.69,1984.65,722.73,797.64,58.29,1611.35,394.65,458.595,1222.62,142.46,125.078,1250.8,107.41,1788.25,3033.0,3501.0,1103.6,1223.0,110.52,109.766
2014-02-04,1251.32,-0.093,1084.0,286.437,81.121,101.62,1.632,97.19,19.11,3.601,2.63,0.312,0.051,0.157,2.481,1.649,0.08,0.228,4.634,3.782,0.856,1.596,0.608,0.081,3.498,3.29,0.481,1888.55,1000.622,2456.14,1591.31,1063.997,308.566,868.289,312.125,1680.5,108.35,704.02,1952.17,699.29,781.71,56.96,1569.93,384.84,459.879,1222.5,143.98,126.141,1251.7,105.78,1743.75,2965.0,3452.0,1103.6,1131.0,110.625,109.914
2014-02-11,1290.11,-0.159,1091.0,290.205,80.638,102.62,1.646,99.94,14.51,3.688,2.726,0.331,0.046,0.155,2.531,1.685,0.104,0.131,4.569,3.681,0.854,1.631,0.603,0.066,3.547,3.328,0.491,1885.15,1001.715,2451.72,1602.32,1074.386,310.57,875.193,312.392,1742.4,112.41,743.68,2023.6,728.33,786.6,59.13,1634.47,400.19,460.8,1223.5,143.64,125.578,1290.1,108.68,1813.5,3074.0,3612.75,1103.6,1208.5,110.58,109.883
2014-02-18,1322.99,-0.239,1146.0,298.492,80.008,102.38,1.67,102.43,13.87,3.678,2.708,0.299,0.015,0.154,2.557,1.666,0.108,0.144,4.481,3.556,0.781,1.618,0.597,0.073,3.534,3.329,0.482,1884.19,1003.195,2461.78,1609.22,1079.055,312.017,876.765,314.834,1763.91,114.11,756.0,1968.29,727.89,793.82,60.56,1660.54,406.54,462.809,1230.14,143.72,125.953,1324.7,110.46,1837.5,3121.0,3675.0,1103.6,1227.0,110.595,109.953
2014-02-25,1342.59,-0.429,1197.0,301.579,80.137,102.16,1.67,101.83,13.67,3.659,2.703,0.314,0.041,0.155,2.516,1.645,0.12,0.171,4.534,3.584,0.784,1.626,0.587,0.073,3.521,3.319,0.494,1887.97,1006.521,2466.31,1619.56,1086.891,313.47,882.998,315.059,1769.05,115.34,761.89,2023.57,710.01,802.66,59.02,1669.41,408.34,463.126,1234.23,143.97,125.828,1343.0,109.51,1846.25,3159.0,3688.5,1103.6,1228.5,110.565,109.93
2014-03-04,1337.3,-0.376,1325.0,306.253,80.168,102.18,1.667,103.33,14.1,3.647,2.699,0.333,0.046,0.155,2.478,1.597,0.111,0.259,4.392,3.421,0.9,1.612,0.582,0.071,3.478,3.344,0.618,1888.01,1013.591,2472.53,1625.95,1090.732,314.495,884.913,317.335,1796.15,114.81,743.63,2035.1,647.33,812.02,59.99,1677.85,410.22,464.263,1241.97,144.76,125.922,1337.9,109.3,1871.5,3136.0,3716.75,1103.6,1213.5,110.58,109.922
2014-03-11,1347.96,-0.365,1580.0,304.934,79.736,103.0,1.662,100.03,14.8,3.709,2.769,0.37,0.041,0.155,2.54,1.637,0.166,0.159,4.381,3.397,0.863,1.684,0.628,0.069,3.528,3.405,0.645,1884.03,1007.702,2458.84,1622.23,1092.221,314.984,883.611,316.603,1788.28,112.82,761.08,1979.75,616.9,830.31,58.76,1672.19,408.97,463.655,1244.04,142.32,125.375,1346.7,108.55,1865.25,3090.0,3688.5,1103.6,1233.5,110.395,109.82
2014-03-18,1360.31,-0.323,1518.0,302.781,79.414,101.43,1.658,99.7,14.52,3.614,2.673,0.347,0.046,0.156,2.477,1.566,0.157,0.158,4.364,3.363,0.871,1.698,0.615,0.075,3.445,3.305,0.628,1890.33,1012.717,2469.04,1623.55,1092.441,314.422,882.639,318.874,1793.32,111.53,718.45,2004.02,638.7,827.49,57.15,1665.49,407.35,466.865,1234.38,143.26,126.063,1359.0,106.79,1870.75,3073.0,3701.5,1103.6,1159.0,110.425,109.891
2014-03-25,1311.01,-0.23,1578.0,300.828,79.944,102.27,1.653,99.19,14.02,3.591,2.749,0.425,0.046,0.154,2.464,1.576,0.168,0.17,4.349,3.392,0.896,1.685,0.604,0.072,3.493,3.36,0.67,1884.36,1009.636,2473.33,1625.95,1094.254,315.089,885.634,316.357,1785.03,111.87,716.14,2117.38,640.74,834.05,57.77,1655.69,405.45,464.101,1236.74,143.24,123.469,1311.4,106.99,1859.25,3026.0,3623.75,1103.6,1150.5,110.395,109.695
2014-04-01,1280.44,-0.193,1316.0,301.864,80.094,103.56,1.664,99.74,13.1,3.606,2.753,0.43,0.036,0.152,2.458,1.572,0.172,0.195,4.279,3.288,0.824,1.656,0.615,0.079,3.502,3.363,0.686,1883.86,1012.348,2475.02,1630.48,1099.524,316.17,895.057,317.778,1805.18,114.47,740.77,2254.79,677.45,854.16,60.05,1683.7,413.45,464.296,1235.47,143.21,123.359,1279.6,105.62,1877.75,3117.0,3650.25,1103.6,1200.5,110.38,109.523
2014-04-08,1309.44,-0.097,1098.0,307.977,79.752,101.93,1.674,102.56,14.89,3.538,2.682,0.395,0.025,0.152,2.475,1.556,0.171,0.212,4.292,3.218,0.741,1.687,0.615,0.08,3.483,3.343,0.648,1894.79,1016.552,2491.03,1633.13,1103.232,317.467,899.476,319.542,1771.38,113.79,723.55,2355.71,655.3,852.74,60.54,1663.77,409.53,467.177,1239.65,143.42,124.047,1308.7,107.67,1845.0,3109.0,3528.5,1103.6,1170.5,110.385,109.555
2014-04-15,1303.95,-0.06,970.0,309.239,79.803,101.53,1.673,103.75,15.61,3.461,2.629,0.367,0.03,0.152,2.374,1.471,0.124,0.209,4.218,3.106,0.748,1.686,0.6,0.085,3.423,3.273,0.623,1898.86,1022.736,2504.72,1634.58,1104.984,317.81,901.981,322.382,1762.2,111.51,699.52,2279.95,624.55,859.7,59.69,1646.67,405.27,469.384,1226.16,144.55,124.594,1300.0,108.74,1839.5,3033.0,3491.25,1103.6,1139.0,110.5,109.656
2014-04-22,1281.59,-0.003,939.0,311.207,79.905,102.63,1.683,102.13,13.19,3.494,2.711,0.399,0.025,0.152,2.427,1.533,0.169,0.221,4.15,3.091,0.773,1.691,0.6,0.087,3.47,3.339,0.728,1892.32,1023.713,2495.85,1636.02,1106.283,318.431,902.504,321.93,1798.11,114.92,716.4,2333.11,644.79,864.19,59.77,1681.98,413.41,467.434,1229.45,143.7,123.625,1280.6,109.27,1874.0,3142.0,3585.0,1103.6,1160.0,110.405,109.547
2014-04-29,1296.92,-0.035,949.0,311.853,79.808,102.59,1.682,101.28,13.71,3.487,2.692,0.438,0.01,0.15,2.382,1.498,0.142,0.331,4.165,3.115,0.838,1.692,0.612,0.085,3.461,3.333,0.697,1898.05,1024.768,2501.35,1638.4,1107.923,319.201,902.277,322.202,1794.86,115.45,713.71,2347.13,629.18,852.62,58.74,1682.38,413.12,468.441,1230.58,144.25,124.0,1296.3,108.98,1871.75,3151.0,3563.75,1103.6,1160.5,110.45,109.57
2014-05-06,1307.45,0.06,1022.0,307.284,79.093,101.58,1.698,99.5,13.8,3.383,2.592,0.423,0.02,0.152,2.353,1.459,0.146,0.159,4.062,3.003,0.759,1.701,0.606,0.085,3.434,3.299,0.75,1909.89,1028.086,2519.51,1642.52,1112.708,320.027,906.807,326.1,1786.41,114.7,727.36,2399.03,640.0,849.91,57.99,1683.52,413.54,472.63,1232.14,144.67,124.641,1308.6,107.06,1864.25,3111.0,3551.0,1103.6,1184.0,110.455,109.602
2014-05-13,1296.38,0.086,982.0,306.763,80.143,102.25,1.684,101.7,12.13,3.446,2.61,0.379,0.02,0.151,2.357,1.42,0.107,0.222,4.051,2.941,0.797,1.708,0.607,0.08,3.429,3.307,0.736,1910.71,1031.719,2518.13,1648.15,1113.824,321.841,913.973,324.274,1813.96,116.77,726.62,2429.81,683.17,895.39,58.58,1697.99,417.53,470.417,1225.47,145.31,125.063,1294.8,109.24,1894.25,3187.0,3608.75,1103.6,1179.5,110.54,109.734
2014-05-20,1294.92,0.064,1010.0,306.916,80.041,101.26,1.684,102.44,12.96,3.383,2.512,0.335,0.025,0.149,2.284,1.35,0.077,0.169,4.402,3.261,0.981,1.691,0.587,0.078,3.402,3.264,0.692,1919.35,1036.381,2533.45,1650.43,1114.818,321.071,917.989,325.751,1790.81,115.73,711.11,2356.73,709.8,914.02,59.4,1678.01,413.47,471.972,1223.36,146.09,126.0,1294.6,109.69,1868.0,3153.0,3596.5,1103.6,1152.0,110.605,109.883
2014-05-27,1265.72,0.06,973.0,306.622,80.352,102.11,1.679,104.11,11.51,3.361,2.515,0.344,0.025,0.151,2.275,1.388,0.052,0.396,4.139,2.998,0.787,1.689,0.588,0.082,3.435,3.294,0.695,1922.03,1036.006,2533.91,1651.32,1115.304,321.933,921.494,324.977,1828.45,117.62,736.55,2321.89,710.88,919.01,60.33,1707.67,420.11,471.271,1229.89,146.4,125.906,1265.5,110.02,1909.25,3237.0,3721.25,1103.6,1193.5,110.65,109.852
2014-06-03,1244.4,0.148,948.0,305.021,80.554,102.5,1.676,102.66,11.87,3.438,2.599,0.399,0.03,0.151,2.308,1.407,0.058,0.448,4.139,2.997,0.772,1.688,0.584,0.085,3.439,3.294,0.692,1916.24,1036.063,2522.81,1655.25,1118.86,322.172,925.286,324.197,1840.26,117.25,757.08,2287.07,718.5,930.42,61.33,1715.82,422.04,470.241,1235.67,146.12,125.266,1244.3,108.82,1922.0,3240.0,3730.75,1103.6,1229.5,110.63,109.813
2014-06-10,1260.56,0.249,1004.0,305.488,80.82,102.38,1.676,104.35,10.99,3.478,2.645,0.439,0.03,0.152,2.341,1.403,0.063,0.067,4.007,2.804,0.62,1.707,0.597,0.081,3.485,3.349,0.726,1915.05,1033.278,2521.64,1662.08,1124.776,324.747,930.838,323.413,1865.34,119.26,756.8,2436.27,742.58,963.25,61.87,1735.32,427.27,470.185,1244.1,145.0,124.891,1259.8,109.52,1950.5,3310.0,3800.5,1103.6,1225.5,110.595,109.719
2014-06-17,1270.83,0.171,858.0,309.028,80.629,102.15,1.697,106.36,12.06,3.442,2.653,0.48,0.03,0.154,2.346,1.399,0.042,0.026,4.065,2.823,0.621,1.66,0.59,0.078,3.461,3.349,0.91,1915.1,1033.818,2521.82,1664.71,1124.856,325.481,925.202,324.823,1857.47,118.34,761.5,2391.61,727.35,960.92,61.66,1728.74,425.21,470.51,1242.32,145.05,124.75,1271.7,113.45,1941.5,3273.0,3779.5,1103.6,1242.0,110.62,109.609
2014-06-24,1319.4,0.202,867.0,311.985,80.327,102.1,1.697,106.03,12.13,3.399,2.579,0.456,0.02,0.152,2.289,1.319,0.035,0.025,4.004,2.879,0.61,1.711,0.577,0.08,3.453,3.334,0.866,1924.79,1035.828,2535.42,1669.94,1131.676,325.931,931.518,326.913,1865.15,118.1,779.99,2425.33,768.43,953.61,60.57,1737.82,427.4,472.777,1248.02,146.11,124.563,1320.9,114.46,1943.25,3283.0,3794.5,1103.6,1270.5,110.64,109.68
2014-07-01,1327.78,0.262,894.0,307.427,79.815,101.53,1.717,105.34,11.15,3.398,2.566,0.465,0.02,0.155,2.198,1.246,0.019,0.025,3.969,2.829,0.56,1.667,0.554,0.064,3.438,3.31,0.897,1926.77,1038.212,2537.1,1669.07,1131.716,324.649,933.096,329.245,1888.35,117.77,783.97,2391.2,737.5,961.21,61.56,1754.76,431.26,475.64,1245.65,147.11,124.875,1326.6,112.29,1965.75,3253.0,3884.75,1103.6,1275.5,110.68,109.492
2014-07-08,1315.35,0.378,881.0,303.444,80.179,101.55,1.713,103.4,11.98,3.372,2.557,0.504,0.02,0.153,2.186,1.218,0.015,0.032,4.034,2.84,0.493,1.697,0.552,0.056,3.403,3.273,0.838,1923.54,1034.374,2538.99,1669.85,1132.447,325.058,935.51,329.085,1877.71,116.14,782.76,2397.07,753.41,963.37,62.93,1741.64,428.98,474.98,1253.4,147.38,124.75,1316.5,108.94,1960.5,3185.0,3863.25,1103.6,1277.5,110.685,109.352
2014-07-15,1296.63,0.374,782.0,296.024,80.39,101.65,1.714,99.96,11.96,3.367,2.548,0.476,0.015,0.152,2.137,1.203,0.019,0.05,4.043,2.846,0.537,1.694,0.539,0.057,3.382,3.252,0.869,1923.36,1035.825,2541.31,1665.54,1129.785,324.091,936.36,329.237,1886.3,115.71,782.1,2483.97,732.57,946.92,63.02,1741.46,429.01,474.637,1240.68,147.5,124.906,1297.1,106.02,1968.0,3159.0,3912.5,1103.6,1275.5,110.68,109.344
2014-07-22,1307.29,0.359,723.0,297.352,80.781,101.48,1.706,104.42,12.24,3.25,2.461,0.472,0.02,0.155,2.091,1.165,0.029,0.037,3.972,2.773,0.471,1.673,0.535,0.062,3.309,3.177,0.838,1928.58,1040.593,2553.8,1659.24,1124.565,324.399,935.102,329.863,1896.55,117.06,781.25,2587.48,685.75,975.19,63.77,1750.78,431.41,475.101,1242.61,148.0,125.406,1306.3,107.33,1975.0,3191.0,3950.5,1103.6,1274.0,110.66,109.328
2014-07-29,1297.53,0.354,747.0,296.642,81.214,102.14,1.694,100.97,13.28,3.225,2.461,0.539,0.015,0.155,2.011,1.119,0.028,0.043,3.886,2.638,0.4,1.65,0.519,0.062,3.285,3.146,0.834,1927.2,1043.431,2557.51,1659.3,1123.057,324.932,935.155,329.885,1884.09,116.97,791.25,2532.09,657.87,976.66,66.15,1744.22,430.24,474.519,1245.56,148.69,125.375,1298.3,107.72,1963.0,3189.0,3952.25,1103.6,1292.0,110.665,109.32
2014-08-05,1285.74,0.141,755.0,292.399,81.328,102.71,1.687,97.38,16.87,3.283,2.485,0.462,0.02,0.157,2.068,1.167,0.026,0.023,3.902,2.746,0.468,1.675,0.518,0.064,3.244,3.129,0.812,1926.84,1041.931,2549.63,1643.95,1112.251,322.617,929.328,327.941,1837.49,113.59,775.76,2438.24,646.01,976.7,66.03,1698.25,419.39,472.508,1232.72,148.01,125.391,1284.0,104.61,1913.0,3073.0,3871.75,1103.6,1266.0,110.665,109.453
2014-08-12,1314.0,0.215,836.0,291.778,81.5,102.25,1.681,97.37,14.13,3.277,2.45,0.432,0.025,0.156,1.963,1.058,-0.007,0.019,3.92,2.74,0.391,1.665,0.509,0.061,3.184,3.062,0.796,1928.58,1046.173,2551.89,1653.3,1114.548,321.637,928.606,328.773,1849.71,112.4,770.93,2446.21,649.96,978.43,66.47,1699.37,419.7,473.877,1227.19,149.37,125.828,1308.8,103.02,1930.5,3025.0,3903.5,1103.6,1259.5,110.725,109.523
2014-08-19,1295.94,0.15,1040.0,287.044,81.883,102.88,1.662,94.48,12.21,3.213,2.401,0.427,0.025,0.156,1.881,1.0,-0.01,0.007,3.832,2.594,0.362,1.648,0.499,0.064,3.092,2.978,0.697,1931.75,1049.544,2560.31,1667.76,1122.836,323.702,936.616,329.585,1895.69,114.66,784.4,2546.74,679.22,995.86,67.24,1734.89,428.37,474.381,1236.49,150.11,126.219,1295.1,101.56,1977.25,3093.0,4034.25,1103.6,1280.5,110.74,109.57
2014-08-26,1283.98,0.284,1070.0,290.287,82.65,104.06,1.656,93.86,11.63,3.162,2.397,0.492,0.02,0.155,1.802,0.938,-0.02,0.006,3.665,2.412,0.294,1.631,0.498,0.073,3.045,2.924,0.87,1933.95,1050.857,2569.04,1671.32,1122.792,325.515,938.523,329.648,1913.46,117.16,786.83,2586.03,685.46,996.26,66.87,1749.17,431.65,473.421,1244.49,150.82,126.031,1283.8,102.5,1998.5,3198.0,4072.25,1103.6,1285.0,110.775,109.445
2014-09-02,1264.94,0.293,1149.0,289.283,82.992,105.12,1.649,92.88,12.25,3.175,2.422,0.524,0.015,0.157,1.825,0.93,-0.036,0.101,3.712,2.455,0.354,1.635,0.5,0.069,3.043,2.903,0.854,1934.78,1053.148,2567.01,1672.17,1120.734,325.615,937.767,329.967,1916.18,117.13,793.93,2698.77,641.04,1013.57,66.32,1747.22,431.18,471.48,1249.57,151.09,125.797,1264.3,100.34,1999.75,3178.0,4092.0,1103.6,1298.0,110.8,109.438
2014-09-09,1249.33,0.354,1197.0,285.791,84.278,106.41,1.609,92.75,13.5,3.234,2.504,0.556,0.01,0.154,1.969,0.996,-0.077,0.0,3.723,2.366,0.309,1.672,0.531,0.07,3.147,2.984,0.78,1931.74,1051.354,2553.11,1662.76,1111.971,324.739,936.127,322.507,1902.72,117.84,796.32,2535.7,677.9,1025.79,68.29,1733.21,428.14,466.679,1251.96,148.4,125.109,1247.3,99.16,1989.75,3245.0,4066.0,1103.6,1299.5,111.0,109.375
2014-09-16,1237.07,0.424,1150.0,284.392,84.074,107.06,1.628,94.88,12.73,3.36,2.593,0.536,0.01,0.154,2.014,1.06,-0.06,-0.014,3.764,2.46,0.357,1.7,0.577,0.071,3.175,3.02,0.818,1926.27,1049.775,2535.99,1652.13,1107.5,324.461,929.932,320.961,1911.33,117.22,804.29,2482.93,653.41,992.67,64.64,1732.55,426.5,464.628,1248.93,148.2,124.703,1235.7,99.05,1999.5,3222.0,4066.0,1103.6,1303.0,110.96,109.422
2014-09-23,1221.4,0.364,1073.0,277.802,84.658,108.94,1.636,91.56,14.93,3.246,2.528,0.537,0.01,0.155,1.929,1.012,-0.051,0.007,3.67,2.398,0.358,1.671,0.537,0.065,3.081,2.949,0.854,1932.36,1052.415,2548.16,1652.46,1106.607,325.657,931.383,322.575,1894.21,116.85,818.08,2311.79,633.51,1001.2,63.69,1716.23,421.98,464.321,1250.3,148.93,124.531,1221.0,96.85,1972.25,3194.0,4037.0,1103.6,1325.5,110.94,109.453
2014-09-30,1208.67,0.405,1063.0,278.546,85.936,109.65,1.622,91.16,16.31,3.197,2.49,0.567,0.015,0.153,1.871,0.946,-0.083,-0.017,3.635,2.332,0.358,1.607,0.526,0.072,3.058,2.91,0.824,1934.61,1054.698,2542.53,1637.42,1094.426,324.399,926.453,320.74,1884.24,117.21,814.84,2170.28,611.12,1002.86,61.85,1698.41,416.85,461.317,1243.48,149.7,124.641,1210.5,94.67,1965.5,3223.0,4044.75,1103.6,1326.5,111.005,109.422
2014-10-07,1211.26,0.223,1015.0,279.98,85.672,108.26,1.608,88.85,17.2,3.046,2.34,0.504,0.005,0.153,1.83,0.905,-0.067,-0.045,3.664,2.344,0.417,1.628,0.508,0.05,2.963,2.803,0.748,1946.97,1058.493,2574.97,1648.6,1097.643,324.19,929.342,322.205,1848.79,113.04,793.21,2345.37,606.72,988.88,63.24,1661.36,408.98,464.209,1236.54,150.11,126.0,1211.7,92.11,1928.0,3071.0,3956.25,1103.6,1294.5,110.975,109.164
2014-10-14,1234.29,0.187,948.0,273.9,85.822,107.06,1.592,81.84,22.79,2.953,2.198,0.368,0.005,0.153,1.758,0.837,-0.053,-0.006,3.657,2.296,0.438,1.638,0.495,0.043,2.86,2.686,0.602,1954.02,1067.58,2588.98,1629.02,1086.677,321.659,930.048,323.504,1792.09,109.89,747.14,2371.73,588.05,985.49,61.67,1610.74,397.06,467.11,1212.78,150.91,127.438,1233.6,85.04,1874.75,2995.0,3811.75,1103.6,1211.0,110.95,109.531
2014-10-21,1251.83,0.145,1090.0,273.004,85.303,106.64,1.613,82.81,16.08,2.99,2.223,0.362,0.01,0.156,1.789,0.87,-0.051,-0.014,3.869,2.51,0.619,1.618,0.48,0.025,2.92,2.743,0.674,1957.61,1063.742,2588.78,1652.12,1096.458,321.627,931.746,325.55,1855.17,110.53,741.46,2083.58,585.89,980.64,61.7,1651.14,405.45,468.109,1207.15,150.58,127.656,1251.0,86.22,1938.0,2983.0,3971.5,1103.6,1203.5,110.955,109.633
2014-10-28,1228.94,0.149,1395.0,272.088,85.408,108.05,1.614,81.42,14.39,3.068,2.297,0.394,0.01,0.153,1.782,0.876,-0.049,0.018,3.869,2.534,0.666,1.616,0.456,0.014,2.968,2.802,0.647,1954.97,1064.146,2575.78,1655.33,1102.716,323.706,935.686,323.826,1896.29,112.05,770.17,2066.5,578.29,992.55,62.91,1684.54,413.24,466.962,1216.87,150.53,126.953,1229.2,86.03,1980.0,3030.0,4094.0,1103.6,1252.0,110.95,109.586
2014-11-04,1169.24,0.185,1484.0,267.485,86.984,113.52,1.599,77.19,14.89,3.048,2.334,0.512,0.02,0.156,1.728,0.806,-0.055,0.082,3.767,2.432,0.723,1.438,0.439,0.016,2.951,2.777,0.66,1951.96,1060.381,2565.89,1653.28,1099.902,324.535,935.213,321.521,1920.7,112.85,845.53,2105.55,591.31,1036.53,64.24,1698.22,416.89,461.228,1223.59,151.36,126.281,1167.7,82.82,2005.5,3027.0,4143.5,1103.6,1355.5,110.97,109.383
2014-11-11,1162.43,0.144,1370.0,270.153,87.531,115.71,1.589,77.94,12.92,3.093,2.361,0.535,0.015,0.154,1.753,0.826,-0.05,-0.038,3.699,2.332,0.603,1.513,0.487,0.03,2.942,2.777,0.665,1952.47,1059.14,2561.32,1655.0,1097.459,326.52,932.157,320.766,1947.07,115.69,850.15,1997.42,563.41,1039.56,63.78,1716.83,420.37,457.532,1222.26,151.26,126.109,1163.0,81.67,2036.5,3096.0,4183.25,1103.6,1374.0,110.96,109.297
2014-11-18,1195.23,0.191,1296.0,265.831,87.575,116.79,1.565,74.61,13.86,3.038,2.316,0.504,0.01,0.154,1.711,0.796,-0.03,-0.029,3.736,2.323,0.602,1.474,0.508,0.011,2.892,2.71,0.582,1958.04,1059.123,2558.65,1643.95,1091.938,324.909,927.997,320.037,1958.71,115.78,863.18,1953.3,557.4,1046.96,62.89,1728.23,422.64,458.46,1220.89,151.59,126.641,1197.1,78.47,2048.5,3112.0,4238.0,1103.6,1397.0,110.905,109.422
2014-11-25,1196.29,0.263,1313.0,266.854,87.92,117.93,1.571,74.09,12.25,2.961,2.258,0.52,0.02,0.154,1.664,0.747,-0.039,-0.011,3.641,2.137,0.461,1.404,0.447,0.031,2.768,2.583,0.538,1963.9,1061.43,2577.85,1646.98,1094.042,325.781,932.784,323.448,1974.07,118.18,872.56,2134.07,571.95,1051.41,64.5,1742.82,426.75,459.318,1223.51,152.32,127.125,1197.1,78.33,2067.5,3217.0,4292.5,1103.6,1411.0,110.905,109.5
2014-12-02,1199.21,0.124,1119.0,253.332,88.647,119.22,1.564,66.88,12.85,3.013,2.293,0.536,0.01,0.158,1.633,0.741,-0.032,0.128,3.396,2.009,0.503,1.365,0.419,0.001,2.742,2.545,0.534,1962.43,1064.208,2567.36,1629.95,1083.028,326.727,926.806,321.965,1971.89,118.51,883.49,1957.84,504.36,1053.7,64.63,1735.99,424.14,457.415,1227.62,152.29,126.953,1199.2,70.54,2066.0,3236.0,4305.5,1103.6,1429.5,110.89,109.484
2014-12-09,1228.95,0.173,933.0,251.06,88.69,119.3,1.568,63.82,14.89,2.87,2.214,0.612,0.025,0.162,1.54,0.685,-0.037,-0.038,3.364,2.033,0.566,1.371,0.414,-0.007,2.635,2.449,0.504,1964.4,1067.417,2577.21,1614.73,1073.44,327.383,916.591,324.54,1965.26,116.05,888.97,1889.22,468.83,1023.55,64.34,1721.97,420.22,458.473,1222.26,153.91,127.141,1231.5,66.84,2057.5,3169.0,4290.75,1103.6,1436.0,110.935,109.281
2014-12-16,1197.89,0.239,838.0,238.753,88.125,117.29,1.575,55.93,23.57,2.691,2.06,0.552,0.03,0.162,1.406,0.595,-0.064,-0.021,3.366,2.009,0.676,1.366,0.356,-0.002,2.511,2.326,0.446,1968.4,1070.017,2583.29,1577.36,1046.743,324.507,885.919,324.929,1881.92,112.04,835.4,1662.41,342.0,984.08,62.81,1655.52,403.19,461.506,1201.2,155.03,128.109,1193.9,59.86,1971.5,3050.0,4086.5,1103.6,1351.5,111.0,109.453
2014-12-23,1178.25,0.212,788.0,238.612,90.064,120.62,1.552,57.12,14.8,2.852,2.262,0.739,0.01,0.167,1.456,0.591,-0.095,-0.055,3.24,1.941,0.521,1.297,0.333,-0.039,2.613,2.427,0.467,1962.92,1065.883,2570.2,1618.18,1066.546,326.596,909.285,319.026,1986.73,117.28,873.18,1835.04,440.0,1008.02,64.84,1724.1,420.08,454.76,1211.54,155.17,126.0,1177.9,61.69,2079.0,3189.0,4278.0,1103.6,1411.5,111.065,109.195
2014-12-30,1203.53,0.11,782.0,233.479,89.991,119.46,1.556,54.12,15.92,2.756,2.188,0.684,0.005,0.169,1.385,0.539,-0.109,-0.085,3.22,1.88,0.487,1.234,0.322,-0.027,2.548,2.364,0.439,1967.73,1068.306,2585.64,1620.99,1067.898,327.102,910.534,319.757,1984.92,116.22,867.95,1828.49,431.53,1010.02,65.57,1721.01,419.52,457.189,1216.43,155.87,126.578,1200.4,57.9,2076.75,3133.0,4282.75,1103.6,1407.5,111.09,109.273
2015-01-06,1217.04,0.059,758.0,225.384,91.499,118.48,1.517,47.93,21.12,2.502,1.941,0.625,0.025,0.168,1.173,0.445,-0.108,-0.079,3.139,1.86,0.488,1.175,0.288,-0.026,2.319,2.137,0.384,1980.1,1076.454,2618.48,1611.06,1055.008,326.962,902.673,318.552,1911.21,112.92,838.11,1734.74,411.28,992.8,66.77,1654.38,404.05,457.373,1218.52,156.92,128.359,1219.4,51.1,1994.5,3003.0,4102.25,1103.6,1359.5,111.085,109.0
2015-01-13,1236.98,-0.031,762.0,219.699,92.31,117.96,1.516,45.89,20.56,2.499,1.901,0.539,0.025,0.167,1.219,0.476,-0.124,-0.047,3.246,1.814,0.481,1.122,0.258,-0.03,2.288,2.116,0.399,1978.85,1079.966,2630.52,1624.02,1058.975,328.625,906.624,318.965,1931.66,117.37,847.94,1775.07,402.3,1018.56,68.22,1678.19,410.39,457.12,1216.75,156.68,129.313,1234.4,46.59,2016.0,3125.0,4158.5,1103.6,1374.5,111.1,109.266
2015-01-20,1293.98,-0.134,753.0,218.966,93.046,118.7,1.515,46.39,19.89,2.378,1.789,0.491,0.005,0.169,1.139,0.448,-0.159,-0.081,3.09,1.669,0.376,1.07,0.213,-0.035,2.172,2.018,0.381,1977.61,1084.989,2638.25,1621.05,1055.021,331.189,910.229,322.81,1930.76,121.27,862.43,1781.01,414.23,1062.79,66.87,1685.27,411.82,457.241,1211.71,157.69,129.859,1294.2,47.99,2016.75,3238.0,4167.0,1103.6,1398.0,111.175,109.391
2015-01-27,1290.47,-0.14,688.0,217.913,94.022,117.87,1.52,46.23,17.22,2.4,1.824,0.511,0.015,0.169,1.072,0.381,-0.158,-0.019,2.568,1.529,0.351,1.336,0.254,-0.018,2.15,1.98,0.363,1979.68,1085.242,2642.73,1627.87,1057.722,334.1,915.158,322.336,1940.39,125.75,879.93,1849.12,431.96,1084.21,68.91,1705.6,417.74,456.084,1218.04,158.42,129.656,1291.7,49.6,2030.0,3371.0,4177.5,1103.6,1421.5,111.18,109.352
2015-02-03,1259.3,-0.153,577.0,227.418,93.6,117.36,1.516,53.05,17.33,2.379,1.792,0.508,0.015,0.17,0.967,0.344,-0.196,0.086,2.577,1.583,0.313,1.315,0.361,0.022,2.133,1.96,0.378,1983.72,1085.944,2650.42,1637.31,1063.73,333.881,918.093,322.029,1959.65,126.25,856.61,1772.95,430.37,1073.87,68.03,1715.22,419.24,456.517,1214.91,158.91,130.063,1259.7,57.91,2042.0,3417.0,4216.25,1103.6,1390.0,111.26,109.469
2015-02-10,1233.71,-0.171,556.0,223.655,94.758,119.37,1.526,50.02,17.23,2.576,1.998,0.65,0.005,0.172,0.954,0.369,-0.219,-0.037,2.674,1.672,0.337,1.405,0.388,0.046,2.369,2.196,0.419,1978.45,1078.116,2625.5,1648.48,1068.918,336.062,914.409,315.351,1977.98,127.11,879.12,1675.71,453.48,1056.84,67.71,1725.83,421.13,451.456,1223.91,158.46,128.359,1231.6,56.43,2062.25,3382.0,4276.0,1103.6,1427.0,111.3,109.094
2015-02-17,1206.77,-0.196,516.0,228.795,94.061,119.1,1.536,53.53,15.8,2.727,2.139,0.662,0.005,0.173,0.972,0.37,-0.216,-0.046,2.619,1.661,0.327,1.482,0.393,0.034,2.493,2.315,0.391,1973.32,1074.826,2604.12,1653.97,1075.397,337.162,919.884,314.665,2009.38,128.47,900.34,1736.0,492.44,1088.02,69.03,1754.8,428.2,451.352,1228.04,158.61,127.25,1208.1,62.53,2096.0,3436.0,4381.75,1103.6,1464.0,111.285,109.055
2015-02-24,1196.52,-0.285,516.0,222.255,94.493,118.9,1.546,49.28,13.69,2.592,1.981,0.553,0.015,0.171,1.062,0.374,-0.222,-0.043,2.509,1.458,0.249,1.409,0.372,0.03,2.455,2.288,0.411,1980.98,1076.053,2641.05,1663.0,1079.406,340.287,922.525,317.981,2023.64,131.83,929.68,1767.8,486.39,1083.88,69.3,1774.92,432.82,452.785,1232.96,158.86,128.688,1196.9,58.66,2113.75,3549.0,4450.25,1103.6,1510.5,111.305,109.336
2015-03-03,1204.85,-0.462,553.0,222.025,95.383,119.58,1.538,50.52,13.86,2.714,2.12,0.678,0.01,0.173,1.029,0.361,-0.213,0.064,2.382,1.398,0.231,1.498,0.371,0.021,2.594,2.415,0.602,1976.57,1074.576,2620.43,1669.97,1083.126,342.663,926.532,315.113,2017.68,131.99,941.09,1712.59,501.97,1111.05,68.98,1768.57,431.35,449.747,1239.41,159.0,127.469,1204.4,61.02,2104.75,3555.0,4456.5,1103.6,1529.0,111.28,109.156
2015-03-10,1160.62,-0.566,568.0,216.048,98.618,121.04,1.51,48.29,16.69,2.723,2.131,0.68,0.01,0.177,0.759,0.233,-0.24,-0.064,2.139,1.216,0.163,1.516,0.463,0.024,2.593,2.402,0.537,1977.9,1071.24,2619.16,1655.66,1069.653,344.52,920.324,308.977,1957.68,132.54,939.11,1495.9,464.6,1082.15,67.17,1712.55,417.18,442.94,1238.49,158.33,127.563,1160.1,56.39,2042.0,3573.0,4331.25,1103.6,1526.0,111.21,109.164
2015-03-17,1148.63,-0.656,568.0,209.002,99.585,121.4,1.475,43.46,15.66,2.603,2.051,0.672,0.046,0.177,0.721,0.281,-0.209,-0.04,2.018,1.265,0.229,1.449,0.418,0.009,2.459,2.27,0.482,1980.61,1075.129,2622.25,1648.19,1060.981,342.473,914.722,307.87,1987.18,135.21,967.96,1491.13,449.65,1087.19,68.27,1736.63,422.69,442.271,1238.72,157.59,128.109,1148.2,53.51,2074.5,3672.0,4377.75,1103.6,1564.0,111.14,109.211
2015-03-24,1193.7,-0.741,597.0,215.531,97.193,119.67,1.487,47.51,13.62,2.464,1.874,0.557,0.015,0.174,0.666,0.235,-0.224,-0.055,2.194,1.326,0.275,1.284,0.305,0.018,2.287,2.088,0.393,1989.8,1081.09,2653.87,1658.0,1073.463,340.936,929.649,319.129,2003.75,137.01,979.23,1577.97,481.18,1067.92,69.49,1772.41,431.83,450.399,1245.67,158.13,129.094,1191.4,55.11,2085.0,3664.0,4429.0,1103.6,1577.5,111.17,109.484
2015-03-31,1183.88,-0.744,602.0,211.86,98.357,119.95,1.484,47.6,15.29,2.536,1.924,0.555,0.02,0.179,0.603,0.18,-0.255,-0.053,2.06,1.239,0.188,1.338,0.396,0.036,2.33,2.146,0.42,1989.99,1079.969,2647.34,1661.89,1073.836,342.946,931.425,315.418,1981.62,135.26,950.35,1548.26,480.29,1059.69,71.5,1740.81,424.76,447.76,1240.72,158.76,128.906,1183.1,55.11,2060.75,3631.0,4329.5,1103.6,1543.5,111.225,109.578
2015-04-07,1211.4,-0.75,583.0,221.848,97.83,120.29,1.485,53.98,14.78,2.518,1.886,0.516,0.015,0.18,0.672,0.185,-0.269,-0.079,2.057,1.238,0.157,1.378,0.354,0.015,2.332,2.156,0.42,1992.75,1081.358,2660.44,1671.25,1083.336,343.194,939.923,318.726,1990.55,137.69,972.28,1662.38,531.81,1083.91,73.47,1764.24,431.32,449.959,1244.25,158.77,129.359,1210.6,59.1,2067.75,3697.0,4334.0,1103.6,1582.0,111.26,109.344
2015-04-14,1193.69,-0.721,581.0,219.037,98.733,119.34,1.478,53.29,13.67,2.543,1.899,0.512,0.015,0.182,0.577,0.137,-0.281,-0.07,2.231,1.307,0.165,1.358,0.324,0.002,2.265,2.093,0.411,1995.42,1081.177,2659.89,1677.72,1087.865,345.063,948.218,318.079,2009.17,140.06,978.38,1688.79,551.73,1108.43,81.68,1779.85,436.11,449.317,1256.29,159.54,129.313,1192.8,58.43,2091.0,3719.0,4397.75,1103.6,1592.0,111.29,109.383
2015-04-21,1202.38,-0.778,601.0,221.04,98.004,119.54,1.496,55.26,13.25,2.581,1.91,0.516,0.02,0.181,0.503,0.1,-0.269,-0.073,2.377,1.45,0.177,1.296,0.305,0.0,2.33,2.152,0.461,1995.18,1080.652,2657.85,1682.65,1089.28,344.206,946.421,319.154,2010.42,139.22,992.06,1709.19,550.71,1045.29,83.16,1781.95,436.82,449.805,1252.54,160.0,129.359,1202.9,62.08,2091.0,3659.0,4428.5,1103.6,1613.0,111.265,109.359
2015-04-28,1212.91,-0.735,601.0,224.692,96.092,118.94,1.532,57.06,12.41,2.703,2.004,0.561,0.01,0.181,0.64,0.162,-0.274,-0.081,2.344,1.377,0.144,1.326,0.296,0.0,2.426,2.255,0.504,1991.93,1078.066,2645.78,1684.23,1097.855,345.421,951.468,322.186,2025.29,138.21,1004.66,1842.96,561.5,1020.57,84.86,1803.39,442.63,453.148,1254.25,159.27,128.953,1214.0,64.64,2112.0,3653.0,4516.0,1103.6,1627.0,111.27,109.367
2015-05-05,1194.03,-0.873,580.0,230.842,95.076,119.86,1.52,60.4,14.31,2.912,2.186,0.623,0.005,0.182,1.067,0.514,-0.225,-0.027,2.881,1.803,0.192,1.363,0.358,0.001,2.673,2.511,0.58,1984.15,1071.998,2605.4,1683.73,1100.91,342.841,946.47,316.051,2000.51,133.05,978.02,1823.59,581.79,1028.38,81.99,1773.42,435.21,448.844,1247.79,154.85,127.422,1193.2,67.52,2084.0,3499.0,4407.5,1103.6,1586.5,111.18,109.195
2015-05-12,1194.18,-0.813,589.0,231.091,94.534,119.82,1.57,60.75,13.86,3.013,2.25,0.596,0.01,0.186,1.303,0.674,-0.201,-0.087,2.929,1.846,0.162,1.477,0.443,-0.009,2.632,2.491,0.553,1981.38,1069.811,2590.73,1678.54,1101.029,343.457,944.529,319.473,2009.75,134.62,986.0,1796.48,583.61,1009.44,80.87,1784.91,436.87,448.298,1245.73,153.04,127.047,1192.4,66.86,2095.0,3545.0,4420.75,1103.6,1604.0,111.16,109.25
2015-05-19,1208.39,-0.841,620.0,226.217,95.267,120.6,1.55,57.26,12.85,3.075,2.289,0.613,0.01,0.184,1.207,0.593,-0.214,-0.11,2.939,1.804,0.113,1.392,0.374,-0.02,2.617,2.473,0.518,1982.38,1066.748,2589.96,1683.01,1101.832,344.565,947.497,317.122,2037.54,137.36,1004.93,1756.4,573.44,1040.42,81.82,1803.72,441.52,446.981,1246.58,153.89,127.031,1206.7,64.02,2124.5,3656.0,4501.25,1103.6,1635.0,111.165,109.289
2015-05-26,1187.44,-0.781,584.0,221.723,97.299,122.92,1.54,58.03,14.06,2.898,2.14,0.612,0.01,0.185,1.183,0.545,-0.229,-0.14,2.98,1.935,0.142,1.468,0.418,-0.008,2.584,2.434,0.531,1986.78,1068.593,2607.07,1685.26,1099.415,345.635,950.718,314.79,2016.81,136.94,1021.83,1636.61,558.52,1035.06,83.37,1781.14,435.93,443.597,1251.74,154.77,127.906,1186.9,63.72,2105.0,3608.0,4479.75,1103.6,1662.5,111.195,109.297
2015-06-02,1193.57,-0.835,591.0,225.819,95.835,124.02,1.536,61.26,14.24,3.014,2.263,0.653,0.005,0.183,1.331,0.713,-0.197,-0.08,3.115,2.124,0.185,1.488,0.418,-0.001,2.662,2.514,0.578,1980.38,1068.47,2579.59,1685.04,1100.887,343.603,944.523,314.87,2021.38,134.45,1030.14,1656.56,530.09,1016.09,80.56,1782.39,434.99,443.215,1249.43,153.13,127.0,1194.1,65.49,2106.75,3558.0,4503.0,1103.6,1673.5,111.13,109.289
2015-06-09,1177.55,-0.715,612.0,226.427,95.166,124.29,1.537,60.14,14.47,3.166,2.439,0.717,0.01,0.185,1.653,0.949,-0.16,-0.115,3.311,2.286,0.182,1.49,0.448,-0.002,2.791,2.642,0.561,1969.53,1065.381,2561.03,1669.24,1093.223,340.438,934.212,311.478,1994.34,130.19,1003.75,1632.48,512.83,989.56,78.04,1751.65,426.95,440.502,1247.71,149.41,125.906,1177.3,64.88,2080.0,3451.0,4431.5,1103.6,1629.5,111.115,109.164
2015-06-16,1181.41,-0.675,681.0,223.774,94.999,123.4,1.564,59.97,14.81,3.041,2.31,0.686,0.005,0.185,1.499,0.796,-0.197,-0.125,3.31,2.328,0.444,1.493,0.496,-0.009,2.709,2.559,0.531,1973.2,1069.221,2571.51,1665.98,1089.606,339.011,932.592,315.31,2010.24,130.74,1006.76,1657.63,529.27,992.91,75.57,1763.68,429.31,442.468,1246.85,151.43,126.641,1180.5,63.7,2097.5,3453.0,4459.0,1103.6,1639.0,111.22,109.242
2015-06-23,1178.2,-0.584,790.0,224.357,95.432,123.86,1.572,61.01,12.11,3.196,2.41,0.678,0.005,0.187,1.625,0.871,-0.192,-0.12,3.16,2.133,0.252,1.444,0.457,0.002,2.839,2.681,0.614,1969.97,1068.452,2555.08,1674.08,1096.08,342.278,938.224,314.362,2037.1,135.29,1028.61,1661.48,525.96,1034.64,77.83,1795.98,437.53,441.43,1244.45,150.69,125.453,1176.2,64.45,2116.5,3625.0,4541.25,1103.6,1681.5,111.21,109.344
2015-06-30,1173.76,-0.51,800.0,227.17,95.485,122.12,1.573,59.47,18.23,3.124,2.354,0.643,0.005,0.187,1.569,0.763,-0.229,-0.123,3.286,2.331,0.431,1.429,0.459,0.0,2.716,2.572,0.557,1975.18,1070.358,2563.64,1661.94,1087.602,339.719,935.578,315.901,1978.1,129.19,998.08,1642.49,512.84,1034.34,74.49,1735.61,423.51,442.485,1246.35,152.0,126.172,1171.8,63.59,2054.5,3436.0,4390.25,1103.6,1630.5,111.275,109.469
2015-07-07,1156.6,-0.377,830.0,215.534,96.865,122.28,1.543,52.33,16.09,3.04,2.259,0.585,0.01,0.187,1.409,0.642,-0.265,-0.116,3.208,2.267,0.38,1.462,0.452,0.005,2.611,2.445,0.499,1979.71,1073.873,2583.24,1659.0,1081.856,339.485,937.581,315.43,1995.04,126.25,1001.64,1583.34,484.16,1051.65,67.5,1724.95,419.24,441.148,1234.18,153.9,127.125,1152.6,56.85,2073.75,3287.0,4422.25,1103.6,1642.0,111.36,109.297
2015-07-14,1155.31,-0.457,915.0,219.384,96.643,123.36,1.559,53.04,13.37,3.196,2.402,0.637,0.005,0.187,1.629,0.835,-0.23,-0.12,3.234,2.063,0.199,1.459,0.454,0.005,2.849,2.695,0.598,1974.05,1071.168,2554.98,1663.59,1087.221,342.131,937.076,311.085,2021.24,135.05,1003.86,1642.67,501.53,1043.82,69.12,1769.41,429.43,439.216,1233.12,151.38,125.938,1153.5,58.51,2102.0,3603.0,4517.5,1103.6,1642.0,111.27,109.125
2015-07-21,1107.45,-0.428,1113.0,212.005,97.328,123.8,1.557,50.36,12.22,3.062,2.326,0.678,0.025,0.189,1.497,0.78,-0.223,-0.122,3.044,1.963,0.129,1.425,0.41,0.007,2.812,2.664,0.636,1979.54,1074.317,2564.93,1654.78,1085.325,344.96,938.806,312.353,2029.38,136.45,1024.74,1563.0,494.74,1056.72,70.26,1777.86,431.22,439.751,1243.02,152.75,126.203,1103.5,57.04,2114.5,3646.0,4666.5,1103.6,1675.0,111.27,109.039
2015-07-28,1095.32,-0.459,1094.0,204.391,96.772,123.59,1.56,47.98,13.44,2.965,2.251,0.668,0.046,0.189,1.377,0.689,-0.236,-0.114,2.924,1.873,0.115,1.403,0.402,0.004,2.619,2.478,0.592,1983.63,1077.777,2573.38,1640.86,1078.48,343.311,933.211,315.663,2004.15,132.41,996.2,1409.77,455.63,1030.8,65.99,1747.06,422.25,442.455,1232.95,153.84,127.0,1096.2,53.3,2087.25,3549.0,4556.0,1103.6,1629.5,111.3,109.156
2015-08-04,1092.42,-0.487,1200.0,200.87,97.931,123.97,1.563,45.74,13.0,2.897,2.222,0.732,0.076,0.191,1.34,0.638,-0.252,-0.102,2.829,1.771,0.06,1.398,0.386,0.0,2.532,2.403,0.57,1983.58,1078.622,2580.62,1649.93,1081.487,343.817,936.465,317.182,2004.92,135.06,1013.34,1395.06,458.98,1053.32,65.67,1758.87,424.92,442.457,1233.56,154.56,127.266,1090.7,49.99,2083.0,3618.0,4551.75,1103.6,1655.0,111.325,109.07
2015-08-11,1109.33,-0.364,1162.0,199.312,97.29,125.13,1.557,43.08,13.71,2.809,2.142,0.673,0.101,0.193,1.316,0.631,-0.277,-0.119,2.787,1.784,0.05,1.416,0.388,0.0,2.449,2.334,0.569,1989.52,1079.558,2586.64,1631.92,1074.378,342.753,934.022,318.33,1995.55,133.34,1029.34,1353.42,453.07,1051.28,66.77,1749.63,422.21,443.376,1227.63,154.94,127.859,1107.6,49.18,2079.75,3604.0,4510.75,1103.6,1685.5,111.38,109.188
2015-08-18,1116.39,-0.348,1046.0,196.771,97.04,124.37,1.565,42.62,13.79,2.856,2.193,0.718,0.066,0.205,1.32,0.641,-0.257,-0.13,2.791,1.812,0.114,1.395,0.371,0.0,2.554,2.425,0.585,1984.67,1078.956,2574.26,1628.41,1071.441,342.643,930.586,316.633,2008.24,131.27,1018.75,1316.71,442.34,1052.51,64.06,1744.2,419.63,442.692,1222.97,154.82,127.453,1117.1,48.81,2094.0,3497.0,4544.0,1103.6,1673.5,111.355,109.156
2015-08-25,1137.73,-0.488,942.0,187.659,94.53,119.93,1.57,39.31,36.02,2.799,2.072,0.601,0.051,0.199,1.397,0.729,-0.242,-0.119,2.969,1.98,0.179,1.392,0.38,0.003,2.509,2.359,0.692,1989.62,1081.71,2567.49,1612.17,1064.712,337.349,918.433,317.715,1788.59,120.44,873.18,1214.41,410.65,981.2,57.15,1583.86,381.91,448.198,1205.41,153.58,128.063,1138.2,43.21,1872.75,3228.0,4028.5,1103.6,1422.0,111.31,109.383
2015-09-01,1141.14,-0.465,911.0,195.999,95.45,119.79,1.532,45.41,31.4,2.915,2.153,0.704,0.036,0.199,1.504,0.796,-0.217,-0.126,3.027,1.996,0.193,1.396,0.356,0.004,2.563,2.416,0.682,1990.72,1079.692,2567.89,1621.58,1070.262,338.264,923.997,314.064,1833.04,119.21,899.43,1190.82,438.6,980.79,56.87,1600.71,386.17,445.383,1207.09,152.94,127.875,1139.3,49.56,1916.0,3182.0,4158.25,1103.6,1470.5,111.27,109.289
2015-09-08,1123.67,-0.467,873.0,198.387,95.985,119.81,1.537,45.94,24.9,2.956,2.184,0.733,0.025,0.203,1.43,0.675,-0.225,-0.133,2.969,1.831,0.08,1.357,0.35,0.011,2.477,2.321,0.616,1990.6,1079.774,2571.24,1630.47,1073.116,339.0,922.792,314.863,1886.8,121.18,863.83,1175.33,430.37,959.31,57.44,1627.09,391.42,445.405,1201.14,154.66,127.828,1120.7,49.52,1965.75,3236.0,4298.5,1103.6,1414.5,111.255,109.266
2015-09-15,1104.51,-0.456,802.0,196.015,95.611,120.36,1.536,44.59,22.54,3.067,2.288,0.802,0.056,0.209,1.506,0.742,-0.232,-0.13,3.003,1.892,0.122,1.426,0.377,0.018,2.558,2.404,0.64,1986.53,1077.659,2559.76,1631.95,1075.918,337.841,922.68,313.33,1894.71,120.3,890.32,1171.79,438.4,977.65,58.14,1634.01,393.69,444.87,1202.33,154.11,127.281,1102.6,46.63,1979.75,3213.0,4361.0,1103.6,1449.0,111.29,109.164
2015-09-22,1125.86,-0.49,923.0,194.819,96.283,119.97,1.537,45.83,22.44,2.943,2.135,0.674,-0.005,0.195,1.319,0.589,-0.265,-0.141,2.88,1.747,0.122,1.363,0.309,0.007,2.497,2.327,0.568,1997.97,1083.672,2589.61,1613.78,1065.403,337.332,924.132,313.647,1860.5,116.86,890.35,1092.48,425.59,970.96,59.59,1600.76,386.51,446.36,1200.88,156.06,128.109,1125.0,49.08,1932.0,3063.0,4267.25,1103.6,1451.5,111.385,109.438
2015-09-29,1130.82,-0.526,926.0,193.575,95.855,119.69,1.516,45.23,26.83,2.853,2.052,0.649,-0.01,0.194,1.311,0.582,-0.255,-0.143,2.812,1.713,0.128,1.369,0.327,0.009,2.462,2.296,0.566,2000.25,1087.998,2586.49,1578.76,1045.664,331.203,909.886,312.251,1800.87,114.32,833.74,1029.54,424.06,971.29,56.08,1550.43,374.06,446.688,1189.99,156.17,128.813,1127.1,48.23,1874.5,3026.0,4074.75,1103.6,1378.0,111.35,109.547
2015-10-06,1146.56,-0.506,869.0,200.134,95.455,120.27,1.523,48.53,19.4,2.869,2.032,0.601,-0.005,0.194,1.358,0.595,-0.251,-0.139,2.821,1.691,0.077,1.366,0.324,0.002,2.526,2.346,0.577,2004.75,1089.702,2592.69,1591.71,1058.536,334.348,926.948,315.434,1892.61,121.7,896.2,1188.36,445.69,1016.35,60.08,1640.98,396.23,448.567,1183.34,156.18,129.031,1146.8,51.92,1968.5,3217.0,4290.25,1103.6,1477.5,111.34,109.453
2015-10-13,1165.4,-0.53,804.0,199.46,94.759,119.76,1.525,46.66,17.67,2.884,2.045,0.617,0.0,0.193,1.35,0.586,-0.255,-0.142,2.752,1.655,0.083,1.333,0.31,0.004,2.58,2.389,0.565,2003.77,1089.576,2598.41,1613.25,1072.115,335.881,931.319,314.416,1914.14,121.26,913.62,1181.44,470.46,1008.32,62.55,1661.07,401.8,450.526,1192.31,156.18,128.859,1165.8,49.24,1994.0,3211.0,4341.25,1103.6,1503.0,111.345,109.43
2015-10-20,1177.02,-0.463,762.0,197.425,94.913,119.85,1.546,45.55,15.75,2.917,2.068,0.629,0.01,0.196,1.388,0.625,-0.245,-0.142,2.774,1.661,0.1,1.345,0.309,0.01,2.603,2.421,0.566,2005.91,1090.856,2597.7,1622.04,1078.319,338.436,936.125,314.399,1939.42,122.56,911.49,1163.22,473.93,1022.46,63.63,1677.52,405.86,450.571,1191.99,155.91,128.563,1178.0,48.71,2020.5,3255.0,4424.75,1103.6,1498.0,111.33,109.383
2015-10-27,1166.45,-0.466,739.0,191.336,96.906,120.38,1.53,43.2,15.43,2.859,2.038,0.621,0.015,0.194,1.189,0.442,-0.341,-0.134,2.552,1.44,0.01,1.334,0.301,0.003,2.525,2.34,0.519,2009.94,1093.148,2616.91,1623.41,1076.726,341.669,939.726,315.387,1970.64,125.68,939.84,1152.46,450.94,1015.93,63.88,1696.24,409.86,449.11,1193.54,158.35,128.922,1166.8,46.81,2060.5,3383.0,4632.25,1103.6,1547.0,111.535,109.453
2015-11-03,1117.0,-0.482,680.0,197.557,97.158,121.05,1.542,47.9,14.54,2.992,2.211,0.766,0.051,0.19,1.35,0.573,-0.324,-0.129,2.681,1.657,0.045,1.359,0.31,0.002,2.686,2.515,0.691,1999.91,1091.38,2586.18,1630.03,1081.652,343.86,941.525,311.052,2013.71,127.86,929.46,1206.54,476.67,1001.2,62.21,1717.39,414.38,444.837,1198.54,156.6,127.109,1114.1,50.54,2103.0,3433.0,4712.0,1103.6,1531.0,111.48,109.0
2015-11-10,1089.8,-0.369,622.0,189.416,99.293,123.14,1.511,44.21,15.29,3.115,2.343,0.874,0.127,0.197,1.515,0.62,-0.355,-0.138,2.874,1.685,0.04,1.381,0.312,-0.011,2.693,2.548,0.701,1991.58,1087.008,2574.5,1609.41,1067.849,344.791,934.356,306.754,1987.37,127.0,969.21,1157.31,457.73,959.21,62.01,1690.51,407.24,438.328,1198.82,156.07,126.297,1088.5,47.44,2078.0,3420.0,4643.0,1103.6,1592.5,111.535,108.852
2015-11-17,1069.46,-0.393,537.0,183.713,99.631,123.4,1.522,40.67,18.84,3.054,2.267,0.851,0.117,0.199,1.389,0.523,-0.382,-0.132,2.696,1.564,0.01,1.389,0.294,-0.015,2.673,2.519,0.658,1996.09,1089.985,2580.79,1599.01,1063.17,345.667,934.723,307.552,1957.18,128.15,965.3,1182.55,463.96,959.87,61.21,1676.1,403.67,439.166,1186.12,157.33,126.734,1068.6,43.57,2049.0,3447.0,4569.5,1103.6,1591.0,111.605,108.891
2015-11-24,1075.32,-0.429,528.0,185.265,99.527,122.43,1.507,42.87,15.93,3.002,2.239,0.93,0.158,0.221,1.322,0.516,-0.383,-0.133,2.616,1.506,-0.009,1.397,0.315,-0.006,2.581,2.433,0.609,1996.26,1095.21,2585.65,1583.99,1059.713,345.712,938.325,309.255,1994.4,126.83,976.28,1237.89,469.04,964.13,62.17,1695.46,408.6,440.481,1190.36,157.79,126.906,1073.8,46.12,2084.75,3406.0,4666.0,1103.6,1609.5,111.605,108.797
2015-12-01,1065.0,-0.531,598.0,184.393,99.795,122.92,1.507,41.85,14.67,2.902,2.144,0.907,0.198,0.243,1.351,0.467,-0.442,-0.138,2.568,1.408,-0.034,1.375,0.294,-0.011,2.471,2.327,0.566,2003.76,1098.524,2602.04,1592.25,1059.907,346.016,935.361,311.952,2007.41,129.59,973.4,1121.27,449.74,974.61,61.17,1710.12,411.15,441.438,1190.74,158.48,127.516,1063.8,44.44,2100.0,3482.0,4716.25,1103.6,1603.0,111.705,108.836
2015-12-08,1074.31,-0.578,551.0,177.393,98.474,122.95,1.501,37.51,17.6,2.955,2.219,0.929,0.27,0.287,1.369,0.57,-0.316,-0.138,2.594,1.55,0.031,1.378,0.315,-0.033,2.491,2.336,0.586,1999.78,1099.467,2586.73,1568.39,1051.639,342.928,927.933,309.989,1968.53,123.18,951.81,1120.52,414.27,947.86,59.9,1670.68,401.14,442.332,1185.31,156.94,126.922,1076.3,40.26,2058.75,3303.0,4687.25,1103.6,1568.0,111.415,108.719
2015-12-15,1063.47,-0.496,484.0,174.227,98.217,121.76,1.506,37.35,20.95,2.986,2.267,0.964,0.244,0.345,1.409,0.64,-0.342,-0.231,2.719,1.682,0.087,1.353,0.291,-0.018,2.62,2.468,0.629,1995.45,1100.435,2567.05,1539.38,1035.413,338.667,919.521,307.288,1948.05,120.97,911.14,1095.14,415.58,953.71,58.11,1646.69,395.15,441.859,1170.97,157.49,126.719,1062.9,38.45,2045.5,3242.0,4606.0,1103.6,1501.5,111.505,108.797
2015-12-22,1073.95,-0.462,474.0,171.953,98.235,121.0,1.482,36.14,16.6,2.956,2.237,0.973,0.188,0.42,1.381,0.601,-0.349,-0.237,2.656,1.635,0.033,1.267,0.27,-0.055,2.6,2.43,0.61,1996.41,1103.286,2569.89,1535.34,1033.863,338.18,919.395,306.388,1944.05,120.11,931.07,1026.43,404.33,964.14,59.59,1650.17,396.65,443.25,1168.2,158.3,126.172,1074.8,36.11,2036.0,3204.0,4591.0,1103.6,1532.5,111.515,108.672
2015-12-29,1069.28,-0.435,478.0,177.344,98.101,120.42,1.481,37.87,16.08,3.036,2.306,1.091,0.193,0.422,1.47,0.628,-0.337,-0.244,2.695,1.628,-0.038,1.269,0.263,-0.016,2.626,2.453,0.624,1994.05,1104.185,2560.93,1547.21,1038.951,338.789,921.283,305.121,1981.71,124.49,936.48,1069.31,409.64,982.56,59.88,1685.62,404.58,442.248,1175.69,157.88,125.656,1077.5,37.79,2072.75,3299.0,4690.5,1103.6,1543.5,111.49,108.57
2016-01-05,1079.76,-0.461,468.0,173.067,99.404,118.99,1.466,35.97,19.34,2.995,2.237,1.014,0.198,0.423,1.399,0.539,-0.379,-0.127,2.631,1.498,-0.013,1.245,0.253,0.0,2.592,2.412,0.564,2000.39,1108.901,2571.35,1548.48,1035.969,337.563,924.244,303.968,1923.62,120.75,911.94,997.58,399.88,968.05,57.09,1630.64,391.14,441.778,1174.07,159.05,126.25,1078.4,36.42,2011.75,3161.0,4483.75,1103.6,1505.0,111.575,108.43
2016-01-12,1086.45,-0.497,402.0,162.075,98.974,117.7,1.443,30.44,22.47,2.882,2.104,0.924,0.209,0.424,1.357,0.532,-0.388,-0.235,2.724,1.612,0.001,1.18,0.215,-0.031,2.528,2.331,0.491,2011.92,1113.485,2588.38,1536.94,1028.776,333.641,917.939,304.145,1846.31,115.43,849.46,926.16,368.12,934.32,52.52,1561.68,373.98,444.231,1156.5,159.39,127.828,1085.2,30.86,1925.0,3061.0,4312.75,1103.6,1393.5,111.605,108.75
2016-01-19,1089.48,-0.532,363.0,159.482,98.991,117.45,1.419,28.46,26.05,2.826,2.057,0.87,0.239,0.426,1.322,0.548,-0.399,-0.239,2.652,1.557,0.018,1.22,0.22,-0.031,2.498,2.307,0.457,2014.66,1115.248,2579.31,1505.9,1011.382,327.631,910.546,302.702,1789.19,112.1,842.97,894.03,348.58,925.32,52.45,1520.49,364.61,444.84,1144.21,160.17,128.391,1089.1,28.76,1873.0,2973.0,4144.5,1103.6,1390.0,111.635,108.945
2016-01-26,1118.76,-0.512,345.0,162.679,99.087,118.56,1.435,31.45,22.5,2.784,1.995,0.84,0.31,0.431,1.195,0.445,-0.46,-0.241,2.646,1.506,-0.003,1.16,0.212,-0.028,2.447,2.26,0.414,2019.13,1115.756,2572.4,1511.83,1014.29,329.356,913.123,305.424,1810.99,114.24,823.88,877.09,362.27,921.43,50.44,1535.76,367.63,445.55,1141.63,161.83,128.813,1120.2,31.8,1896.0,3029.0,4226.75,1103.6,1358.5,111.765,109.031
2016-02-02,1126.02,-0.456,310.0,160.181,98.872,120.16,1.441,29.88,21.98,2.656,1.846,0.718,0.336,0.427,1.051,0.306,-0.48,-0.228,2.673,1.485,-0.016,1.081,0.079,-0.154,2.351,2.147,0.374,2026.26,1119.283,2582.9,1513.18,1019.041,330.73,919.725,308.172,1808.36,112.65,879.28,917.79,374.85,929.42,51.45,1538.92,369.31,447.933,1141.61,163.46,130.094,1127.3,32.72,1897.5,2948.0,4192.0,1103.6,1453.5,111.81,109.281
2016-02-09,1197.16,-0.408,291.0,156.578,96.071,114.84,1.448,27.94,26.54,2.549,1.727,0.69,0.305,0.429,0.915,0.233,-0.523,-0.236,2.823,1.682,0.06,1.046,-0.03,-0.25,2.259,2.034,0.32,2029.8,1123.678,2586.69,1480.64,1010.035,323.719,920.095,312.637,1755.84,104.4,787.81,986.99,366.54,908.65,50.73,1488.54,358.43,458.011,1131.83,164.63,131.313,1198.7,30.32,1848.25,2744.0,3944.25,1103.6,1302.5,111.9,109.508
2016-02-16,1208.72,-0.375,301.0,158.865,96.868,113.9,1.43,29.04,24.11,2.639,1.773,0.72,0.28,0.429,0.973,0.265,-0.519,-0.24,2.759,1.622,0.056,1.045,0.025,-0.168,2.31,2.071,0.36,2029.03,1123.977,2572.61,1485.51,1008.022,322.815,920.243,309.706,1798.83,108.04,787.6,955.35,377.18,879.82,50.95,1519.94,365.32,455.312,1120.3,164.35,130.906,1207.9,32.18,1888.75,2814.0,4092.75,1103.6,1295.5,111.855,109.461
2016-02-23,1223.36,-0.339,318.0,160.436,97.481,112.18,1.403,31.87,20.98,2.579,1.723,0.734,0.321,0.434,0.863,0.183,-0.532,-0.243,2.639,1.529,0.029,0.974,-0.001,-0.205,2.341,2.099,0.347,2031.59,1120.563,2591.52,1507.94,1020.731,325.832,930.965,307.992,1823.57,110.41,783.06,1010.05,398.93,893.5,51.85,1540.7,370.47,456.872,1129.63,165.44,130.938,1222.3,33.27,1916.0,2888.0,4159.25,1103.6,1294.5,111.87,109.359
2016-03-01,1229.85,-0.35,332.0,163.87,98.352,114.0,1.396,34.4,17.7,2.698,1.826,0.839,0.326,0.441,0.905,0.145,-0.565,-0.243,2.511,1.38,-0.056,0.784,-0.068,-0.222,2.34,2.155,0.42,2029.19,1117.649,2588.83,1545.98,1035.753,329.294,937.226,306.361,1878.94,114.09,787.23,1044.7,416.34,904.65,51.8,1575.31,378.38,454.631,1137.3,165.99,130.0,1230.8,36.81,1978.0,2994.0,4337.75,1103.6,1300.5,111.93,109.125
2016-03-08,1264.99,-0.255,366.0,169.469,97.209,112.55,1.423,36.5,18.67,2.635,1.83,0.866,0.3,0.441,0.962,0.181,-0.568,-0.236,2.63,1.418,-0.074,0.468,-0.108,-0.237,2.25,2.098,0.433,2030.47,1115.733,2614.44,1575.32,1055.809,332.923,945.316,312.753,1879.9,113.8,816.72,1215.51,438.94,935.23,53.76,1593.66,384.07,460.225,1146.84,165.93,129.922,1262.9,39.65,1981.0,3002.0,4270.5,1103.6,1352.5,111.92,109.039
2016-03-15,1229.97,-0.303,396.0,171.072,96.633,113.01,1.416,36.34,16.84,2.731,1.971,0.964,0.331,0.441,1.061,0.315,-0.454,-0.242,2.544,1.365,-0.023,0.694,-0.012,-0.15,2.332,2.198,0.523,2025.76,1115.132,2624.46,1589.12,1065.899,338.403,947.322,310.637,1913.74,114.86,829.36,1185.52,439.02,927.5,54.35,1619.16,389.73,458.856,1147.52,161.17,128.859,1231.0,38.74,2015.75,3067.0,4364.5,1103.6,1355.5,111.73,108.82
2016-03-22,1247.05,-0.186,398.0,177.116,95.648,112.38,1.422,41.45,14.17,2.722,1.941,0.887,0.295,0.432,0.908,0.21,-0.483,-0.345,2.384,1.252,-0.019,0.378,-0.102,-0.213,2.317,2.167,0.468,2028.53,1117.541,2644.22,1607.16,1079.324,338.412,959.565,315.06,1947.0,114.65,827.09,1329.28,475.68,958.14,56.12,1643.58,396.97,464.412,1147.91,162.54,128.797,1248.6,41.79,2042.5,2969.0,4434.5,1103.6,1356.0,111.78,109.0
2016-03-29,1235.85,-0.105,409.0,171.468,95.16,112.99,1.437,38.28,13.82,2.6,1.804,0.784,0.224,0.435,0.811,0.137,-0.5,-0.349,2.373,1.236,-0.008,0.51,-0.088,-0.223,2.307,2.154,0.454,2035.2,1120.317,2664.92,1588.66,1070.93,338.974,959.085,315.178,1951.91,113.38,831.23,1305.52,448.27,943.11,55.32,1635.87,394.53,464.167,1148.31,163.53,130.0,1235.8,39.14,2047.5,2927.0,4458.25,1103.6,1375.0,111.795,109.273
2016-04-05,1228.45,-0.141,487.0,165.225,94.631,110.25,1.416,35.89,15.42,2.544,1.721,0.72,0.214,0.44,0.724,0.098,-0.489,-0.335,2.408,1.269,-0.01,0.427,-0.058,-0.223,2.264,2.113,0.398,2040.02,1127.123,2684.66,1599.08,1079.415,338.894,963.347,317.539,1943.71,110.42,764.68,1252.58,448.41,943.45,55.15,1618.53,390.68,469.944,1152.61,164.19,130.828,1228.4,37.87,2038.75,2821.0,4469.5,1103.6,1268.0,111.795,109.344
2016-04-12,1255.03,-0.134,560.0,175.486,93.959,108.76,1.424,42.17,14.85,2.599,1.777,0.739,0.224,0.436,0.872,0.164,-0.517,-0.334,2.501,1.377,0.001,0.401,-0.107,-0.256,2.331,2.18,0.435,2040.77,1129.222,2680.96,1616.95,1089.045,339.8,968.644,316.263,1959.46,112.74,783.17,1379.41,485.34,956.38,56.38,1644.22,397.12,471.367,1148.62,163.44,130.547,1259.4,44.69,2055.75,2871.0,4490.0,1103.6,1299.0,111.855,109.273
2016-04-19,1253.35,-0.151,671.0,177.923,93.976,109.13,1.439,41.08,13.24,2.594,1.786,0.757,0.209,0.439,0.865,0.168,-0.506,-0.341,2.563,1.4,-0.014,0.323,-0.132,-0.269,2.359,2.228,0.461,2041.48,1131.236,2696.44,1642.83,1104.952,343.669,978.572,317.451,1996.65,117.84,822.3,1408.85,493.83,981.92,58.46,1692.91,408.75,472.105,1154.45,163.24,130.359,1253.0,44.03,2093.75,3042.0,4526.75,1103.6,1361.5,111.83,109.227
2016-04-26,1240.75,-0.273,704.0,181.483,94.573,111.39,1.458,44.04,13.96,2.754,1.928,0.861,0.244,0.437,1.02,0.299,-0.493,-0.34,2.654,1.534,-0.011,0.335,-0.105,-0.268,2.467,2.347,0.548,2035.43,1128.803,2687.78,1651.67,1108.582,346.594,974.654,315.023,1989.95,117.16,843.39,1402.91,493.04,979.66,57.25,1685.65,406.68,468.005,1158.96,161.63,129.172,1242.2,45.74,2088.5,3058.0,4452.5,1103.6,1386.0,111.795,108.984
2016-05-03,1287.3,-0.267,682.0,179.844,92.944,106.31,1.456,43.65,15.6,2.658,1.797,0.754,0.198,0.436,0.904,0.2,-0.498,-0.333,2.585,1.454,-0.056,0.262,-0.129,-0.244,2.322,2.195,0.478,2042.76,1133.344,2709.57,1657.39,1115.358,344.948,979.151,319.812,1962.28,113.1,784.11,1361.79,489.17,957.24,55.4,1658.64,399.77,476.375,1156.77,163.03,130.297,1291.8,44.97,2057.0,2930.0,4334.5,1103.6,1300.0,111.8,109.242
2016-05-10,1260.36,-0.239,594.0,180.281,94.29,109.28,1.443,44.66,13.63,2.612,1.762,0.722,0.244,0.439,0.835,0.123,-0.51,-0.329,2.737,1.507,-0.067,0.315,-0.095,-0.249,2.274,2.137,0.377,2045.76,1135.764,2710.79,1651.06,1110.478,343.747,980.701,318.955,1982.21,113.27,804.18,1419.61,473.48,973.06,54.09,1662.31,399.88,472.877,1150.06,164.26,130.781,1264.8,45.52,2077.5,2941.0,4392.0,1103.6,1337.0,111.84,109.336
2016-05-17,1276.15,-0.17,643.0,185.856,94.548,109.04,1.447,48.31,15.57,2.599,1.773,0.831,0.285,0.436,0.835,0.132,-0.512,-0.341,2.632,1.451,-0.064,0.357,-0.11,-0.255,2.244,2.105,0.375,2044.89,1138.458,2709.56,1660.69,1115.992,344.338,985.009,319.335,1947.14,112.72,804.72,1350.07,491.98,973.62,54.28,1641.63,395.14,472.139,1152.19,164.15,130.406,1276.9,49.28,2043.5,2906.0,4319.5,1103.6,1340.5,111.835,109.086
2016-05-24,1228.97,-0.155,618.0,183.345,95.571,109.99,1.463,48.62,14.42,2.644,1.864,0.909,0.346,0.446,0.901,0.176,-0.509,-0.335,2.604,1.421,-0.065,0.332,-0.109,-0.239,2.322,2.19,0.478,2041.91,1134.744,2693.31,1664.3,1113.439,346.036,978.5,317.201,1975.15,115.69,796.78,1294.79,468.88,952.48,53.56,1654.36,397.23,467.977,1153.18,163.51,129.563,1229.2,48.61,2075.0,2999.0,4445.25,1103.6,1326.0,111.815,108.898
2016-05-31,1214.88,0.031,612.0,186.153,95.891,110.68,1.452,49.1,14.19,2.648,1.847,0.877,0.285,0.457,0.848,0.138,-0.517,-0.346,2.526,1.354,-0.084,0.297,-0.12,-0.248,2.216,2.101,0.428,2044.34,1134.225,2706.27,1673.44,1118.168,348.128,980.797,317.824,1995.56,116.86,830.45,1252.99,475.24,995.7,56.06,1674.61,402.57,468.076,1161.88,163.97,129.797,1214.8,49.69,2095.0,3053.0,4524.25,1103.6,1377.0,111.83,108.953
2016-06-07,1242.94,-0.102,606.0,192.427,93.828,107.43,1.455,50.36,14.05,2.542,1.719,0.783,0.264,0.447,0.699,0.049,-0.541,-0.338,2.502,1.42,-0.075,0.273,-0.123,-0.254,2.117,1.992,0.358,2049.56,1137.673,2729.24,1686.29,1132.11,348.513,992.669,322.627,2011.08,116.52,805.6,1352.09,496.01,1006.19,56.88,1694.29,408.26,476.67,1165.14,165.38,130.938,1244.4,51.44,2110.25,3039.0,4514.25,1103.6,1344.5,111.915,109.18
2016-06-14,1282.43,-0.127,608.0,192.208,94.928,106.08,1.415,48.49,20.5,2.423,1.614,0.722,0.265,0.442,0.553,-0.004,-0.584,-0.329,2.578,1.504,0.081,0.23,-0.17,-0.278,1.982,1.867,0.351,2053.16,1144.627,2739.07,1679.62,1122.813,344.728,989.107,320.524,1975.89,108.01,764.6,1295.72,468.36,986.99,54.26,1630.45,392.81,476.862,1166.12,165.21,131.719,1285.6,49.83,2074.5,2794.0,4425.25,1103.6,1268.0,111.93,109.344
2016-06-21,1269.43,-0.031,580.0,193.077,94.017,104.62,1.466,48.85,18.48,2.512,1.707,0.763,0.269,0.448,0.641,0.049,-0.585,-0.341,2.541,1.445,0.008,0.262,-0.147,-0.248,2.137,2.029,0.497,2050.84,1145.055,2735.23,1687.87,1131.376,348.368,994.516,323.285,1988.83,114.56,779.79,1389.45,483.89,1003.19,55.0,1668.78,402.21,478.886,1160.76,164.44,131.344,1270.5,50.62,2080.5,2967.0,4400.25,1103.6,1294.0,111.92,109.313
2016-06-28,1314.58,-0.081,627.0,191.545,96.245,102.68,1.333,47.85,18.75,2.275,1.467,0.613,0.254,0.459,0.425,-0.113,-0.661,-0.323,2.396,1.397,-0.046,0.057,-0.23,-0.301,1.805,1.681,0.186,2059.81,1153.083,2766.1,1674.23,1118.021,338.842,1000.92,321.705,1937.7,107.1,734.54,1401.62,468.12,988.97,54.0,1599.12,386.14,480.051,1154.33,166.86,133.25,1315.3,48.58,2028.5,2743.0,4281.0,1103.6,1221.5,112.085,109.625
2016-07-05,1355.01,-0.099,692.0,189.66,96.166,101.52,1.305,46.6,15.58,2.155,1.376,0.55,0.244,0.47,0.339,-0.186,-0.684,-0.321,2.29,1.26,-0.085,0.056,-0.252,-0.33,1.585,1.455,0.113,2065.14,1155.572,2798.57,1698.51,1134.251,341.539,1017.111,324.589,1987.42,109.86,754.46,1464.95,479.82,1018.6,55.41,1645.54,397.51,484.861,1168.78,167.77,133.891,1358.7,47.96,2082.75,2807.0,4404.0,1103.6,1250.0,112.115,109.664
2016-07-12,1332.55,-0.008,711.0,190.228,96.441,104.91,1.328,46.8,13.55,2.224,1.511,0.689,0.29,0.478,0.485,-0.091,-0.67,-0.321,2.226,1.223,-0.07,0.145,-0.28,-0.351,1.671,1.524,0.182,2061.68,1153.146,2795.7,1732.33,1151.17,344.71,1023.108,323.519,2048.45,113.76,773.3,1539.5,497.89,1039.94,56.88,1690.69,408.39,481.073,1172.23,166.65,132.516,1335.3,48.47,2145.75,2929.0,4569.75,1103.6,1292.0,112.105,109.391
2016-07-19,1332.89,0.073,746.0,186.104,97.063,106.1,1.312,44.65,11.97,2.267,1.553,0.69,0.31,0.487,0.507,-0.031,-0.646,-0.333,2.268,1.233,-0.067,0.199,-0.234,-0.327,1.67,1.524,0.167,2061.59,1150.522,2792.57,1736.57,1154.209,346.777,1023.675,321.85,2059.03,114.07,802.34,1603.4,497.08,1035.3,57.52,1698.72,410.83,477.975,1175.69,166.49,132.234,1332.3,46.66,2158.75,2927.0,4606.5,1103.6,1331.0,112.05,109.281
2016-07-26,1320.34,0.09,696.0,181.219,97.156,104.79,1.314,42.92,13.05,2.283,1.562,0.754,0.304,0.491,0.462,-0.029,-0.613,-0.335,2.252,1.246,-0.046,0.259,-0.26,-0.337,1.705,1.552,0.163,2058.89,1150.667,2792.4,1738.62,1154.251,348.161,1020.831,319.782,2066.01,115.37,786.38,1603.22,482.34,1047.45,58.33,1705.99,412.54,478.674,1181.01,166.49,132.125,1320.8,44.87,2163.25,2977.0,4663.75,1103.6,1305.5,111.985,109.227
2016-08-02,1364.84,0.158,645.0,177.317,95.064,100.76,1.334,39.51,13.37,2.307,1.557,0.679,0.269,0.494,0.437,-0.038,-0.606,-0.321,2.166,1.214,-0.053,0.32,-0.08,-0.175,1.636,1.487,0.189,2062.12,1151.304,2787.29,1730.59,1156.197,348.391,1022.124,324.382,2054.84,113.21,782.48,1599.44,470.36,1054.48,58.2,1706.52,412.95,485.011,1181.29,166.59,132.547,1364.4,41.8,2152.75,2906.0,4714.25,1103.6,1295.5,111.96,109.414
2016-08-09,1340.08,0.195,631.0,181.43,96.183,101.95,1.301,42.77,11.66,2.262,1.548,0.71,0.28,0.512,0.425,-0.078,-0.627,-0.339,2.07,1.118,-0.076,0.438,-0.084,-0.192,1.385,1.222,0.103,2064.95,1151.562,2799.61,1751.0,1166.08,350.437,1030.744,327.389,2078.64,116.35,796.57,1699.5,497.63,1061.84,59.36,1728.52,418.86,483.943,1182.95,167.44,132.344,1339.0,44.98,2177.5,3028.0,4791.75,1103.6,1316.5,112.015,109.32
2016-08-16,1348.42,0.078,687.0,186.637,94.791,100.33,1.304,46.58,12.64,2.298,1.575,0.746,0.274,0.507,0.479,-0.031,-0.614,-0.347,2.123,1.115,-0.088,0.352,-0.1,-0.199,1.325,1.206,0.171,2063.38,1153.715,2799.26,1761.78,1175.894,350.961,1037.739,330.937,2075.1,115.9,784.56,1708.64,503.81,1058.26,62.04,1730.94,420.18,487.047,1186.03,166.7,132.0,1350.5,49.23,2176.75,3022.0,4798.5,1103.6,1297.0,111.985,109.234
2016-08-23,1341.29,0.112,692.0,188.375,94.539,100.22,1.319,48.1,12.38,2.229,1.547,0.742,0.299,0.522,0.4,-0.097,-0.635,-0.342,2.138,1.118,-0.099,0.312,-0.095,-0.21,1.265,1.139,0.119,2066.59,1154.473,2814.2,1768.02,1180.665,352.287,1039.525,335.281,2083.77,115.91,785.41,1668.38,505.98,1054.36,61.97,1738.55,421.37,489.499,1186.26,167.67,132.219,1340.6,49.96,2185.25,2993.0,4817.0,1103.6,1298.0,112.005,109.234
2016-08-30,1315.24,0.024,715.0,182.823,96.054,103.03,1.309,46.35,13.12,2.229,1.567,0.797,0.325,0.524,0.423,-0.093,-0.624,-0.343,2.138,1.105,-0.099,0.4,-0.08,-0.206,1.241,1.11,0.146,2067.3,1155.153,2813.48,1771.86,1180.095,353.837,1039.699,334.463,2073.24,116.34,795.81,1656.49,497.35,1066.69,62.25,1723.65,417.77,484.095,1183.32,167.73,131.891,1313.0,48.37,2175.25,3033.0,4776.0,1103.6,1313.5,112.015,109.141
2016-09-06,1346.48,-0.057,745.0,180.895,94.823,102.15,1.342,44.83,12.02,2.224,1.535,0.728,0.31,0.519,0.443,-0.112,-0.679,-0.339,2.146,1.086,-0.125,0.5,-0.023,-0.19,1.3,1.183,0.09,2069.85,1153.01,2816.21,1774.61,1185.036,355.857,1041.648,337.942,2084.33,117.83,819.15,1715.41,517.56,1086.62,64.59,1745.89,423.82,486.572,1185.53,168.06,132.297,1350.4,47.26,2184.5,3070.0,4827.5,1103.6,1353.0,112.1,109.25
2016-09-13,1323.09,-0.079,796.0,180.56,95.633,102.2,1.32,44.9,17.85,2.463,1.728,0.798,0.35,0.528,0.662,0.069,-0.628,-0.342,2.412,1.32,-0.047,0.508,-0.018,-0.25,1.575,1.457,0.199,2066.55,1148.349,2771.34,1761.52,1176.815,352.456,1032.353,330.14,2027.52,114.25,800.19,1590.22,503.49,1055.22,62.62,1694.83,410.89,481.312,1184.32,163.29,130.969,1319.6,47.1,2128.75,2975.0,4727.75,1103.6,1311.0,111.995,109.102
2016-09-20,1314.92,-0.112,865.0,182.97,96.019,101.67,1.298,43.44,15.92,2.432,1.69,0.774,0.289,0.536,0.566,-0.019,-0.668,-0.346,2.333,1.249,-0.096,0.498,-0.068,-0.27,1.535,1.383,0.105,2068.26,1146.908,2784.77,1763.72,1174.707,350.773,1030.727,328.672,2040.39,114.98,795.46,1640.18,502.8,1063.37,63.45,1703.23,413.35,481.736,1182.71,164.18,131.484,1314.0,45.88,2131.0,2954.0,4798.5,1103.6,1302.5,112.075,109.148
2016-09-27,1327.19,-0.099,930.0,183.105,95.435,100.37,1.302,44.67,13.1,2.277,1.557,0.742,0.254,0.524,0.421,-0.141,-0.708,-0.345,2.266,1.207,-0.115,0.505,-0.079,-0.27,1.364,1.22,0.078,2074.98,1149.985,2813.65,1773.65,1183.43,351.33,1040.492,335.07,2059.85,114.75,812.14,1659.75,506.38,1059.1,64.24,1719.88,417.57,486.603,1187.69,165.98,131.531,1326.0,45.97,2152.75,2955.0,4860.75,1103.6,1339.5,112.17,109.289
2016-10-04,1271.16,-0.101,860.0,187.304,96.169,102.95,1.274,48.69,13.63,2.41,1.687,0.822,0.321,0.528,0.529,-0.056,-0.689,-0.329,2.367,1.305,-0.102,0.456,-0.077,-0.283,1.507,1.357,0.113,2070.65,1146.743,2794.71,1787.17,1189.417,351.362,1040.404,332.897,2050.97,116.94,805.61,1691.84,519.84,1072.16,64.2,1717.82,417.36,481.841,1189.72,165.3,130.5,1266.3,50.87,2144.75,3023.0,4857.5,1103.6,1341.0,112.145,109.055
2016-10-11,1256.14,0.033,922.0,189.16,97.69,103.46,1.216,50.79,15.36,2.501,1.765,0.866,0.331,0.53,0.645,0.024,-0.674,-0.349,2.481,1.375,-0.096,0.526,-0.05,-0.265,1.674,1.536,0.179,2067.41,1140.558,2790.76,1791.62,1187.23,349.922,1037.347,326.684,2036.34,115.1,816.32,1740.32,524.65,1064.73,63.98,1700.33,413.07,476.298,1190.01,163.72,129.891,1253.0,52.41,2134.5,3007.0,4827.0,1103.6,1353.5,112.095,108.844
2016-10-18,1262.62,0.017,890.0,189.78,97.895,103.84,1.229,50.29,15.28,2.505,1.739,0.799,0.335,0.528,0.662,0.034,-0.674,-0.35,2.483,1.38,-0.081,0.496,-0.055,-0.275,1.749,1.606,0.202,2069.82,1137.305,2800.84,1796.33,1186.689,351.96,1035.518,325.006,2038.63,115.81,814.69,1837.48,514.03,1058.31,63.45,1701.1,413.39,475.733,1184.84,163.74,130.297,1260.8,51.68,2132.0,3038.0,4827.0,1103.6,1354.0,112.1,108.969
2016-10-25,1272.09,-0.017,813.0,189.347,98.719,104.25,1.22,49.96,13.46,2.499,1.757,0.852,0.33,0.534,0.646,0.029,-0.654,-0.348,2.496,1.381,-0.091,0.486,-0.07,-0.255,1.736,1.618,0.244,2069.78,1138.24,2800.56,1804.82,1192.017,353.701,1041.63,325.339,2042.14,116.13,827.72,1874.77,521.65,1057.34,63.89,1701.2,413.9,473.745,1189.69,164.02,130.172,1271.9,50.79,2138.0,3075.0,4886.0,1103.6,1378.0,112.06,108.914
2016-11-01,1288.7,-0.06,838.0,185.811,97.699,104.2,1.224,46.67,18.56,2.577,1.828,0.831,0.351,0.534,0.799,0.177,-0.627,-0.351,2.792,1.751,0.026,0.504,-0.054,-0.248,1.931,1.819,0.253,2068.18,1136.48,2783.69,1780.55,1181.825,351.667,1032.599,322.762,2012.24,113.56,836.46,1795.22,516.95,1047.31,62.29,1683.96,409.38,473.361,1183.91,161.84,129.797,1288.0,48.14,2103.75,3011.0,4757.25,1103.6,1393.5,111.975,108.961
2016-11-08,1277.03,-0.096,911.0,183.552,97.861,105.08,1.239,44.98,18.74,2.616,1.856,0.854,0.416,0.535,0.795,0.186,-0.638,-0.343,2.801,1.72,-0.022,0.495,-0.07,-0.265,1.887,1.767,0.213,2066.26,1138.926,2777.18,1782.64,1184.301,352.091,1035.77,323.665,2037.72,113.42,818.46,1840.16,505.02,1028.52,62.04,1691.74,411.06,473.636,1171.9,161.92,129.5,1274.5,46.04,2135.5,3016.0,4802.25,1103.6,1367.5,111.995,108.922
2016-11-15,1226.63,-0.086,1084.0,183.078,100.23,108.85,1.244,45.81,13.37,2.956,2.22,0.993,0.482,0.542,0.918,0.306,-0.632,-0.35,3.033,1.961,0.047,0.565,0.001,-0.182,2.015,1.896,0.194,2042.7,1113.311,2722.75,1765.75,1161.251,351.351,1003.37,316.063,2075.84,114.8,845.51,1587.18,510.21,960.86,59.46,1701.82,410.13,459.612,1185.05,160.41,126.422,1224.5,46.95,2179.25,3051.0,4766.0,1103.6,1402.0,112.005,108.578
2016-11-22,1212.46,0.036,1232.0,187.563,101.04,111.04,1.242,48.03,12.41,3.0,2.313,1.087,0.482,0.568,0.846,0.218,-0.744,-0.35,3.082,2.022,0.021,0.626,0.027,-0.159,2.014,1.906,0.141,2034.77,1104.626,2708.77,1775.66,1163.327,351.847,1002.233,314.152,2098.02,115.44,870.91,1682.3,531.99,957.21,60.7,1713.07,413.37,455.107,1188.45,161.4,125.703,1211.2,49.12,2200.25,3042.0,4874.75,1103.6,1450.0,112.23,108.469
2016-11-29,1187.22,0.116,1202.0,183.979,100.93,112.67,1.249,45.23,12.9,2.946,2.292,1.087,0.477,0.606,0.864,0.219,-0.758,-0.35,2.994,1.942,0.07,0.559,0.013,-0.175,2.012,1.909,0.09,2035.64,1098.633,2716.96,1778.32,1164.784,352.272,1002.555,313.947,2099.52,115.36,885.08,1629.89,522.79,984.85,61.32,1715.42,413.93,455.163,1192.74,161.5,125.766,1187.9,46.38,2203.75,3035.0,4875.0,1103.6,1466.0,112.295,108.445
2016-12-06,1168.19,0.353,1186.0,192.526,100.49,113.91,1.267,50.93,11.79,3.079,2.39,1.114,0.487,0.652,1.03,0.37,-0.702,-0.347,2.988,1.941,-0.008,0.62,0.045,-0.196,2.052,1.943,0.128,2030.67,1096.654,2707.96,1791.72,1174.042,353.881,1003.915,316.682,2105.8,116.76,890.92,1612.76,557.71,982.41,60.33,1727.82,416.75,454.551,1191.18,160.05,125.203,1167.6,53.93,2210.0,3104.0,4786.75,1103.6,1480.0,112.22,108.398
2016-12-13,1156.94,0.353,1052.0,193.457,101.07,115.28,1.268,52.98,12.72,3.131,2.472,1.164,0.533,0.695,1.148,0.356,-0.757,-0.348,2.999,1.872,-0.143,0.802,0.078,-0.185,2.098,1.99,0.13,2027.55,1102.993,2703.43,1809.72,1183.151,357.731,1007.613,315.666,2160.59,121.19,929.17,1615.84,609.05,991.1,60.06,1774.01,427.52,451.751,1203.84,161.71,124.672,1156.7,55.72,2273.25,3240.0,4937.75,1103.6,1537.5,112.235,108.344
2016-12-20,1132.53,0.401,914.0,190.567,103.29,117.79,1.236,52.23,11.45,3.14,2.56,1.216,0.508,0.744,0.983,0.265,-0.795,-0.354,2.89,1.837,-0.146,0.661,0.066,-0.193,2.054,1.941,0.071,2012.99,1099.944,2698.06,1805.77,1177.012,358.686,1006.325,308.784,2159.33,122.53,936.26,1553.09,598.02,972.95,57.97,1761.43,423.48,445.982,1203.23,163.04,123.938,1131.5,55.35,2266.5,3268.0,4956.0,1103.6,1553.5,112.3,108.164
2016-12-27,1137.42,0.361,961.0,192.753,103.02,117.46,1.227,53.9,11.99,3.133,2.561,1.227,0.513,0.761,0.909,0.203,-0.837,-0.356,2.899,1.842,-0.177,0.679,0.059,-0.182,1.964,1.861,0.06,2014.73,1103.54,2704.4,1811.82,1182.36,358.425,1009.429,311.401,2157.75,122.17,926.13,1617.14,590.7,962.0,57.33,1760.56,422.95,447.399,1205.52,164.15,123.203,1137.3,56.09,2261.0,3270.0,4961.25,1103.6,1534.0,112.37,108.164
2017-01-03,1162.11,0.34,953.0,190.146,103.21,117.44,1.226,52.33,12.85,3.046,2.445,1.214,0.487,0.772,1.005,0.261,-0.786,-0.329,3.014,1.863,-0.174,0.716,0.041,-0.185,1.972,1.863,0.13,2030.52,1108.002,2727.96,1819.09,1185.83,360.116,1014.27,313.132,2147.47,123.92,914.0,1715.6,622.0,986.31,58.93,1757.99,423.61,447.68,1203.46,163.21,124.109,1162.0,55.47,2252.5,3306.0,4906.25,1103.6,1518.0,112.3,108.047
2017-01-10,1184.36,0.443,926.0,191.139,102.01,115.84,1.216,50.82,11.49,2.968,2.377,1.186,0.508,0.763,1.053,0.283,-0.734,-0.356,3.062,1.912,-0.094,0.747,0.057,-0.257,2.003,1.895,0.194,2035.06,1115.992,2742.05,1834.66,1198.895,359.762,1022.707,314.896,2160.18,123.36,927.17,1757.97,609.29,998.01,61.19,1779.62,429.17,452.579,1208.4,163.12,124.766,1185.5,53.64,2263.75,3300.0,5031.25,1103.6,1543.0,112.275,108.117
2017-01-17,1213.29,0.413,922.0,195.136,100.33,112.94,1.238,52.48,11.87,2.932,2.326,1.152,0.523,0.768,1.06,0.32,-0.742,-0.352,3.104,1.907,-0.109,0.732,0.042,-0.231,1.964,1.853,0.169,2038.3,1122.017,2752.73,1836.49,1203.928,360.455,1028.113,318.249,2159.45,122.82,908.13,1805.5,600.95,1009.63,61.34,1782.86,430.33,457.082,1211.85,163.9,125.234,1212.9,55.47,2262.75,3281.0,5040.25,1103.6,1504.5,112.305,108.195
2017-01-24,1212.73,0.416,886.0,194.947,100.35,113.56,1.253,53.18,11.07,3.049,2.466,1.192,0.503,0.771,1.156,0.406,-0.68,-0.351,3.209,2.035,-0.111,0.79,0.044,-0.238,2.027,1.918,0.17,2028.12,1113.982,2731.74,1835.04,1204.69,361.322,1024.227,318.574,2172.01,122.67,905.83,1871.55,597.98,1018.2,62.13,1790.57,432.7,455.736,1208.78,162.76,124.219,1210.8,55.44,2274.5,3273.0,5096.25,1103.6,1509.5,112.175,108.086
2017-01-31,1210.59,0.369,800.0,192.035,99.512,113.0,1.257,52.81,11.99,3.061,2.454,1.204,0.513,0.78,1.151,0.434,-0.71,-0.351,3.309,2.253,0.021,0.824,0.08,-0.209,2.047,1.937,0.129,2031.65,1114.467,2735.18,1840.19,1208.062,361.312,1026.003,320.261,2171.19,121.99,914.96,1849.15,600.91,1025.45,62.68,1792.4,433.13,456.442,1216.07,162.13,124.469,1208.6,55.7,2274.5,3234.0,5112.75,1103.6,1517.0,112.225,108.102
2017-02-07,1234.75,0.345,714.0,191.374,100.26,111.93,1.25,52.17,11.29,3.018,2.394,1.165,0.518,0.775,1.136,0.348,-0.788,-0.348,3.51,2.358,0.007,0.905,0.1,-0.219,1.986,1.865,0.083,2037.28,1117.798,2747.55,1850.54,1212.606,362.289,1033.25,317.913,2185.34,122.78,911.48,1846.55,607.58,1048.62,63.14,1797.29,434.73,455.838,1214.29,163.38,125.109,1234.2,55.05,2288.5,3231.0,5176.75,1103.6,1514.5,112.375,108.195
2017-02-14,1224.01,0.308,685.0,192.279,101.25,114.41,1.247,53.2,10.74,3.058,2.471,1.234,0.538,0.77,1.168,0.364,-0.805,-0.352,3.374,2.224,-0.041,0.89,0.093,-0.224,2.003,1.88,0.111,2032.52,1115.346,2738.26,1852.85,1214.132,364.024,1037.183,317.214,2227.45,125.32,923.04,1920.84,601.08,1053.24,64.57,1823.63,441.14,452.707,1218.85,163.42,124.234,1223.9,55.97,2337.0,3308.0,5276.0,1103.6,1542.5,112.415,108.031
2017-02-21,1238.22,0.492,778.0,192.05,101.37,113.54,1.246,54.06,11.57,3.041,2.43,1.207,0.513,0.777,1.106,0.298,-0.872,-0.355,3.315,2.233,0.018,0.915,0.09,-0.245,1.944,1.827,0.096,2035.15,1115.836,2746.47,1857.8,1215.986,365.275,1037.629,315.749,2253.75,126.32,932.44,1998.01,597.52,1066.95,65.53,1843.05,445.92,453.603,1224.01,164.41,124.703,1237.5,56.66,2360.0,3337.0,5343.75,1103.6,1555.5,112.545,108.133
2017-02-28,1256.37,0.501,859.0,190.621,101.12,111.94,1.242,54.01,12.92,2.995,2.391,1.26,0.604,0.784,0.989,0.206,-0.909,-0.359,3.181,2.079,-0.037,0.801,0.048,-0.278,1.742,1.674,0.094,2041.37,1122.205,2766.55,1866.97,1223.051,365.708,1043.256,320.072,2251.29,125.22,919.23,1923.28,562.74,1066.61,64.92,1838.7,444.5,458.6,1222.17,166.05,125.109,1253.9,55.59,2362.75,3324.0,5332.25,1103.6,1534.0,112.64,108.203
2017-03-07,1217.94,0.546,1033.0,188.019,101.81,113.98,1.221,53.14,11.45,3.121,2.519,1.328,0.742,0.847,1.136,0.317,-0.88,-0.349,3.277,2.186,-0.062,0.841,0.071,-0.293,1.795,1.72,0.096,2028.21,1115.577,2742.5,1860.74,1219.809,365.509,1040.562,314.26,2254.67,126.02,930.83,1889.66,562.77,1072.26,64.99,1840.57,444.91,453.436,1226.17,164.39,124.047,1216.1,55.92,2366.5,3380.0,5349.75,1103.6,1555.0,112.615,107.961
2017-03-14,1203.24,0.613,1112.0,182.118,101.7,114.67,1.217,47.72,12.3,3.175,2.601,1.376,0.762,0.912,1.193,0.443,-0.819,-0.352,3.413,2.333,-0.006,0.869,0.092,-0.26,1.831,1.762,0.066,2016.69,1111.288,2719.94,1836.44,1206.925,363.029,1031.134,313.261,2252.73,126.34,942.33,1833.36,546.99,1087.07,65.81,1842.98,445.61,451.214,1221.32,159.56,123.563,1202.6,50.92,2366.5,3398.0,5381.5,1103.6,1561.0,112.3,107.875
2017-03-21,1247.22,0.614,1200.0,184.288,99.813,111.73,1.248,47.34,12.47,3.034,2.418,1.26,0.757,0.977,1.191,0.457,-0.752,-0.353,3.426,2.313,-0.04,0.851,0.061,-0.259,1.827,1.763,0.137,2036.5,1118.808,2751.39,1846.9,1218.821,364.735,1042.538,317.481,2232.23,127.11,934.53,1831.55,578.29,1090.09,67.67,1846.39,448.05,458.528,1223.67,159.56,124.906,1246.5,50.96,2342.25,3350.0,5338.25,1103.6,1549.0,112.14,108.109
2017-03-28,1254.45,0.638,1333.0,184.078,99.712,110.65,1.248,48.37,11.53,3.025,2.419,1.302,0.772,0.982,1.135,0.386,-0.709,-0.356,3.284,2.15,-0.087,0.824,0.053,-0.267,1.771,1.701,0.172,2036.99,1125.081,2757.09,1849.53,1221.977,364.822,1046.768,320.97,2246.56,127.67,922.82,1850.31,580.3,1090.53,67.08,1858.88,450.6,461.649,1220.52,160.6,124.359,1255.6,51.33,2351.5,3391.0,5405.0,1103.6,1529.5,112.12,108.148
2017-04-04,1256.13,0.686,1255.0,185.594,100.54,110.69,1.243,51.03,11.79,3.0,2.361,1.252,0.772,0.983,1.04,0.256,-0.797,-0.355,3.254,2.266,-0.094,0.859,0.058,-0.185,1.665,1.591,0.117,2047.66,1126.091,2768.06,1864.17,1224.198,366.324,1048.061,322.451,2248.24,128.57,901.02,1889.01,583.49,1105.38,66.81,1850.02,448.43,460.444,1223.42,162.53,125.031,1255.0,54.17,2356.5,3409.0,5444.0,1103.6,1504.5,112.36,108.102
2017-04-11,1271.32,0.592,1262.0,187.996,100.71,109.76,1.248,53.4,15.07,2.929,2.297,1.234,0.808,0.988,0.957,0.203,-0.859,-0.353,3.252,2.271,-0.047,0.831,0.032,-0.229,1.651,1.579,0.086,2052.15,1131.854,2782.21,1870.59,1228.289,367.201,1051.366,325.507,2242.58,128.88,895.8,1830.15,559.33,1105.35,66.59,1847.88,447.41,461.717,1224.01,163.21,125.484,1271.2,56.23,2351.0,3399.0,5401.75,1103.6,1493.0,112.495,108.047
2017-04-18,1291.51,0.573,1294.0,186.545,99.499,108.46,1.277,52.41,14.42,2.835,2.169,1.16,0.803,0.994,0.873,0.155,-0.869,-0.358,3.258,2.252,-0.058,0.776,0.005,-0.226,1.618,1.546,0.087,2062.62,1137.566,2800.83,1868.65,1231.383,368.409,1055.863,327.102,2231.95,127.12,880.97,1860.53,552.44,1084.63,66.42,1837.34,445.31,465.768,1221.2,163.68,126.516,1291.7,54.89,2337.25,3351.0,5389.25,1103.6,1472.5,112.51,108.297
2017-04-25,1264.74,0.485,1154.0,181.909,98.785,110.98,1.284,49.56,10.76,2.988,2.333,1.27,0.813,0.991,1.12,0.376,-0.686,-0.358,3.278,2.257,-0.066,0.774,0.018,-0.205,1.709,1.639,0.102,2048.57,1133.157,2779.1,1878.95,1241.686,369.119,1056.995,326.373,2276.07,130.62,909.19,1844.05,576.59,1110.72,68.52,1882.04,456.23,464.402,1223.2,160.98,125.406,1265.6,52.1,2385.0,3521.0,5548.25,1103.6,1519.5,112.145,108.086
2017-05-02,1255.54,0.471,1073.0,180.339,98.976,112.13,1.292,47.66,10.59,2.969,2.281,1.258,0.843,0.995,1.107,0.326,-0.727,-0.351,3.373,2.299,-0.092,0.791,0.016,-0.205,1.724,1.648,0.075,2055.0,1132.352,2788.62,1886.89,1246.853,371.355,1060.503,327.786,2278.91,131.36,926.47,1881.89,573.38,1111.04,68.52,1886.15,457.4,464.044,1228.62,161.69,125.703,1257.0,50.46,2385.75,3526.0,5639.75,1103.6,1554.5,112.21,108.172
2017-05-09,1217.27,0.422,1007.0,177.293,99.658,114.18,1.295,45.88,9.96,3.027,2.399,1.341,0.894,0.994,1.227,0.428,-0.676,-0.357,3.327,2.272,-0.138,0.824,0.035,-0.186,1.84,1.767,0.157,2047.99,1134.178,2777.23,1884.54,1245.221,372.976,1057.299,322.625,2282.89,133.59,944.16,1860.96,554.57,1108.13,68.96,1893.41,459.09,460.771,1230.6,160.29,124.828,1216.1,48.73,2393.25,3613.0,5676.25,1103.6,1584.5,112.11,107.969
2017-05-16,1236.49,0.368,980.0,182.138,98.105,113.23,1.292,48.66,10.65,2.992,2.327,1.299,0.899,1.001,1.25,0.433,-0.665,-0.358,3.323,2.228,-0.223,0.836,0.041,-0.169,1.768,1.691,0.134,2056.19,1138.64,2797.35,1892.29,1253.921,372.288,1063.505,326.539,2286.31,133.71,945.23,1985.92,571.98,1130.84,70.84,1906.23,463.11,465.251,1230.53,160.48,125.547,1236.4,51.65,2397.0,3621.0,5724.25,1103.6,1582.0,112.105,108.133
2017-05-23,1253.64,0.336,949.0,185.056,97.351,111.65,1.298,51.47,10.72,2.943,2.281,1.303,0.904,1.029,1.238,0.408,-0.652,-0.36,3.211,2.115,-0.25,0.796,0.041,-0.17,1.697,1.62,0.102,2059.46,1145.727,2805.42,1896.35,1256.127,371.9,1062.257,331.287,2284.3,132.32,932.62,1723.61,561.46,1104.22,71.44,1906.69,462.66,469.599,1229.43,160.87,125.859,1255.5,54.15,2398.0,3581.0,5711.5,1103.6,1568.0,112.135,108.156
2017-05-30,1262.34,0.271,900.0,181.328,97.28,110.79,1.284,49.66,10.38,2.877,2.211,1.284,0.93,1.045,1.138,0.29,-0.717,-0.359,3.263,2.171,-0.168,0.796,0.035,-0.169,1.65,1.553,0.078,2066.49,1149.239,2818.11,1900.62,1259.184,372.331,1066.978,329.639,2298.53,131.76,937.28,1752.88,549.71,1130.69,72.35,1909.9,463.73,470.407,1232.08,162.33,126.438,1262.1,51.84,2410.75,3547.0,5792.0,1103.6,1572.0,112.25,108.234
2017-06-06,1293.06,0.116,818.0,178.077,96.636,109.42,1.288,48.19,10.45,2.812,2.146,1.294,0.971,1.084,1.117,0.25,-0.74,-0.331,3.361,2.246,-0.249,0.794,0.037,-0.147,1.656,1.558,0.089,2071.42,1154.136,2832.97,1905.55,1264.511,373.014,1071.422,330.991,2314.55,131.46,951.3,1718.72,529.69,1135.62,72.73,1926.05,467.42,473.816,1237.82,162.92,127.016,1294.4,50.12,2430.75,3548.0,5863.25,1103.6,1597.0,112.305,108.219
2017-06-13,1265.17,0.062,870.0,175.835,96.975,110.08,1.274,46.46,10.42,2.865,2.212,1.363,0.996,1.139,1.106,0.265,-0.708,-0.36,3.122,1.973,-0.287,0.815,0.059,-0.115,1.745,1.634,0.135,2066.18,1150.808,2825.24,1906.53,1262.186,372.855,1069.414,326.794,2324.94,131.26,948.13,1667.84,524.4,1132.19,72.8,1928.74,467.69,472.069,1234.53,164.93,126.609,1265.8,48.72,2440.0,3555.0,5751.25,1103.6,1593.0,112.17,108.109
2017-06-20,1243.81,-0.121,847.0,169.658,97.76,111.46,1.263,43.23,10.86,2.739,2.157,1.344,1.011,1.214,1.066,0.26,-0.657,-0.355,3.035,1.904,-0.219,0.805,0.049,-0.116,1.678,1.569,0.126,2069.04,1153.116,2844.16,1902.36,1258.2,373.732,1068.636,325.685,2320.95,131.44,961.47,1646.41,499.64,1134.48,73.03,1922.54,466.29,470.904,1233.92,164.92,126.922,1241.0,46.02,2437.5,3555.0,5732.75,1103.6,1615.0,112.05,108.125
2017-06-27,1246.82,-0.109,903.0,170.013,96.394,112.38,1.278,44.24,11.06,2.752,2.206,1.369,1.001,1.222,1.145,0.368,-0.568,-0.362,3.175,2.053,-0.139,0.8,0.042,-0.124,1.732,1.638,0.26,2065.62,1152.164,2842.71,1901.97,1261.559,373.616,1069.029,326.84,2304.86,130.38,962.6,1668.05,510.57,1115.84,73.65,1917.57,465.64,471.944,1236.59,163.75,126.281,1246.4,46.65,2420.5,3530.0,5676.5,1103.6,1613.5,111.875,108.109
2017-07-04,1223.47,-0.096,871.0,176.156,96.218,113.18,1.293,47.07,11.22,2.867,2.351,1.41,1.021,1.227,1.288,0.474,-0.617,-0.35,3.249,2.105,-0.16,0.856,0.076,-0.129,1.862,1.766,0.32,2055.63,1146.278,2824.66,1904.21,1262.127,373.23,1064.526,325.607,2313.91,129.1,958.17,1710.7,519.22,1132.37,72.33,1918.9,465.41,469.508,1234.25,161.85,125.109,1219.2,49.61,2425.0,3479.0,5589.25,1103.6,1608.5,111.91,107.883
2017-07-11,1215.86,-0.091,830.0,173.923,95.669,113.95,1.285,45.04,10.89,2.923,2.361,1.375,1.037,1.224,1.351,0.548,-0.608,-0.359,3.424,2.318,-0.131,0.908,0.091,-0.104,1.899,1.802,0.293,2058.07,1145.633,2826.52,1900.21,1260.023,371.235,1062.808,322.129,2310.23,127.99,967.6,1754.92,511.44,1153.45,73.86,1915.67,465.31,468.205,1234.21,160.69,125.172,1214.7,47.52,2424.5,3455.0,5720.0,1103.6,1628.0,111.88,107.93
2017-07-18,1242.18,-0.172,932.0,176.878,94.604,112.05,1.305,46.4,9.89,2.846,2.26,1.348,1.052,1.228,1.295,0.551,-0.645,-0.361,3.277,2.186,-0.17,0.862,0.067,-0.11,1.844,1.743,0.267,2067.26,1152.569,2849.6,1914.83,1272.95,373.172,1071.109,326.884,2343.27,129.07,962.73,1845.41,527.23,1165.76,76.46,1949.66,474.44,475.305,1242.65,161.61,126.109,1241.9,48.84,2457.75,3474.0,5882.75,1103.6,1620.0,111.965,108.008
2017-07-25,1251.1,-0.176,980.0,177.666,94.054,111.64,1.304,47.89,9.43,2.917,2.336,1.39,1.154,1.233,1.324,0.564,-0.656,-0.361,3.256,2.134,-0.211,0.852,0.071,-0.112,1.881,1.776,0.304,2063.66,1155.409,2842.34,1922.08,1277.112,374.332,1070.832,328.999,2360.19,128.52,959.26,1856.44,513.85,1183.26,77.53,1960.59,477.24,476.025,1244.48,161.6,125.578,1252.1,50.2,2474.0,3472.0,5933.75,1103.6,1614.0,112.005,107.945
2017-08-01,1272.86,-0.154,965.0,180.756,93.043,110.28,1.321,49.16,10.09,2.857,2.254,1.341,1.067,1.232,1.238,0.488,-0.706,-0.359,3.148,2.009,-0.236,0.877,0.07,-0.118,1.835,1.728,0.259,2072.54,1156.602,2859.74,1925.74,1282.865,375.873,1075.407,332.686,2358.73,128.35,968.1,1909.87,521.42,1197.38,79.43,1970.39,479.73,480.741,1245.35,162.8,126.234,1272.6,51.78,2472.25,3473.0,5889.25,1103.6,1630.0,112.115,108.07
2017-08-08,1256.26,-0.202,1038.0,181.089,93.647,110.49,1.298,49.17,10.96,2.843,2.263,1.351,1.045,1.229,1.219,0.472,-0.669,-0.356,3.134,1.997,-0.242,0.87,0.065,-0.107,1.794,1.686,0.227,2071.89,1158.552,2848.69,1924.15,1283.395,375.984,1077.963,331.404,2356.68,129.25,969.9,1930.1,537.31,1186.32,81.01,1966.81,479.45,478.67,1244.62,163.13,126.016,1256.4,52.14,2472.75,3512.0,5918.0,1103.6,1636.0,112.07,108.023
2017-08-15,1273.88,-0.219,1169.0,176.305,93.853,110.46,1.287,47.55,12.04,2.849,2.274,1.347,1.019,1.228,1.175,0.43,-0.714,-0.356,3.189,2.043,-0.222,0.842,0.042,-0.121,1.74,1.623,0.219,2073.24,1160.505,2846.09,1913.72,1278.508,374.874,1077.244,331.214,2346.13,127.1,959.34,1901.72,524.54,1161.35,79.09,1949.23,474.32,478.827,1236.47,163.85,126.156,1273.7,50.8,2463.75,3462.0,5912.0,1103.6,1616.0,112.16,108.055
2017-08-22,1286.31,-0.098,1249.0,176.728,93.545,109.46,1.284,47.64,11.35,2.785,2.214,1.322,0.997,1.236,1.156,0.398,-0.725,-0.358,3.242,2.095,-0.18,0.83,0.035,-0.134,1.743,1.635,0.21,2076.27,1161.804,2856.57,1913.01,1280.424,374.662,1080.718,331.909,2335.16,126.8,945.98,1975.81,532.47,1153.81,81.3,1945.18,474.48,481.292,1237.79,164.44,126.563,1285.1,51.87,2452.75,3455.0,5878.5,1103.6,1594.0,112.205,108.117
2017-08-29,1314.19,-0.168,1203.0,177.531,92.249,109.16,1.293,46.44,11.7,2.738,2.13,1.316,1.008,1.236,1.098,0.34,-0.726,-0.358,3.211,2.059,-0.168,0.827,0.0,-0.162,1.664,1.649,0.159,2082.01,1165.162,2868.57,1919.1,1288.782,374.088,1085.001,338.738,2329.98,124.4,945.47,2000.5,545.54,1162.78,81.46,1945.05,474.91,486.563,1244.38,165.43,127.188,1313.1,52.0,2447.0,3387.0,5869.75,1103.6,1598.5,112.26,108.18
2017-09-05,1337.67,-0.174,1215.0,182.342,92.252,108.75,1.302,48.66,12.23,2.681,2.06,1.29,1.0,1.232,1.116,0.336,-0.755,-0.357,3.172,1.994,-0.219,0.806,0.001,-0.16,1.68,1.661,0.181,2087.63,1166.662,2882.35,1925.88,1293.018,375.617,1091.793,338.818,2342.04,126.12,943.53,2050.22,564.87,1184.73,81.77,1954.64,477.16,486.673,1251.07,165.52,127.672,1340.6,53.38,2459.75,3421.0,5939.25,1103.6,1595.0,112.325,108.234
2017-09-12,1328.3,-0.198,1344.0,181.411,91.882,110.04,1.327,48.23,10.58,2.772,2.168,1.335,1.027,1.236,1.209,0.399,-0.732,-0.348,3.217,2.017,-0.209,0.82,0.015,-0.144,1.787,1.766,0.27,2082.55,1166.104,2864.0,1929.23,1296.178,376.867,1091.807,338.641,2378.75,128.73,965.24,2127.03,576.04,1199.05,83.55,1988.28,485.3,485.055,1250.34,161.87,126.906,1328.8,54.27,2496.0,3512.0,5996.5,1103.6,1616.0,112.195,108.148
2017-09-19,1306.66,-0.24,1415.0,182.578,91.793,111.75,1.349,49.48,10.18,2.817,2.245,1.401,1.027,1.236,1.253,0.45,-0.691,-0.36,3.23,2.042,-0.229,0.837,0.024,-0.144,1.926,1.916,0.409,2081.3,1163.517,2865.26,1934.3,1299.162,378.264,1090.57,336.431,2388.46,128.91,989.78,2150.94,567.51,1206.44,84.98,1996.09,487.37,483.345,1253.3,161.09,126.281,1306.7,55.14,2504.75,3516.0,5997.0,1103.6,1653.0,112.115,107.977
2017-09-26,1296.76,-0.215,1476.0,183.396,92.966,112.28,1.343,51.88,10.17,2.774,2.237,1.436,1.05,1.237,1.248,0.406,-0.722,-0.359,3.3,2.115,-0.224,0.822,0.026,-0.139,1.899,1.899,0.44,2083.18,1163.14,2874.43,1938.37,1296.431,379.157,1090.365,335.097,2378.9,129.67,991.8,2077.4,582.45,1170.4,82.2,1983.25,483.07,480.581,1255.82,161.71,126.0,1297.7,58.44,2495.5,3520.0,5892.5,1103.6,1656.5,112.165,107.906
2017-10-03,1273.21,-0.184,1308.0,180.898,93.569,112.84,1.325,50.42,9.51,2.864,2.324,1.471,1.045,1.233,1.297,0.46,-0.71,-0.349,3.329,2.158,-0.247,0.885,0.069,-0.118,1.906,1.901,0.438,2080.61,1159.228,2872.66,1942.06,1298.778,379.04,1090.863,332.711,2414.41,131.88,997.78,2158.72,581.59,1171.43,85.5,2009.63,489.63,478.284,1256.79,161.12,125.328,1271.5,56.0,2532.75,3596.0,5998.0,1103.6,1682.5,112.165,107.742
2017-10-10,1290.4,-0.004,1418.0,183.196,93.29,112.2,1.321,50.92,10.08,2.895,2.362,1.512,1.072,1.237,1.276,0.44,-0.705,-0.359,3.302,2.122,-0.231,0.88,0.05,-0.149,1.944,1.944,0.441,2078.09,1160.378,2873.54,1945.35,1301.485,379.217,1090.68,334.603,2428.73,131.71,1004.4,2151.29,586.32,1193.67,86.82,2021.56,493.0,479.605,1260.46,161.48,125.266,1290.6,56.61,2548.5,3588.0,6065.25,1103.6,1695.5,112.155,107.641
2017-10-17,1285.09,0.094,1552.0,184.239,93.486,112.28,1.318,51.88,10.31,2.802,2.301,1.546,1.088,1.237,1.216,0.363,-0.737,-0.359,3.141,1.993,-0.255,0.875,0.065,-0.14,1.844,1.845,0.403,2082.08,1166.336,2883.27,1947.35,1303.735,380.797,1094.325,336.118,2436.35,131.83,1022.24,2120.9,592.37,1220.21,86.96,2027.36,494.93,480.135,1261.5,162.62,125.438,1283.0,57.88,2557.0,3606.0,6123.75,1103.6,1724.5,112.23,107.539
2017-10-24,1276.52,0.168,1588.0,185.824,93.772,113.87,1.313,52.47,11.16,2.933,2.42,1.581,1.111,1.238,1.327,0.474,-0.71,-0.361,3.189,2.052,-0.253,0.875,0.064,-0.135,1.918,1.925,0.463,2074.51,1164.267,2872.56,1952.49,1305.173,381.02,1092.306,331.888,2445.61,131.54,1043.38,2071.01,579.65,1214.23,85.67,2031.38,495.16,477.148,1263.7,161.11,124.734,1275.0,58.33,2567.25,3606.0,6079.5,1103.6,1756.5,112.17,107.531
2017-10-31,1270.34,0.26,1522.0,187.558,94.552,113.68,1.327,54.38,10.18,2.879,2.38,1.6,1.131,1.242,1.226,0.362,-0.754,-0.36,2.995,1.82,-0.292,0.865,0.064,-0.165,1.896,1.896,0.454,2078.83,1161.634,2879.74,1949.07,1303.409,383.641,1093.503,334.122,2452.15,133.46,1046.82,2011.02,572.37,1233.63,86.17,2036.8,496.62,477.752,1261.94,162.75,124.938,1270.5,61.37,2572.75,3678.0,6249.75,1103.6,1763.0,112.265,107.516
2017-11-07,1275.04,0.416,1477.0,191.847,94.913,113.85,1.316,57.2,9.89,2.777,2.315,1.629,1.199,1.244,1.203,0.326,-0.766,-0.353,2.876,1.696,-0.342,0.815,0.024,-0.188,1.819,1.81,0.432,2083.99,1168.34,2887.01,1947.15,1296.554,384.717,1088.109,335.902,2466.3,133.27,1077.76,1956.22,595.33,1237.79,89.11,2046.78,499.58,478.187,1265.39,163.28,125.422,1275.8,63.69,2586.75,3656.0,6316.0,1103.6,1818.5,112.3,107.484
2017-11-14,1281.11,0.422,1405.0,189.057,93.827,113.41,1.318,55.7,11.59,2.83,2.373,1.687,1.241,1.25,1.285,0.396,-0.747,-0.357,3.002,1.822,-0.305,0.824,0.045,-0.188,1.89,1.882,0.482,2077.77,1164.461,2866.39,1929.14,1290.749,380.012,1084.7,335.648,2455.47,129.68,1055.87,1900.37,590.55,1213.93,88.53,2031.88,495.53,478.415,1261.72,162.39,124.734,1282.9,62.21,2578.0,3552.0,6293.5,1103.6,1780.5,112.26,107.375
2017-11-21,1282.39,0.557,1396.0,189.829,93.952,112.43,1.324,56.83,9.73,2.758,2.357,1.772,1.271,1.294,1.196,0.349,-0.724,-0.359,2.945,1.771,-0.383,0.807,0.028,-0.205,1.816,1.804,0.481,2077.7,1161.931,2878.97,1938.94,1296.684,381.139,1089.653,337.979,2476.15,130.98,1050.07,2027.68,601.19,1229.23,91.96,2047.15,500.51,480.364,1259.73,163.08,124.688,1281.7,62.57,2596.25,3576.0,6379.5,1103.6,1773.0,112.255,107.203
2017-11-28,1294.56,0.556,1506.0,191.213,93.27,111.25,1.333,57.99,10.03,2.758,2.329,1.746,1.277,1.347,1.177,0.338,-0.705,-0.359,2.943,1.773,-0.355,0.839,0.035,-0.175,1.814,1.798,0.469,2081.14,1155.458,2886.61,1942.62,1302.752,381.131,1094.21,339.44,2502.32,130.64,1050.74,2040.39,607.16,1235.82,90.35,2066.55,504.45,483.367,1267.47,163.17,124.969,1294.9,63.61,2626.0,3582.0,6420.25,1103.6,1772.5,112.22,107.273
2017-12-05,1264.1,0.806,1666.0,187.468,93.379,112.72,1.344,57.62,11.33,2.732,2.352,1.818,1.289,1.392,1.136,0.318,-0.736,-0.291,2.866,1.7,-0.366,0.839,0.041,-0.138,1.821,1.801,0.488,2080.07,1165.288,2892.76,1946.79,1304.246,382.118,1094.644,341.093,2502.26,130.51,1061.03,1983.33,595.2,1206.87,85.94,2063.64,502.33,482.647,1265.4,163.48,124.594,1261.6,62.86,2628.25,3573.0,6271.75,1103.6,1793.5,112.3,107.117
2017-12-12,1239.21,0.812,1743.0,183.414,94.101,113.63,1.332,57.14,9.92,2.776,2.402,1.827,1.325,1.46,1.145,0.312,-0.743,-0.329,2.879,1.7,-0.372,0.81,0.042,-0.155,1.796,1.777,0.464,2078.37,1163.207,2887.4,1947.37,1302.06,381.548,1092.979,339.195,2535.23,132.31,1075.65,1960.66,604.4,1224.49,86.56,2083.43,506.31,480.309,1265.96,163.27,124.359,1238.5,63.34,2665.0,3596.0,6384.25,1103.6,1814.5,112.155,107.109
2017-12-19,1259.92,0.904,1547.0,186.016,93.441,113.05,1.337,57.46,10.03,2.82,2.465,1.853,1.366,1.501,1.198,0.376,-0.695,-0.363,3.086,1.905,-0.3,0.795,0.037,-0.155,1.78,1.761,0.451,2076.12,1162.406,2882.37,1945.61,1304.109,381.038,1094.448,338.546,2551.82,132.06,1075.73,1940.06,595.56,1250.33,87.85,2096.34,510.12,481.088,1265.42,162.38,123.875,1260.7,63.8,2684.0,3572.0,6500.75,1103.6,1811.5,112.045,107.07
2017-12-26,1283.12,0.991,1366.0,190.474,93.257,113.19,1.338,59.97,10.25,2.825,2.477,1.899,1.33,1.564,1.232,0.418,-0.65,-0.353,3.084,1.906,-0.311,0.813,0.044,-0.154,1.817,1.795,0.44,2076.46,1162.92,2886.92,1947.16,1305.398,381.235,1094.91,339.603,2551.12,131.66,1081.75,2002.03,599.77,1261.59,88.8,2099.31,511.1,481.067,1275.46,161.77,123.625,1284.1,67.02,2687.0,3541.0,6460.0,1103.6,1827.0,111.95,107.0
2018-01-02,1312.52,0.88,1230.0,194.716,91.872,112.29,1.358,60.37,9.77,2.814,2.464,1.919,1.388,1.564,1.309,0.464,-0.624,-0.346,3.302,2.089,-0.269,0.808,0.043,-0.141,1.839,1.823,0.495,2079.85,1167.423,2888.75,1951.84,1311.718,381.862,1095.485,342.354,2565.61,131.1,1074.91,2094.61,605.13,1253.19,92.33,2116.04,516.76,484.556,1275.6,161.28,123.688,1316.1,66.57,2693.0,3473.0,6514.75,1103.6,1817.0,111.955,106.984
2018-01-09,1311.86,0.905,1395.0,194.155,92.528,112.58,1.353,62.96,10.08,2.895,2.554,1.968,1.425,1.554,1.314,0.464,-0.621,-0.357,3.239,2.029,-0.333,0.833,0.066,-0.139,1.817,1.811,0.532,2072.99,1165.756,2881.28,1965.77,1317.17,383.872,1097.396,341.735,2618.93,135.09,1120.43,2132.66,647.29,1281.64,95.42,2161.78,528.02,482.483,1290.87,161.3,123.047,1313.7,68.82,2752.25,3612.0,6687.0,1103.6,1887.5,111.965,106.883
2018-01-16,1334.75,0.919,1221.0,195.106,90.393,110.73,1.377,63.73,11.66,2.825,2.538,2.014,1.419,1.556,1.288,0.559,-0.579,-0.359,3.12,1.962,-0.334,0.831,0.076,-0.138,1.813,1.803,0.575,2074.79,1163.389,2892.71,1965.15,1323.236,383.51,1098.194,345.6,2641.55,134.52,1125.6,2168.28,662.71,1285.85,96.36,2188.39,534.41,487.966,1301.01,160.77,122.984,1337.1,69.15,2782.5,3607.0,6762.25,1103.6,1892.5,111.87,106.672
2018-01-23,1337.75,0.878,1157.0,196.939,90.124,110.42,1.398,64.47,11.1,2.895,2.614,2.04,1.435,1.56,1.299,0.559,-0.598,-0.362,3.015,1.882,-0.333,0.815,0.068,-0.145,1.851,1.84,0.562,2066.41,1163.13,2876.85,1965.31,1324.192,385.093,1095.411,347.095,2702.54,135.99,1136.84,2202.88,676.82,1326.38,100.53,2230.05,545.17,488.669,1302.6,160.8,122.422,1336.7,69.96,2839.5,3659.0,6965.75,1103.6,1911.0,111.93,106.563
2018-01-30,1338.68,0.807,1191.0,198.136,89.16,108.83,1.414,64.5,14.79,2.971,2.721,2.124,1.442,1.573,1.35,0.68,-0.538,-0.364,3.061,2.025,-0.317,0.815,0.089,-0.136,1.9,1.892,0.602,2057.84,1154.784,2869.38,1960.63,1323.24,383.528,1092.718,346.944,2686.67,133.73,1102.48,2336.98,674.55,1310.36,99.73,2214.11,541.5,489.673,1315.98,158.91,121.641,1335.4,69.02,2824.5,3603.0,6941.5,1103.6,1855.5,111.815,106.43
2018-02-06,1327.82,0.809,1095.0,194.746,89.585,109.36,1.396,63.39,29.98,3.066,2.803,2.105,1.517,1.58,1.341,0.69,-0.573,-0.363,3.003,1.982,-0.338,0.81,0.072,-0.141,1.951,1.936,0.606,2053.86,1153.495,2857.35,1943.08,1311.496,381.091,1086.245,343.572,2566.33,125.73,1036.18,2265.23,655.15,1237.79,92.7,2098.85,512.97,487.206,1298.89,158.86,121.484,1326.1,66.86,2694.25,3391.0,6653.75,1103.6,1732.0,111.88,106.477
2018-02-13,1327.42,0.828,1114.0,189.837,89.703,107.69,1.387,59.19,24.97,3.111,2.83,2.104,1.583,1.588,1.375,0.747,-0.579,-0.365,3.132,2.079,-0.33,0.796,0.066,-0.156,1.992,1.992,0.696,2046.04,1151.604,2827.63,1927.07,1299.623,378.782,1074.56,340.517,2536.51,124.99,1021.37,2160.19,650.82,1251.02,90.58,2080.68,508.44,486.743,1274.2,158.11,121.0,1328.1,62.72,2661.75,3341.0,6560.5,1103.6,1708.0,111.9,106.438
2018-02-20,1329.53,0.714,1117.0,193.67,89.716,107.27,1.4,61.9,20.6,3.153,2.89,2.219,1.595,1.596,1.4,0.732,-0.511,-0.366,3.172,2.065,-0.196,0.786,0.061,-0.156,1.967,1.957,0.672,2042.8,1150.05,2825.95,1943.14,1308.322,380.887,1077.465,343.355,2587.85,128.26,1046.3,2315.41,672.71,1230.77,94.71,2126.22,519.81,487.018,1293.21,158.39,120.484,1328.8,65.25,2714.0,3435.0,6790.5,1103.6,1763.0,111.91,106.234
2018-02-27,1315.61,0.713,1188.0,195.394,90.355,107.38,1.392,63.01,18.59,3.159,2.894,2.26,1.66,1.648,1.314,0.676,-0.532,-0.368,3.106,2.0,-0.18,0.756,0.04,-0.17,1.951,1.957,0.825,2040.83,1149.792,2821.74,1944.57,1307.801,380.851,1079.044,341.445,2612.46,128.92,1063.29,2339.77,700.57,1250.48,95.58,2140.57,523.83,485.645,1289.3,159.2,120.391,1318.6,66.63,2747.5,3452.0,6915.75,1103.6,1790.0,111.93,106.234
2018-03-06,1332.94,0.597,1212.0,196.761,89.618,106.22,1.388,62.6,18.36,3.153,2.887,2.25,1.662,1.702,1.327,0.672,-0.556,-0.362,3.096,1.992,-0.203,0.742,0.05,-0.169,1.927,1.924,0.811,2042.08,1150.938,2822.47,1941.98,1309.232,380.133,1078.941,342.956,2600.49,125.2,1016.64,2325.84,680.94,1214.32,93.91,2117.77,517.96,488.836,1272.24,159.25,120.672,1335.2,65.79,2724.0,3357.0,6907.75,1103.6,1716.0,112.0,106.266
2018-03-13,1326.78,0.613,1179.0,194.279,89.664,106.62,1.397,60.71,16.35,3.098,2.843,2.254,1.703,1.765,1.271,0.617,-0.583,-0.361,3.024,1.988,-0.248,0.758,0.048,-0.15,1.885,1.885,0.834,2047.99,1150.047,2819.87,1941.9,1310.316,381.742,1078.572,344.414,2636.0,126.46,1037.24,2326.33,682.0,1235.66,97.01,2144.6,525.31,489.461,1281.59,157.47,120.922,1327.1,64.64,2768.5,3390.0,7058.25,1103.6,1735.5,111.85,106.266
2018-03-20,1312.36,0.588,1122.0,194.154,90.371,106.39,1.401,63.4,18.2,3.13,2.897,2.345,1.787,1.841,1.215,0.582,-0.594,-0.366,2.929,1.893,-0.282,0.752,0.038,-0.157,1.789,1.809,0.874,2045.77,1150.66,2812.96,1935.07,1303.297,381.124,1074.814,344.893,2590.52,126.51,1016.77,2234.02,666.42,1202.35,98.08,2110.91,517.33,488.233,1277.5,158.06,120.719,1311.9,67.42,2723.5,3326.0,6917.5,1103.6,1695.5,111.9,106.172
2018-03-27,1345.05,0.61,1117.0,195.568,89.372,105.74,1.417,65.25,22.5,3.029,2.776,2.264,1.752,1.877,1.143,0.501,-0.62,-0.366,2.922,1.869,-0.308,0.732,0.033,-0.156,1.746,1.743,0.882,2053.85,1152.274,2823.32,1933.36,1305.804,380.479,1077.147,348.904,2490.82,123.88,1017.32,2203.51,658.7,1208.17,93.43,2055.55,504.13,492.239,1266.53,159.23,120.906,1342.0,70.11,2615.75,3229.0,6561.25,1103.6,1695.5,111.965,106.336
2018-04-03,1334.05,0.424,1016.0,193.209,90.2,106.44,1.406,63.51,21.1,3.011,2.776,2.278,1.739,1.883,1.152,0.499,-0.603,-0.348,2.863,1.79,-0.328,0.716,0.023,-0.143,1.732,1.715,0.833,2055.27,1155.159,2828.13,1931.86,1304.424,380.547,1079.921,348.507,2491.26,124.42,1006.94,2237.09,655.92,1215.71,90.88,2048.8,501.89,490.688,1262.63,159.3,120.844,1332.8,68.12,2613.25,3264.0,6469.25,1103.6,1705.5,111.945,106.164
2018-04-10,1339.57,0.315,974.0,197.115,89.587,107.23,1.415,65.51,20.47,3.021,2.802,2.307,1.721,1.897,1.164,0.513,-0.578,-0.368,2.868,1.792,-0.31,0.728,0.03,-0.158,1.801,1.786,0.884,2055.77,1154.847,2836.8,1946.45,1312.395,381.827,1080.015,348.629,2532.44,127.67,1023.66,2164.82,577.49,1232.97,93.13,2090.11,511.04,491.138,1259.59,159.05,120.766,1342.0,71.04,2655.0,3360.0,6624.25,1103.6,1735.5,111.865,106.063
2018-04-17,1346.88,0.302,1052.0,199.384,89.516,106.95,1.429,66.52,15.25,3.02,2.829,2.394,1.78,1.894,1.171,0.505,-0.587,-0.364,2.843,1.755,-0.341,0.704,0.037,-0.152,1.817,1.805,0.88,2056.22,1156.194,2838.7,1960.59,1318.199,384.494,1079.2,349.043,2579.91,128.4,1023.69,2160.45,592.07,1249.2,90.26,2116.43,516.12,491.577,1267.37,159.34,120.563,1347.2,71.58,2706.5,3407.0,6828.75,1103.6,1727.5,111.91,105.945
2018-04-24,1331.96,0.301,1330.0,200.084,90.766,108.72,1.398,67.7,18.02,3.183,3.0,2.475,1.849,1.897,1.29,0.629,-0.556,-0.368,2.832,1.763,-0.319,0.742,0.05,-0.141,1.94,1.926,0.871,2040.7,1151.184,2802.02,1945.81,1307.135,382.985,1071.633,341.342,2512.36,129.25,1047.82,2145.75,609.68,1261.41,90.43,2081.52,508.08,484.253,1271.67,157.76,119.328,1331.4,73.86,2635.25,3435.0,6526.75,1103.6,1769.0,111.845,105.836
2018-05-01,1307.15,0.254,1327.0,201.256,92.449,109.58,1.363,67.25,15.49,3.129,2.965,2.504,1.831,1.909,1.23,0.557,-0.592,-0.367,2.872,1.782,-0.313,0.714,0.036,-0.144,1.817,1.799,0.772,2044.02,1151.032,2798.29,1943.78,1298.113,382.497,1066.129,340.395,2530.46,129.89,1049.85,2143.8,606.3,1276.54,91.45,2083.77,509.0,481.356,1264.69,158.74,119.375,1306.8,73.13,2652.25,3474.0,6692.0,1103.6,1774.0,111.915,105.758
2018-05-08,1314.18,0.13,1432.0,202.089,93.12,109.06,1.355,69.06,14.71,3.13,2.977,2.509,1.854,1.928,1.245,0.56,-0.584,-0.36,2.988,1.862,-0.311,0.738,0.046,-0.134,1.863,1.858,0.801,2046.04,1157.66,2796.5,1946.57,1288.717,382.387,1055.161,337.967,2548.71,131.51,1052.03,2019.23,606.59,1260.57,92.39,2095.07,510.39,479.59,1263.96,158.85,119.516,1313.7,74.85,2670.25,3511.0,6820.5,1103.6,1783.0,111.915,105.773
2018-05-15,1291.51,0.156,1468.0,203.453,93.219,110.29,1.352,71.31,14.63,3.201,3.073,2.575,1.9,1.934,1.313,0.643,-0.555,-0.361,3.067,1.95,-0.076,0.746,0.052,-0.135,1.915,1.911,0.835,2036.48,1155.603,2786.97,1948.0,1289.514,382.474,1055.729,336.142,2584.47,132.48,1066.67,2031.44,625.7,1258.21,94.02,2119.98,516.14,477.254,1271.36,157.76,118.609,1290.3,78.43,2709.0,3529.0,6890.5,1103.6,1805.5,111.855,105.648
2018-05-22,1294.27,0.187,1199.0,206.201,93.609,110.94,1.343,72.13,13.22,3.205,3.061,2.568,1.92,1.961,1.261,0.558,-0.611,-0.371,3.38,2.323,0.184,0.758,0.048,-0.143,1.927,1.926,0.831,2038.57,1154.257,2789.18,1947.44,1287.885,381.162,1056.289,334.374,2596.86,133.99,1070.4,1980.94,634.29,1226.57,93.79,2128.78,517.6,475.703,1276.22,158.9,118.875,1292.0,79.57,2726.0,3574.0,6909.25,1103.6,1811.0,111.965,105.688
2018-05-29,1302.16,0.131,1057.0,201.816,94.82,108.77,1.324,66.73,17.02,2.975,2.782,2.319,1.874,1.976,0.998,0.257,-0.681,-0.366,3.673,3.148,2.702,0.709,0.028,-0.15,1.676,1.664,0.589,2067.14,1162.848,2833.34,1941.8,1281.603,377.231,1065.492,335.289,2565.19,129.7,1040.96,1784.43,614.72,1240.67,92.42,2083.27,506.99,478.586,1267.93,162.8,121.234,1299.0,75.39,2692.25,3412.0,6944.5,1103.6,1758.5,112.335,106.328
2018-06-05,1298.52,0.227,1249.0,199.186,93.876,109.58,1.338,65.52,12.4,3.084,2.929,2.492,1.933,2.013,1.085,0.366,-0.661,-0.358,3.474,2.777,0.974,0.72,0.047,-0.132,1.75,1.737,0.66,2053.41,1162.761,2808.6,1951.18,1285.913,380.362,1059.17,337.184,2622.35,130.41,1049.08,1765.77,620.51,1228.07,95.82,2119.36,515.72,477.867,1267.82,161.46,120.031,1297.5,75.38,2751.5,3455.0,7179.25,1103.6,1774.5,112.12,105.922
2018-06-12,1296.64,0.195,1390.0,200.144,93.818,110.26,1.34,66.36,12.34,3.094,2.962,2.539,1.915,2.047,1.176,0.489,-0.596,-0.357,3.567,2.842,0.948,0.728,0.049,-0.131,1.848,1.843,0.746,2049.5,1162.135,2802.9,1959.73,1287.08,378.942,1053.139,336.481,2659.25,130.57,1059.99,1707.86,600.13,1265.73,96.25,2145.36,521.07,477.319,1271.64,159.85,119.734,1295.1,75.88,2784.0,3473.0,7199.5,1103.6,1790.0,111.925,105.852
2018-06-19,1275.83,0.301,1419.0,193.825,95.013,109.95,1.317,65.07,13.35,3.032,2.898,2.545,1.923,2.084,1.134,0.37,-0.632,-0.365,3.461,2.552,0.573,0.706,0.029,-0.139,1.754,1.749,0.696,2056.32,1163.144,2807.54,1962.69,1277.535,379.964,1047.362,336.303,2637.68,129.13,1032.46,1657.07,574.62,1250.19,91.31,2111.44,510.78,476.425,1271.05,161.53,120.141,1275.6,75.08,2766.25,3427.0,7252.25,1103.6,1738.0,112.02,105.859
2018-06-26,1259.91,0.183,1323.0,197.244,94.676,110.0,1.323,70.53,15.92,3.025,2.878,2.533,1.915,2.103,1.114,0.339,-0.674,-0.364,3.564,2.885,1.024,0.71,0.031,-0.138,1.769,1.759,0.738,2057.92,1163.651,2799.01,1959.95,1281.292,377.55,1054.159,336.567,2598.87,127.1,1025.85,1648.28,584.81,1253.95,87.83,2088.41,504.91,477.064,1267.47,162.09,120.0,1256.6,76.31,2728.5,3364.0,7104.0,1103.6,1730.5,112.095,105.898
2018-07-03,1252.83,0.228,1476.0,197.48,94.591,110.55,1.317,74.14,16.14,2.959,2.832,2.524,1.961,2.1,0.988,0.292,-0.679,-0.358,3.386,2.631,0.654,0.7,0.027,-0.131,1.701,1.688,0.69,2062.41,1165.229,2812.5,1950.4,1276.316,376.396,1055.962,338.634,2589.18,128.07,1005.23,1646.74,606.92,1246.72,86.18,2082.05,503.0,477.884,1264.78,162.72,120.313,1253.5,77.76,2713.25,3397.0,7023.75,1103.6,1686.5,112.095,105.688
2018-07-10,1254.5,0.252,1555.0,198.293,94.158,111.27,1.325,74.11,12.64,2.956,2.851,2.569,1.969,2.078,1.032,0.318,-0.644,-0.362,3.425,2.667,0.75,0.686,0.038,-0.13,1.736,1.72,0.749,2062.35,1166.749,2821.2,1960.52,1287.539,379.697,1064.628,338.825,2666.24,130.3,1020.72,1695.23,637.86,1273.11,86.56,2135.87,515.52,478.661,1269.18,162.38,120.016,1255.4,78.86,2796.75,3466.0,7301.5,1103.6,1717.0,112.03,105.617
2018-07-17,1226.83,0.281,1721.0,191.094,94.985,112.88,1.313,68.08,12.06,2.969,2.861,2.615,2.008,2.079,1.012,0.344,-0.635,-0.362,3.393,2.465,0.539,0.676,0.036,-0.134,1.716,1.692,0.745,2066.02,1168.983,2827.12,1963.56,1288.405,380.197,1066.547,338.268,2681.07,129.75,1037.81,1764.54,616.85,1277.96,85.5,2138.15,515.72,477.511,1276.34,162.85,120.125,1227.3,72.16,2811.25,3452.0,7421.75,1103.6,1748.0,112.025,105.594
2018-07-24,1225.33,0.214,1774.0,193.189,94.613,111.28,1.314,68.52,12.41,3.076,2.949,2.633,1.984,2.064,1.051,0.395,-0.616,-0.367,3.494,2.68,0.669,0.806,0.079,-0.127,1.718,1.696,0.759,2060.49,1167.94,2820.82,1967.4,1291.874,380.064,1067.568,337.454,2688.87,130.89,1038.09,1847.01,605.4,1299.55,86.01,2151.08,519.0,477.321,1270.41,162.28,119.563,1225.5,73.44,2821.0,3481.0,7416.25,1103.6,1749.0,111.98,105.563
2018-07-31,1226.1,0.184,1747.0,194.53,94.554,111.8,1.313,68.76,12.83,3.082,2.961,2.669,2.02,2.082,1.087,0.442,-0.579,-0.366,3.488,2.716,0.728,0.75,0.057,-0.114,1.768,1.75,0.767,2060.55,1167.416,2830.22,1974.4,1297.887,380.895,1071.43,336.679,2683.96,132.0,1040.19,1839.87,623.39,1325.06,84.64,2153.1,519.82,476.862,1266.11,161.58,119.422,1223.7,74.25,2817.0,3525.0,7244.75,1103.6,1748.0,111.905,105.516
2018-08-07,1211.72,0.102,1732.0,194.495,95.186,111.23,1.295,69.17,10.93,3.118,2.974,2.67,2.043,2.083,1.054,0.406,-0.588,-0.355,3.567,2.866,0.9,0.853,0.109,-0.112,1.759,1.738,0.725,2060.92,1166.679,2832.66,1982.41,1295.651,381.415,1067.744,334.546,2725.23,131.63,1038.71,1883.25,608.62,1334.25,82.93,2166.85,522.34,475.441,1263.22,162.01,119.469,1209.6,74.65,2859.75,3506.0,7477.25,1103.6,1744.5,111.92,105.531
2018-08-14,1193.77,0.068,1725.0,190.436,96.731,111.09,1.271,67.04,13.31,3.067,2.899,2.637,2.066,2.063,0.991,0.326,-0.644,-0.357,3.65,3.024,1.221,0.844,0.106,-0.119,1.73,1.706,0.708,2067.56,1168.55,2835.75,1979.87,1278.842,380.963,1055.844,332.855,2708.04,129.68,1017.16,1762.99,573.81,1339.9,80.55,2137.36,513.99,473.575,1262.32,163.21,120.109,1193.0,72.46,2841.0,3410.0,7457.75,1103.6,1710.5,112.04,105.633
2018-08-21,1192.3,0.06,1736.0,190.008,95.256,110.45,1.288,67.35,12.86,2.993,2.831,2.595,2.061,2.067,0.989,0.329,-0.609,-0.36,3.627,2.983,1.049,0.823,0.081,-0.129,1.747,1.721,0.715,2072.63,1170.303,2849.59,1984.15,1286.261,381.188,1061.653,334.854,2729.33,129.41,1005.73,1636.38,567.99,1359.16,81.24,2151.79,517.17,476.843,1260.83,163.24,120.453,1192.6,72.63,2861.75,3412.0,7397.5,1103.6,1683.0,112.025,105.711
2018-08-28,1207.84,0.041,1684.0,191.712,94.72,111.08,1.289,68.53,12.5,3.03,2.881,2.665,2.11,2.073,1.05,0.379,-0.585,-0.363,3.714,3.182,1.253,0.839,0.093,-0.119,1.781,1.757,0.729,2070.56,1170.722,2842.23,1989.85,1291.756,380.661,1062.452,334.92,2762.85,129.82,1031.75,1628.98,571.64,1385.17,83.32,2182.51,525.18,477.674,1263.83,162.52,120.094,1207.4,75.95,2899.25,3455.0,7578.0,1103.6,1731.5,111.945,105.625
2018-09-04,1193.36,0.082,1513.0,192.124,95.439,111.4,1.285,69.87,13.16,3.062,2.899,2.653,2.109,2.11,1.032,0.355,-0.59,-0.342,3.68,3.012,1.159,0.855,0.116,-0.118,1.785,1.758,0.738,2068.6,1170.002,2833.71,1989.14,1280.415,379.863,1052.589,333.068,2762.12,127.92,1022.85,1567.78,569.73,1360.27,80.89,2162.83,519.3,475.055,1268.61,162.87,120.063,1194.0,78.17,2898.25,3358.0,7638.75,1103.6,1723.0,111.96,105.625
2018-09-11,1195.59,0.069,1439.0,191.667,95.249,111.62,1.301,69.25,13.22,3.119,2.976,2.744,2.138,2.139,1.104,0.429,-0.544,-0.361,3.545,2.94,0.767,0.833,0.11,-0.112,1.849,1.823,0.789,2061.92,1166.18,2829.21,1989.31,1283.488,381.058,1052.791,332.147,2752.27,126.35,1012.43,1561.0,559.17,1333.93,75.7,2147.67,514.03,474.669,1256.78,159.3,119.5,1196.8,79.06,2889.75,3311.0,7512.0,1103.6,1697.0,111.81,105.453
2018-09-18,1198.41,0.059,1356.0,190.562,94.64,112.35,1.313,69.85,12.79,3.201,3.056,2.799,2.161,2.168,1.126,0.479,-0.528,-0.366,3.458,2.787,0.617,0.847,0.112,-0.111,1.912,1.882,0.814,2056.76,1162.178,2824.72,1997.3,1294.421,382.292,1058.572,332.915,2767.04,127.54,1049.03,1647.12,594.03,1333.13,77.0,2172.27,520.19,475.197,1260.5,158.74,118.984,1198.5,79.03,2906.5,3356.0,7495.25,1103.6,1747.0,111.78,105.359
2018-09-25,1201.09,0.094,1450.0,195.123,94.133,112.92,1.317,72.28,12.42,3.226,3.097,2.839,2.205,2.218,1.16,0.542,-0.504,-0.367,3.483,2.875,0.829,0.907,0.128,-0.107,1.981,1.954,0.829,2053.74,1160.162,2822.62,1995.94,1301.821,382.477,1065.163,333.495,2777.6,129.42,1083.71,1656.8,620.44,1303.12,79.27,2194.2,526.09,474.722,1263.1,157.87,118.453,1199.7,81.87,2921.25,3405.0,7595.25,1103.6,1806.5,111.72,105.328
2018-10-02,1203.99,0.118,1570.0,199.969,95.507,113.72,1.298,75.23,12.05,3.218,3.064,2.811,2.207,2.265,1.052,0.421,-0.569,-0.351,3.823,3.448,1.47,0.914,0.125,-0.118,1.892,1.858,0.791,2060.59,1162.995,2835.83,2004.71,1302.134,382.049,1070.88,332.038,2783.88,128.85,1087.37,1796.35,625.15,1292.85,77.82,2183.62,523.36,472.334,1259.88,159.52,118.813,1202.4,84.8,2928.5,3375.0,7652.75,1103.6,1825.0,111.855,105.32
2018-10-09,1188.19,0.255,1503.0,200.372,95.668,113.08,1.313,74.96,15.95,3.369,3.207,2.885,2.235,2.284,1.164,0.547,-0.531,-0.362,3.922,3.472,1.374,0.943,0.156,-0.12,2.065,2.037,0.908,2044.28,1154.772,2808.17,1986.14,1290.482,381.758,1061.481,329.199,2739.78,125.98,1051.18,1994.2,613.16,1199.92,73.75,2138.46,511.54,468.445,1252.56,158.09,117.813,1187.2,85.0,2888.25,3313.0,7399.0,1103.6,1761.5,111.79,105.125
2018-10-16,1228.43,0.241,1578.0,199.721,95.048,112.17,1.319,71.92,17.62,3.334,3.164,2.866,2.297,2.29,1.116,0.49,-0.57,-0.368,3.906,3.45,1.287,0.91,0.144,-0.118,1.994,1.965,0.809,2048.28,1154.558,2811.77,1987.23,1295.1,380.985,1065.108,331.517,2674.04,123.26,1008.17,2012.37,614.5,1235.01,72.25,2091.21,500.94,471.692,1229.62,158.72,118.219,1227.3,81.41,2817.75,3247.0,7353.75,1103.6,1681.0,111.86,105.18
2018-10-23,1231.11,0.154,1577.0,194.969,95.961,112.21,1.3,66.43,20.71,3.368,3.169,2.879,2.323,2.287,1.022,0.408,-0.612,-0.368,4.064,3.589,1.221,0.912,0.146,-0.118,1.868,1.834,0.732,2047.02,1156.7,2800.67,1974.82,1285.087,378.837,1059.864,329.437,2606.84,119.74,985.15,1990.88,587.44,1171.12,71.57,2033.89,487.37,469.893,1230.09,159.79,118.266,1233.4,76.44,2746.25,3137.0,7140.25,1103.6,1641.5,111.94,105.195
2018-10-30,1222.85,0.082,1513.0,191.758,97.011,112.88,1.271,66.18,23.35,3.364,3.124,2.851,2.323,2.302,1.014,0.368,-0.631,-0.369,3.991,3.472,1.124,0.857,0.116,-0.128,1.817,1.771,0.713,2050.55,1157.615,2800.13,1963.94,1277.686,376.917,1058.042,329.508,2551.09,120.19,963.69,2024.3,585.63,1187.78,68.65,1997.19,478.19,468.969,1215.2,160.44,118.781,1225.3,75.91,2685.25,3143.0,6815.25,1103.6,1610.0,111.99,105.328
2018-11-06,1226.11,0.099,1395.0,191.21,96.317,113.48,1.308,62.21,19.91,3.443,3.229,2.928,2.338,2.316,1.067,0.433,-0.608,-0.362,3.934,3.394,0.916,0.884,0.125,-0.131,1.938,1.902,0.811,2040.18,1152.397,2793.72,1975.01,1287.312,379.646,1060.159,329.653,2620.68,122.51,991.63,2045.61,613.46,1232.31,74.41,2050.65,492.7,468.635,1224.79,159.7,118.0,1226.3,72.13,2759.0,3203.0,7016.5,1103.6,1665.5,111.945,105.141
2018-11-13,1201.95,0.097,1064.0,184.537,97.303,113.95,1.299,55.69,20.02,3.359,3.141,2.891,2.337,2.307,1.053,0.408,-0.573,-0.361,4.002,3.443,1.014,0.869,0.109,-0.143,1.973,1.933,0.794,2046.7,1156.133,2799.26,1966.07,1279.074,378.302,1057.742,328.178,2586.65,123.25,978.5,1936.23,586.26,1238.77,72.65,2026.52,486.1,467.128,1221.09,160.08,118.516,1201.4,65.47,2727.5,3219.0,6853.0,1103.6,1633.5,111.955,105.227
2018-11-20,1222.07,0.08,1003.0,183.785,96.836,112.7,1.28,53.43,22.48,3.315,3.064,2.804,2.379,2.3,1.011,0.349,-0.598,-0.362,4.12,3.614,1.358,0.843,0.098,-0.145,1.961,1.881,0.702,2057.81,1161.626,2790.35,1940.96,1263.456,369.625,1051.556,327.631,2510.5,118.85,971.4,2021.95,593.68,1240.92,72.74,1976.91,475.87,469.899,1209.8,160.89,119.344,1221.2,62.53,2640.0,3108.0,6532.5,1103.6,1622.0,112.0,105.484
2018-11-27,1213.29,0.003,1339.0,179.921,97.369,113.78,1.274,51.56,19.02,3.319,3.058,2.833,2.389,2.337,1.015,0.348,-0.585,-0.362,3.886,3.287,0.858,0.807,0.087,-0.144,1.997,1.9,0.77,2060.04,1163.606,2790.81,1942.31,1259.814,370.494,1048.404,324.141,2549.36,120.99,981.64,1952.1,581.14,1241.79,74.38,2000.07,481.24,468.181,1209.88,161.02,119.25,1213.4,60.21,2683.5,3161.0,6712.5,1103.6,1648.0,111.975,105.43
2018-12-04,1240.1,-0.06,1237.0,184.138,96.965,112.77,1.272,53.25,20.74,3.173,2.914,2.795,2.407,2.379,0.908,0.261,-0.62,-0.349,3.786,3.153,0.652,0.786,0.068,-0.134,1.919,1.798,0.72,2073.43,1172.872,2805.5,1956.3,1270.714,369.426,1060.39,330.194,2567.52,121.32,983.84,2000.45,614.29,1265.13,77.24,2016.89,486.73,472.175,1213.22,162.09,120.094,1241.1,62.08,2701.75,3184.0,6803.25,1103.6,1649.0,112.03,105.5
2018-12-11,1244.34,-0.027,1364.0,181.802,97.388,113.31,1.252,51.65,21.76,3.126,2.88,2.764,2.387,2.421,0.828,0.231,-0.606,-0.359,3.674,3.119,0.653,0.79,0.044,-0.145,1.722,1.648,0.681,2081.67,1175.542,2809.88,1947.61,1264.764,365.454,1061.963,330.602,2507.24,116.49,942.58,1908.6,603.6,1225.33,73.17,1954.65,470.7,472.0,1202.01,163.48,120.453,1241.9,60.2,2641.25,3061.0,6717.0,1103.6,1575.0,111.89,105.648
2018-12-18,1249.18,0.003,1395.0,174.42,97.104,112.59,1.263,46.24,25.58,3.068,2.818,2.644,2.384,2.47,0.857,0.243,-0.609,-0.362,3.598,2.935,0.541,0.755,0.02,-0.16,1.789,1.709,0.741,2090.67,1176.441,2829.79,1937.74,1265.22,368.162,1068.273,330.995,2420.6,115.19,937.32,1911.94,585.97,1268.32,71.84,1908.16,460.68,474.491,1195.76,163.34,120.953,1249.2,56.26,2535.75,3046.0,6462.75,1103.6,1559.5,111.885,105.852
2018-12-25,1268.54,0.046,1271.0,168.356,96.581,110.2,1.268,42.53,36.07,2.993,2.74,2.559,2.373,2.506,0.867,0.247,-0.616,-0.374,3.56,2.827,0.538,0.701,0.013,-0.151,1.78,1.709,0.721,2093.79,1180.758,2826.86,1898.08,1251.578,367.606,1067.336,330.83,2234.85,113.41,851.64,1892.64,561.64,1238.51,70.12,1795.28,435.9,477.345,1181.16,163.36,121.406,1267.5,50.47,2341.75,2981.0,5892.0,1103.6,1397.0,111.895,106.008
2019-01-01,1282.6,-0.149,1271.0,169.802,96.085,109.73,1.275,45.41,25.42,3.015,2.685,2.488,2.355,2.503,0.871,0.239,-0.62,-0.355,3.528,2.739,0.467,0.704,-0.005,-0.147,1.817,1.745,0.744,2103.22,1182.458,2829.02,1909.36,1256.668,367.7,1069.113,329.548,2383.55,114.2,894.7,1943.96,572.03,1266.29,71.2,1883.93,455.68,478.915,1186.21,163.54,122.016,1281.3,53.8,2505.25,2974.0,6333.25,1103.6,1493.5,111.94,106.156
2019-01-08,1286.48,-0.191,1262.0,175.965,95.903,108.59,1.272,49.78,20.47,3.007,2.729,2.586,2.438,2.511,0.867,0.225,-0.582,-0.365,3.732,2.952,0.531,0.698,0.004,-0.141,1.806,1.713,0.749,2103.55,1185.698,2836.11,1957.67,1278.958,368.144,1079.395,332.024,2450.48,116.88,909.6,2124.3,598.1,1251.64,71.9,1935.79,467.27,480.138,1197.02,163.74,121.75,1285.9,58.72,2572.5,3049.0,6557.25,1103.6,1521.5,111.89,106.07
2019-01-15,1288.08,-0.205,1096.0,178.978,96.039,108.62,1.273,52.11,18.6,3.073,2.713,2.535,2.423,2.51,0.819,0.204,-0.625,-0.366,3.735,2.872,0.41,0.696,0.006,-0.156,1.78,1.701,0.793,2106.53,1187.583,2839.66,1969.3,1287.857,371.178,1084.265,333.742,2484.96,117.82,926.51,2170.34,610.58,1266.59,74.66,1963.61,474.86,481.43,1207.28,164.89,121.906,1288.4,60.64,2605.5,3056.0,6676.75,1103.6,1541.0,111.99,106.168
2019-01-22,1283.7,-0.176,1036.0,178.99,96.303,109.32,1.296,52.57,20.8,3.059,2.74,2.587,2.393,2.512,0.836,0.234,-0.596,-0.371,3.602,2.739,0.323,0.678,-0.005,-0.173,1.833,1.753,0.789,2105.37,1187.473,2858.09,1979.83,1295.461,374.082,1090.533,330.495,2506.74,119.8,934.3,2159.49,622.61,1269.34,75.32,1978.83,478.41,480.398,1210.55,164.47,121.578,1283.4,61.5,2632.0,3099.0,6653.0,1103.6,1553.5,111.92,106.051
2019-01-29,1309.91,-0.173,797.0,179.177,95.821,109.38,1.314,53.31,19.13,3.04,2.711,2.573,2.407,2.502,0.797,0.199,-0.575,-0.369,3.48,2.632,0.273,0.655,0.001,-0.16,1.749,1.68,0.771,2109.42,1187.617,2874.42,1982.36,1300.992,375.139,1095.343,334.405,2514.36,120.52,934.88,2192.33,635.81,1241.48,77.14,1989.6,481.77,483.111,1210.39,165.08,121.781,1308.9,61.32,2640.25,3144.0,6638.75,1103.6,1556.5,111.89,106.051
2019-02-05,1314.93,-0.177,629.0,179.952,96.067,109.92,1.295,53.66,15.57,3.031,2.699,2.522,2.405,2.513,0.773,0.169,-0.57,-0.365,3.647,2.792,0.437,0.597,-0.015,-0.17,1.733,1.654,0.74,2114.09,1190.68,2897.86,2007.31,1316.655,377.216,1106.559,334.289,2609.03,123.34,948.08,2284.73,653.83,1274.38,79.98,2051.36,496.18,483.781,1214.76,165.49,121.875,1314.2,61.98,2731.0,3208.0,7008.0,1103.6,1584.0,111.88,106.129
2019-02-12,1310.5,-0.225,598.0,178.208,96.709,110.52,1.289,53.1,15.43,3.025,2.689,2.506,2.425,2.498,0.753,0.131,-0.574,-0.362,3.698,2.842,0.526,0.593,-0.019,-0.167,1.692,1.618,0.725,2116.79,1194.137,2899.28,2008.21,1313.067,377.536,1104.117,333.292,2616.96,122.63,941.98,2208.77,648.03,1257.42,79.99,2045.12,494.3,482.13,1216.76,166.02,121.953,1309.2,62.42,2744.75,3192.0,7018.5,1103.6,1575.5,111.885,106.152
2019-02-19,1340.65,-0.482,635.0,182.239,96.52,110.52,1.306,56.09,14.88,2.978,2.635,2.487,2.419,2.485,0.733,0.104,-0.572,-0.369,3.641,2.786,0.407,0.584,-0.035,-0.182,1.697,1.624,0.731,2121.22,1195.675,2907.45,2014.94,1318.834,379.999,1107.745,335.687,2649.94,124.68,962.16,2253.04,625.51,1225.83,79.87,2075.91,500.58,483.801,1220.07,166.42,122.219,1340.1,66.45,2778.75,3236.0,7068.25,1103.6,1607.0,111.88,106.164
2019-02-26,1325.78,-0.513,649.0,181.402,96.003,110.72,1.325,55.5,15.17,3.006,2.637,2.482,2.438,2.479,0.743,0.117,-0.541,-0.368,3.627,2.702,0.328,0.601,-0.032,-0.168,1.747,1.67,0.784,2123.0,1198.749,2911.37,2025.31,1327.314,383.547,1111.724,336.341,2663.74,126.17,969.13,2208.66,636.48,1261.72,83.1,2091.7,505.51,484.705,1223.08,166.27,122.328,1325.1,65.21,2791.5,3291.0,7117.75,1103.6,1619.5,111.845,106.203
2019-03-05,1283.15,-0.466,663.0,181.896,96.866,111.92,1.315,56.56,14.74,3.081,2.719,2.545,2.433,2.483,0.803,0.167,-0.51,-0.368,3.644,2.705,0.311,0.643,0.004,-0.142,1.774,1.711,0.798,2117.93,1197.219,2904.71,2029.03,1326.636,385.341,1109.34,334.826,2659.96,126.83,969.74,2125.47,628.52,1281.07,84.53,2087.5,504.07,481.566,1224.64,165.52,121.688,1284.7,65.86,2791.5,3326.0,7165.5,1103.6,1621.0,111.795,105.996
2019-03-12,1298.53,-0.519,647.0,181.307,96.935,111.31,1.307,56.87,13.77,2.991,2.602,2.451,2.441,2.499,0.715,0.054,-0.552,-0.369,3.58,2.538,0.219,0.589,-0.035,-0.155,1.688,1.618,0.712,2130.88,1203.032,2925.22,2027.68,1326.741,385.293,1114.723,338.621,2661.99,125.99,962.45,2181.56,629.5,1315.27,83.27,2083.38,502.99,484.468,1220.91,164.54,122.609,1298.1,66.67,2792.0,3308.0,7206.5,1103.6,1587.5,111.85,106.219
2019-03-19,1307.61,-0.406,712.0,185.236,96.383,111.37,1.327,59.03,13.56,3.022,2.613,2.469,2.443,2.488,0.75,0.095,-0.534,-0.366,3.557,2.492,0.176,0.556,-0.047,-0.167,1.673,1.608,0.743,2133.34,1204.159,2927.48,2038.17,1336.767,388.46,1120.339,341.601,2700.29,129.74,966.13,2242.48,649.94,1329.39,84.9,2120.44,511.97,486.258,1225.18,163.96,122.5,1306.5,67.61,2836.5,3328.0,7376.5,1103.6,1590.5,111.81,106.18
2019-03-26,1315.71,-0.348,683.0,185.229,96.736,110.46,1.322,59.94,14.68,2.873,2.424,2.266,2.448,2.49,0.581,-0.017,-0.569,-0.369,3.47,2.465,0.204,0.533,-0.07,-0.172,1.529,1.454,0.653,2150.57,1213.416,2970.01,2042.02,1335.276,388.116,1127.011,346.27,2686.23,127.35,968.25,2084.7,655.56,1319.09,82.14,2102.62,507.02,490.075,1224.01,165.58,124.406,1315.0,67.97,2823.0,3239.0,7376.75,1103.6,1595.0,111.88,106.617
2019-04-02,1289.65,-0.333,674.0,186.373,97.361,111.35,1.308,62.58,13.36,2.877,2.475,2.302,2.41,2.493,0.596,-0.05,-0.618,-0.356,3.488,2.522,0.256,0.517,-0.069,-0.162,1.547,1.475,0.625,2144.01,1214.739,2965.51,2052.31,1339.295,390.801,1127.606,342.615,2732.65,129.9,965.62,2088.43,650.01,1349.92,85.11,2131.71,514.39,487.604,1220.76,166.11,123.766,1290.0,69.37,2867.0,3321.0,7519.25,1103.6,1608.0,111.995,106.648
2019-04-09,1304.37,-0.33,725.0,188.564,97.006,111.13,1.304,63.98,14.28,2.914,2.502,2.35,2.405,2.481,0.622,-0.011,-0.582,-0.368,3.394,2.422,0.215,0.534,-0.054,-0.167,1.636,1.553,0.692,2144.67,1214.02,2972.85,2060.86,1344.717,391.376,1130.225,342.978,2742.87,130.11,971.84,2119.17,667.85,1347.18,87.59,2143.2,518.09,488.603,1222.39,165.48,123.641,1303.5,70.61,2882.5,3350.0,7593.25,1103.6,1612.5,111.905,106.574
2019-04-16,1274.07,-0.317,749.0,187.28,97.043,112.0,1.305,64.05,12.18,2.992,2.591,2.412,2.42,2.474,0.728,0.065,-0.575,-0.364,3.554,2.592,0.487,0.54,-0.028,-0.156,1.724,1.651,0.789,2140.06,1214.135,2971.72,2072.23,1349.401,393.587,1127.488,339.4,2771.1,131.27,976.15,2054.85,667.77,1354.95,87.24,2163.08,522.33,487.095,1222.87,164.6,122.828,1272.6,71.72,2911.5,3394.0,7679.5,1103.6,1625.0,111.89,106.383
2019-04-23,1272.76,-0.189,821.0,187.585,97.636,111.79,1.295,66.3,12.28,2.98,2.566,2.364,2.423,2.481,0.69,0.04,-0.58,-0.366,3.639,2.673,0.57,0.567,-0.035,-0.155,1.738,1.671,0.786,2141.68,1215.557,2975.14,2072.81,1347.945,394.424,1129.671,337.925,2796.08,132.07,975.69,2051.58,681.69,1333.91,86.87,2174.39,524.53,486.097,1223.81,164.94,123.125,1269.3,74.51,2938.0,3436.0,7838.0,1103.6,1621.5,111.9,106.5
2019-04-30,1283.61,-0.182,1011.0,184.25,97.479,111.32,1.304,63.91,13.12,2.929,2.503,2.266,2.41,2.486,0.653,0.012,-0.59,-0.37,3.527,2.554,0.477,0.558,-0.048,-0.155,1.692,1.627,0.758,2147.53,1221.282,2990.68,2077.06,1347.475,394.117,1131.685,341.362,2806.7,132.04,972.85,2060.46,664.04,1351.55,85.81,2178.67,524.84,488.011,1228.61,165.31,123.672,1285.7,72.8,2948.5,3452.0,7800.0,1103.6,1615.0,111.92,106.688
2019-05-07,1284.26,-0.23,936.0,179.488,97.628,110.34,1.306,61.4,19.32,2.864,2.458,2.284,2.412,2.467,0.614,-0.039,-0.611,-0.356,3.592,2.618,0.505,0.542,-0.057,-0.158,1.677,1.595,0.747,2153.51,1226.771,2996.96,2073.2,1346.578,392.743,1133.798,341.774,2748.46,128.75,961.8,1995.79,657.32,1314.61,83.33,2135.49,514.4,489.45,1228.73,166.08,124.016,1285.6,69.88,2890.75,3353.0,7674.0,1103.6,1601.5,111.96,106.652
2019-05-14,1295.88,-0.235,1043.0,179.991,97.526,109.66,1.292,61.78,18.06,2.849,2.411,2.197,2.392,2.44,0.57,-0.071,-0.639,-0.365,3.671,2.728,0.678,0.532,-0.057,-0.163,1.645,1.556,0.713,2158.16,1231.101,2994.03,2062.24,1339.492,389.634,1131.325,341.378,2701.32,127.01,924.74,1949.86,655.48,1280.82,79.83,2098.76,504.17,490.257,1222.27,166.59,124.328,1296.3,71.24,2839.25,3325.0,7421.0,1103.6,1532.0,112.03,106.824
2019-05-21,1273.26,-0.181,1049.0,181.968,98.062,110.66,1.273,62.99,14.95,2.844,2.427,2.254,2.366,2.436,0.591,-0.064,-0.632,-0.37,3.583,2.642,0.578,0.534,-0.051,-0.159,1.625,1.539,0.733,2157.09,1231.542,2994.52,2068.22,1343.265,390.576,1134.306,340.061,2730.08,128.06,934.23,1960.56,677.21,1328.06,76.92,2117.66,507.32,488.942,1222.12,166.49,124.141,1273.2,72.18,2866.0,3366.0,7464.0,1103.6,1548.5,112.005,106.695
2019-05-28,1277.84,-0.228,1082.0,180.26,97.952,109.54,1.267,59.14,17.5,2.705,2.267,2.124,2.34,2.428,0.485,-0.162,-0.648,-0.366,3.608,2.681,0.649,0.484,-0.079,-0.165,1.503,1.401,0.596,2166.11,1234.52,3015.5,2063.41,1339.994,389.469,1137.063,343.056,2670.4,126.78,933.99,2017.95,671.84,1352.04,74.78,2084.57,499.66,492.229,1221.6,167.8,125.391,1277.1,70.11,2805.0,3338.0,7295.25,1103.6,1548.5,112.06,106.988
2019-06-04,1323.52,-0.244,1122.0,175.49,97.072,108.23,1.269,53.48,16.97,2.611,2.131,1.883,2.334,2.43,0.405,-0.208,-0.658,-0.359,3.436,2.514,0.548,0.439,-0.108,-0.193,1.491,1.38,0.598,2177.65,1238.485,3036.46,2057.94,1338.452,387.93,1141.685,346.278,2671.61,125.71,902.55,2123.16,693.6,1367.2,74.26,2077.66,499.21,496.884,1220.43,168.46,126.594,1323.4,61.97,2805.0,3334.0,7179.25,1103.6,1493.5,112.05,107.473
2019-06-11,1328.48,-0.329,1105.0,174.868,96.686,108.46,1.273,53.27,15.99,2.615,2.144,1.93,2.246,2.413,0.383,-0.233,-0.679,-0.252,3.372,2.391,0.429,0.351,-0.114,-0.194,1.437,1.325,0.584,2177.99,1239.381,3045.95,2079.24,1355.109,391.293,1151.448,348.951,2750.57,128.42,939.42,2158.52,711.74,1360.52,77.11,2139.74,513.91,499.206,1225.27,171.36,126.438,1326.4,62.29,2887.0,3402.0,7518.25,1103.6,1560.5,112.11,107.336
2019-06-18,1348.03,-0.242,1135.0,176.098,97.644,108.46,1.255,53.9,15.15,2.549,2.06,1.864,2.211,2.39,0.268,-0.321,-0.77,-0.368,3.147,2.112,0.234,0.361,-0.13,-0.204,1.422,1.297,0.568,2182.97,1240.279,3067.55,2084.31,1358.821,393.128,1157.593,347.18,2781.49,129.73,922.07,2170.34,720.16,1327.23,76.47,2150.91,515.82,499.722,1233.11,172.86,127.141,1346.6,62.14,2921.75,3457.0,7645.25,1103.6,1525.0,112.3,107.426
2019-06-25,1425.72,-0.341,1280.0,180.878,96.14,107.24,1.269,57.83,16.28,2.519,1.986,1.732,2.121,2.402,0.243,-0.332,-0.746,-0.368,3.156,2.158,0.29,0.341,-0.158,-0.233,1.417,1.295,0.571,2188.98,1242.539,3101.03,2097.58,1372.337,395.323,1166.104,351.382,2778.96,129.3,931.13,2201.74,730.2,1336.92,77.91,2163.73,519.78,505.955,1239.1,172.88,128.125,1414.9,65.05,2922.0,3437.0,7628.75,1103.6,1535.0,112.275,107.688
2019-07-02,1405.08,-0.415,1446.0,177.843,96.726,107.88,1.262,56.25,12.93,2.501,1.975,1.761,2.172,2.388,0.248,-0.369,-0.767,-0.36,2.857,1.837,0.02,0.374,-0.15,-0.219,1.354,1.232,0.513,2192.94,1243.625,3117.69,2103.08,1378.76,397.87,1174.58,350.806,2833.05,131.24,958.03,2196.06,739.69,1350.89,80.73,2198.55,528.24,504.945,1240.1,173.35,128.141,1408.0,62.4,2979.5,3499.0,7838.25,1103.6,1589.0,112.31,107.656
2019-07-09,1396.92,-0.386,1759.0,180.708,97.489,108.81,1.247,57.83,14.09,2.54,2.066,1.907,2.236,2.379,0.25,-0.356,-0.743,-0.367,2.738,1.731,0.073,0.344,-0.145,-0.2,1.352,1.232,0.54,2190.77,1245.182,3103.17,2101.75,1374.977,397.902,1172.229,349.32,2840.84,130.79,949.47,2306.79,737.76,1310.21,78.07,2193.65,525.96,502.611,1248.03,173.21,127.297,1400.5,64.16,2982.0,3501.0,7845.25,1103.6,1571.0,112.255,107.426
2019-07-16,1409.2,-0.386,2011.0,180.084,97.395,108.27,1.242,57.62,12.86,2.612,2.103,1.85,2.144,2.314,0.332,-0.246,-0.741,-0.366,2.681,1.61,-0.037,0.38,-0.126,-0.189,1.433,1.313,0.575,2190.79,1247.697,3092.38,2104.97,1377.601,397.946,1173.218,348.359,2863.9,131.11,945.32,2319.68,728.54,1326.97,79.57,2208.09,530.07,502.32,1246.18,172.34,126.922,1411.2,64.35,3007.0,3512.0,7942.75,1103.6,1565.0,112.25,107.465
2019-07-23,1419.57,-0.254,2165.0,179.036,97.705,108.17,1.244,56.77,12.61,2.616,2.082,1.837,2.041,2.269,0.24,-0.356,-0.782,-0.369,2.701,1.601,-0.032,0.368,-0.151,-0.208,1.316,1.197,0.481,2198.24,1250.274,3109.56,2104.79,1378.423,398.478,1176.866,350.445,2866.4,131.94,946.73,2315.49,708.1,1290.27,79.5,2209.59,530.1,503.571,1247.35,173.91,127.359,1421.7,63.83,3008.0,3531.0,7983.75,1103.6,1569.5,112.335,107.547
2019-07-30,1429.07,-0.272,1899.0,178.344,98.05,108.62,1.217,58.05,13.94,2.58,2.059,1.846,2.059,2.234,0.173,-0.401,-0.767,-0.366,2.695,1.584,0.002,0.354,-0.157,-0.215,1.354,1.203,0.439,2199.16,1252.449,3116.61,2109.43,1380.596,398.389,1179.583,347.629,2873.57,129.87,950.59,2279.96,714.91,1255.55,79.47,2203.4,528.07,503.091,1250.17,174.55,127.344,1429.7,64.72,3012.25,3459.0,7963.25,1103.6,1574.5,112.29,107.48
2019-08-06,1471.6,-0.266,1734.0,170.54,97.63,106.42,1.215,53.63,20.17,2.233,1.704,1.583,2.028,2.223,-0.04,-0.538,-0.824,-0.357,2.548,1.512,-0.021,0.307,-0.187,-0.224,1.191,1.032,0.426,2209.95,1262.453,3164.48,2092.71,1369.969,396.883,1180.516,353.881,2746.94,123.83,906.3,2159.0,682.88,1245.95,72.82,2109.2,503.97,510.125,1249.5,176.58,129.766,1472.4,58.94,2876.0,3291.0,7515.5,1103.6,1493.5,112.41,107.969
2019-08-13,1502.27,-0.271,1864.0,173.087,97.812,106.57,1.206,57.1,17.52,2.163,1.705,1.667,1.987,2.195,-0.134,-0.611,-0.882,-0.358,2.612,1.616,0.131,0.178,-0.241,-0.288,1.143,0.985,0.457,2206.99,1267.964,3181.38,2099.73,1359.371,396.382,1175.985,354.114,2789.55,125.42,899.17,2187.61,683.05,1243.59,73.03,2134.54,509.12,511.788,1248.13,177.68,129.828,1502.2,61.3,2932.0,3359.0,7748.0,1103.6,1478.0,112.515,107.805
2019-08-20,1504.86,-0.167,2059.0,170.895,98.19,106.31,1.217,56.34,17.5,2.038,1.556,1.512,1.9,2.169,-0.177,-0.692,-0.911,-0.364,2.426,1.37,0.02,0.192,-0.24,-0.299,1.007,0.885,0.481,2213.77,1272.217,3205.36,2101.43,1356.425,397.738,1179.23,357.967,2764.52,125.04,910.33,2063.54,665.8,1254.91,75.92,2119.57,506.61,513.466,1249.01,178.9,130.734,1504.6,60.03,2898.25,3346.0,7668.0,1103.6,1505.0,112.585,108.105
2019-08-27,1542.85,-0.147,2213.0,169.7,97.999,105.73,1.23,54.93,20.31,1.95,1.473,1.522,1.969,2.14,-0.191,-0.695,-0.894,-0.361,2.198,1.136,-0.12,0.156,-0.271,-0.301,1.038,0.939,0.361,2214.08,1272.155,3228.12,2113.99,1362.61,400.94,1182.645,361.375,2733.89,125.8,900.97,1955.76,662.38,1266.9,74.39,2104.85,502.58,515.463,1250.02,178.94,131.141,1541.0,59.51,2865.5,3361.0,7562.75,1103.6,1486.0,112.525,108.039
2019-09-03,1546.0,-0.102,2501.0,169.19,99.0,105.87,1.209,53.94,19.66,1.953,1.458,1.452,1.951,2.082,-0.193,-0.708,-0.919,-0.359,1.925,0.872,-0.288,0.104,-0.291,-0.297,0.911,0.805,0.324,2221.41,1273.024,3227.84,2116.84,1358.769,401.862,1186.493,360.364,2768.25,127.98,913.66,2007.32,685.99,1237.87,75.03,2126.92,507.76,514.77,1254.44,179.32,131.453,1549.6,58.26,2906.0,3414.0,7617.5,1103.6,1512.0,112.55,108.145
2019-09-10,1491.3,-0.059,2393.0,174.94,98.326,107.46,1.235,57.4,15.2,2.216,1.732,1.676,1.933,2.05,0.037,-0.55,-0.848,-0.362,2.161,1.019,-0.305,0.284,-0.228,-0.295,1.13,1.025,0.469,2213.97,1266.753,3180.96,2129.65,1370.279,402.844,1185.038,354.76,2835.96,130.35,943.92,2099.95,706.4,1258.82,77.6,2179.43,520.95,509.956,1258.31,173.98,129.563,1492.7,62.38,2978.5,3499.0,7815.0,1103.6,1556.5,112.475,107.703
2019-09-17,1505.91,-0.023,2283.0,178.794,98.261,108.07,1.25,59.34,14.44,2.268,1.803,1.725,1.972,2.041,0.079,-0.476,-0.72,-0.369,2.002,0.919,-0.233,0.348,-0.159,-0.253,1.132,1.035,0.522,2212.21,1254.345,3164.4,2134.04,1371.74,404.381,1179.648,355.196,2862.33,131.18,977.84,2139.58,726.35,1238.52,78.27,2201.77,526.32,507.533,1256.17,172.87,128.719,1506.9,64.55,3005.5,3522.0,7890.25,1103.6,1597.0,112.205,107.57
2019-09-24,1534.32,0.193,2116.0,177.188,98.337,107.09,1.249,57.29,17.05,2.104,1.646,1.626,1.903,2.018,-0.123,-0.602,-0.741,-0.458,1.881,0.831,-0.228,0.343,-0.241,-0.324,0.951,0.869,0.444,2220.0,1262.916,3211.52,2134.03,1371.233,404.053,1186.101,360.216,2823.4,131.35,981.37,2083.82,716.67,1306.85,76.29,2182.07,521.7,511.886,1259.7,174.73,130.719,1532.6,63.1,2970.25,3518.0,7735.25,1103.6,1609.0,112.265,107.84
2019-10-01,1483.39,0.173,1809.0,174.088,99.128,107.69,1.232,53.62,18.56,2.093,1.637,1.546,1.762,2.016,-0.065,-0.566,-0.777,-0.452,1.951,0.855,-0.27,0.402,-0.157,-0.291,0.952,0.863,0.337,2222.67,1263.079,3208.72,2125.47,1366.342,402.885,1184.697,355.831,2797.84,130.76,968.43,2082.67,701.03,1278.81,75.04,2158.47,515.95,509.09,1259.94,174.2,130.656,1482.0,58.89,2937.75,3512.0,7695.5,1103.6,1608.0,112.325,108.066
2019-10-08,1500.22,0.17,1801.0,173.32,99.133,107.15,1.222,52.63,20.28,2.029,1.53,1.419,1.667,1.94,-0.079,-0.596,-0.79,-0.468,1.957,0.841,-0.264,0.372,-0.208,-0.324,0.925,0.831,0.316,2227.88,1271.891,3220.93,2116.04,1362.983,399.482,1188.865,356.97,2753.18,127.61,957.72,2045.3,688.04,1258.05,74.78,2124.15,508.42,512.04,1260.19,174.67,131.703,1497.2,58.24,2892.5,3425.0,7622.0,1103.6,1588.0,112.355,108.387
2019-10-15,1480.79,0.21,1898.0,174.749,98.288,108.86,1.276,52.81,13.54,2.235,1.773,1.618,1.648,1.891,0.111,-0.418,-0.696,-0.465,2.046,0.935,-0.261,0.389,-0.176,-0.284,1.152,1.064,0.524,2220.9,1265.477,3190.52,2128.05,1372.13,403.538,1186.326,354.28,2851.91,132.58,979.14,2106.93,707.94,1289.59,77.81,2196.61,525.25,508.606,1260.11,171.89,129.766,1477.6,58.74,2997.75,3592.0,7959.75,1103.6,1619.5,112.145,107.871
2019-10-22,1484.19,0.128,1806.0,175.506,97.526,108.58,1.295,54.16,14.46,2.252,1.762,1.594,1.639,1.823,0.155,-0.37,-0.664,-0.462,2.066,0.922,-0.234,0.42,-0.135,-0.244,1.231,1.132,0.517,2219.93,1261.782,3202.75,2133.56,1376.736,404.488,1187.799,354.388,2850.19,132.86,984.79,2189.6,738.74,1306.31,77.33,2204.29,527.76,510.135,1260.26,171.42,129.813,1481.7,59.7,2994.5,3593.0,7858.75,1103.6,1628.5,112.075,107.922
2019-10-29,1487.75,0.136,1802.0,178.375,97.69,108.92,1.286,55.54,13.2,2.335,1.839,1.642,1.601,1.8,0.173,-0.353,-0.64,-0.463,2.086,0.986,-0.185,0.422,-0.11,-0.208,1.236,1.137,0.535,2222.4,1260.432,3194.52,2139.04,1379.131,404.093,1187.637,350.785,2890.81,134.09,1004.83,2245.52,757.52,1332.49,78.22,2232.45,534.29,508.727,1263.0,171.04,129.266,1487.0,61.59,3035.75,3611.0,8055.25,1103.6,1663.0,112.03,107.773
2019-11-05,1483.47,0.168,1656.0,182.09,97.983,109.13,1.287,57.23,13.1,2.338,1.859,1.625,1.536,1.771,0.229,-0.311,-0.643,-0.464,2.118,1.027,-0.189,0.38,-0.131,-0.241,1.289,1.182,0.581,2223.01,1261.744,3190.95,2139.47,1380.157,405.378,1187.731,352.332,2925.53,136.04,1023.62,2265.18,777.71,1350.64,80.92,2259.26,541.6,508.104,1264.72,170.53,128.922,1483.7,62.96,3072.0,3669.0,8210.75,1103.6,1700.0,112.025,107.746
2019-11-12,1453.99,0.139,1354.0,179.804,98.309,109.09,1.286,56.8,12.68,2.416,1.936,1.662,1.564,1.763,0.275,-0.254,-0.629,-0.455,2.322,1.215,-0.103,0.481,-0.029,-0.167,1.314,1.209,0.553,2224.87,1258.097,3189.78,2137.76,1377.526,405.648,1185.905,350.529,2943.38,136.89,1031.84,2136.23,767.77,1339.0,80.21,2270.01,542.95,505.306,1267.04,169.54,128.531,1453.7,62.06,3092.0,3711.0,8275.0,1103.6,1713.0,111.98,107.691
2019-11-19,1474.58,0.086,1304.0,177.155,97.856,108.5,1.293,55.21,12.86,2.251,1.784,1.596,1.554,1.724,0.182,-0.341,-0.638,-0.456,2.34,1.243,0.045,0.439,-0.089,-0.208,1.272,1.166,0.554,2229.44,1262.688,3215.94,2132.75,1374.754,405.18,1186.46,351.796,2972.22,136.27,1023.25,2094.93,762.17,1342.46,80.11,2284.85,546.17,509.316,1269.6,170.91,129.438,1474.3,60.91,3118.5,3691.0,8341.5,1103.6,1696.0,112.015,107.836
2019-11-26,1460.19,0.087,1426.0,181.1,98.252,109.08,1.286,58.41,11.54,2.179,1.742,1.582,1.578,1.7,0.147,-0.373,-0.642,-0.451,2.276,1.167,-0.019,0.408,-0.101,-0.193,1.213,1.107,0.488,2231.25,1267.587,3233.55,2137.12,1377.408,406.6,1191.792,352.477,2993.61,137.26,1029.56,2085.63,753.39,1353.72,80.43,2294.78,547.71,509.152,1269.84,171.45,129.688,1460.3,64.27,3143.75,3704.0,8400.75,1103.6,1705.5,111.995,107.844
2019-12-03,1479.01,0.138,1606.0,177.589,97.737,108.53,1.301,56.1,15.96,2.164,1.717,1.538,1.559,1.694,0.16,-0.35,-0.641,-0.447,2.418,1.284,0.043,0.44,-0.031,-0.158,1.189,1.09,0.497,2233.98,1268.66,3241.34,2136.6,1376.923,408.048,1189.873,355.483,2947.99,133.81,1030.45,2156.36,738.87,1350.26,79.31,2263.1,540.39,510.432,1276.9,171.04,129.969,1478.2,60.82,3091.0,3609.0,8251.25,1103.6,1702.5,112.015,107.914
2019-12-10,1463.27,0.107,1528.0,182.167,97.413,108.74,1.318,59.24,15.68,2.265,1.842,1.652,1.541,1.718,0.228,-0.297,-0.643,-0.456,2.401,1.241,-0.042,0.426,-0.022,-0.123,1.291,1.198,0.586,2230.48,1270.363,3231.55,2152.37,1387.869,410.301,1194.427,355.102,2983.78,136.12,1035.95,2217.49,760.65,1332.13,80.33,2289.67,546.74,509.384,1278.63,172.23,128.938,1462.6,64.34,3136.0,3667.0,8363.75,1103.6,1722.5,111.99,107.656
2019-12-17,1477.2,0.043,1281.0,185.281,97.222,109.46,1.313,60.94,12.29,2.306,1.881,1.622,1.539,1.745,0.217,-0.296,-0.646,-0.458,2.333,1.271,-0.093,0.407,-0.014,-0.12,1.277,1.182,0.528,2232.92,1271.581,3233.44,2172.6,1403.923,411.982,1203.867,355.235,3039.35,139.34,1053.39,2298.77,795.82,1366.34,84.37,2336.62,559.9,510.127,1284.92,172.13,128.578,1474.6,66.1,3192.0,3745.0,8576.25,1103.6,1744.5,111.975,107.648
2019-12-24,1499.73,0.071,1090.0,185.534,97.654,109.41,1.297,61.11,12.67,2.329,1.901,1.621,1.567,1.792,0.284,-0.245,-0.643,-0.455,2.471,1.425,-0.026,0.453,0.003,-0.1,1.276,1.182,0.545,2231.82,1270.923,3237.81,2180.4,1408.79,412.073,1207.408,354.034,3069.66,140.68,1042.02,2351.41,805.67,1372.28,84.97,2351.84,563.5,508.68,1289.1,171.43,128.313,1499.1,67.2,3225.75,3766.0,8729.5,1103.6,1724.0,111.97,107.637
2019-12-31,1522.81,0.001,1090.0,185.787,96.389,108.58,1.326,61.06,13.78,2.39,1.919,1.569,1.544,1.781,0.346,-0.188,-0.612,-0.457,2.462,1.409,-0.06,0.411,-0.02,-0.134,1.325,1.23,0.531,2236.82,1271.56,3240.3,2182.77,1414.563,412.903,1209.285,356.059,3076.49,139.6,1037.6,2373.01,806.83,1369.56,85.7,2358.47,565.24,511.671,1293.46,170.49,128.422,1523.1,66.0,3231.0,3729.0,8752.25,1103.6,1721.0,111.905,107.75
2020-01-07,1571.98,-0.009,791.0,186.925,97.005,108.55,1.313,62.7,13.79,2.305,1.819,1.54,1.51,1.692,0.253,-0.286,-0.63,-0.452,2.449,1.374,-0.062,0.431,-0.014,-0.124,1.246,1.164,0.597,2240.57,1279.813,3246.61,2189.74,1416.404,413.42,1212.691,357.372,3084.79,140.31,1040.01,2356.39,820.62,1358.57,87.2,2362.43,566.15,511.972,1293.55,172.12,129.156,1574.3,68.27,3235.25,3750.0,8853.0,1103.6,1721.5,111.975,107.918
2020-01-14,1543.58,-0.086,763.0,183.641,97.372,110.1,1.302,58.23,12.39,2.27,1.812,1.57,1.551,1.676,0.344,-0.172,-0.588,-0.453,2.461,1.393,-0.033,0.453,0.01,-0.128,1.226,1.141,0.489,2244.01,1282.458,3258.88,2195.73,1421.202,414.067,1216.952,357.681,3130.4,140.9,1052.83,2338.03,836.33,1397.27,89.41,2388.5,573.37,510.709,1299.45,171.01,129.141,1544.6,64.49,3288.0,3762.0,9062.5,1103.6,1740.0,111.895,107.855
2020-01-21,1557.15,0.012,689.0,181.564,97.531,109.92,1.305,58.34,12.85,2.236,1.775,1.53,1.533,1.653,0.255,-0.25,-0.587,-0.452,2.429,1.369,0.003,0.443,-0.003,-0.132,1.151,1.05,0.422,2245.23,1286.358,3280.73,2198.08,1423.816,415.267,1221.507,359.193,3166.3,142.16,1048.26,2289.23,851.54,1385.96,86.96,2409.29,576.69,512.326,1306.67,172.21,129.578,1557.9,64.59,3319.5,3778.0,9169.75,1103.6,1735.5,111.905,107.945
2020-01-28,1569.94,0.036,539.0,173.797,98.018,109.13,1.3,53.48,16.28,2.112,1.657,1.463,1.546,1.649,0.17,-0.342,-0.629,-0.452,2.067,1.03,-0.155,0.373,-0.044,-0.135,1.06,0.966,0.438,2249.69,1292.356,3299.44,2185.49,1415.03,413.986,1223.677,360.632,3125.83,140.21,1024.34,2275.27,813.13,1378.65,85.25,2372.52,567.4,514.481,1305.1,173.68,130.609,1569.8,59.51,3278.25,3709.0,9105.25,1103.6,1691.0,111.995,108.098
2020-02-04,1550.74,0.035,453.0,167.934,97.961,109.46,1.303,49.61,16.05,2.077,1.6,1.409,1.546,1.668,0.114,-0.4,-0.658,-0.454,2.001,0.949,-0.205,0.389,-0.053,-0.156,1.084,0.985,0.493,2250.27,1293.101,3303.67,2188.97,1419.059,414.59,1227.251,360.675,3151.71,140.27,1019.87,2241.28,795.09,1361.62,83.89,2383.3,568.65,515.465,1297.73,174.53,130.891,1550.4,53.96,3299.5,3722.0,9355.0,1103.6,1685.5,112.045,108.172
2020-02-11,1565.82,0.149,418.0,169.615,98.721,109.82,1.295,49.94,15.18,2.066,1.601,1.423,1.559,1.658,0.134,-0.393,-0.644,-0.452,2.005,0.967,-0.214,0.367,-0.06,-0.16,1.061,0.961,0.497,2255.99,1293.76,3317.89,2203.32,1423.076,416.593,1231.82,359.603,3205.97,143.58,1042.57,2204.64,786.15,1382.52,85.96,2421.26,577.51,514.293,1306.09,174.26,131.0,1565.6,54.01,3357.5,3825.0,9527.25,1103.6,1716.5,112.01,108.18
2020-02-18,1601.59,0.179,450.0,173.813,99.44,109.87,1.3,52.05,14.83,2.011,1.562,1.412,1.569,1.647,0.11,-0.409,-0.651,-0.453,1.94,0.929,-0.212,0.342,-0.066,-0.159,1.1,1.002,0.522,2256.35,1296.165,3329.38,2207.8,1425.196,418.688,1237.15,360.63,3221.01,144.0,1012.95,2176.26,774.42,1371.31,86.7,2421.47,577.32,514.141,1311.63,174.53,131.203,1600.0,57.75,3369.25,3829.0,9636.0,1103.6,1668.0,112.035,108.188
2020-02-25,1648.82,0.3,508.0,168.488,98.968,110.03,1.301,49.9,27.85,1.825,1.354,1.225,1.51,1.616,-0.036,-0.514,-0.697,-0.454,1.964,0.986,-0.161,0.326,-0.109,-0.2,0.96,0.87,0.382,2264.5,1307.924,3354.1,2188.52,1415.055,415.205,1240.567,365.414,2990.3,135.38,987.12,2124.7,740.8,1347.39,84.42,2269.42,542.91,517.614,1312.28,176.02,133.125,1646.9,54.95,3132.5,3571.0,8854.25,1103.6,1622.5,112.135,108.625
2020-03-03,1645.37,0.376,549.0,164.931,97.153,107.34,1.281,47.18,36.82,1.615,1.001,0.699,0.92,1.356,-0.165,-0.627,-0.818,-0.455,1.957,0.986,-0.109,0.317,-0.113,-0.245,0.912,0.808,0.224,2279.23,1309.325,3378.91,2171.99,1408.067,407.603,1237.019,366.782,2869.29,127.54,917.94,1948.56,693.24,1288.8,83.87,2179.48,522.21,526.176,1279.08,177.74,136.0,1644.4,51.86,2997.0,3354.0,8582.5,1103.6,1490.0,112.37,109.391
2020-03-10,1657.95,0.481,627.0,150.659,96.414,104.38,1.293,34.36,47.3,1.28,0.805,0.534,0.433,0.725,-0.471,-0.794,-0.968,-0.456,2.215,1.325,0.336,0.312,-0.078,-0.251,0.562,0.491,0.144,2281.78,1308.592,3320.94,2075.44,1342.909,389.587,1199.379,365.186,2747.86,112.37,861.13,1624.93,552.76,1191.8,81.93,2051.96,491.46,531.522,1275.57,177.59,137.547,1660.3,37.22,2865.75,2914.0,8331.5,1103.6,1407.0,112.72,109.93
2020-03-17,1534.9,0.486,612.0,130.289,99.575,107.4,1.209,26.95,75.91,1.684,1.082,0.493,0.137,0.612,-0.142,-0.438,-0.861,-0.456,2.793,2.351,1.445,0.35,0.008,-0.191,1.049,0.959,0.3,2272.57,1248.006,3096.32,1904.91,1209.972,349.098,1107.32,330.902,2399.78,97.61,771.02,1236.18,473.25,1022.5,73.39,1772.94,424.21,506.623,1221.4,171.93,136.063,1525.8,28.73,2495.5,2518.0,7405.25,1103.6,1229.0,112.485,109.844
2020-03-24,1627.86,0.317,603.0,128.155,102.039,111.47,1.172,24.01,61.67,1.395,0.85,0.372,-0.038,0.947,0.045,-0.327,-0.649,-0.439,2.431,1.561,0.481,0.426,0.031,-0.231,0.848,0.768,0.114,2299.46,1186.894,2948.37,1761.43,1123.672,334.394,1055.227,339.465,2328.08,102.11,807.62,1149.41,492.68,901.73,73.46,1742.61,416.27,498.215,1173.45,170.27,137.453,1660.8,27.15,2438.0,2636.0,7554.75,1103.6,1354.5,112.025,110.105
2020-03-31,1597.89,0.366,626.0,121.787,99.048,107.78,1.24,20.48,53.54,1.321,0.67,0.246,0.061,0.985,0.021,-0.474,-0.702,-0.445,2.437,1.519,0.331,0.42,0.012,-0.15,0.821,0.746,0.123,2299.88,1263.541,3122.54,1905.89,1202.082,350.749,1094.642,346.352,2459.87,107.38,848.74,1172.1,512.48,994.79,76.52,1852.73,442.35,509.999,1199.58,172.51,138.688,1583.4,22.74,2569.75,2747.0,7786.25,1103.6,1403.0,112.19,110.191
2020-04-07,1652.09,0.354,596.0,127.955,99.9,108.84,1.234,23.63,46.7,1.295,0.714,0.26,0.114,0.921,0.082,-0.313,-0.635,-0.454,2.513,1.613,0.551,0.445,0.011,-0.119,0.838,0.762,0.153,2308.52,1254.034,3133.09,1898.03,1201.862,356.035,1093.836,350.272,2529.9,109.55,852.73,1218.45,559.6,1021.21,78.55,1895.04,453.09,508.18,1198.6,170.49,137.906,1664.8,31.87,2642.0,2823.0,8012.0,1103.6,1419.5,112.035,110.176
2020-04-14,1734.22,0.377,679.0,126.012,98.887,107.09,1.261,20.11,37.76,1.402,0.754,0.219,0.137,0.814,0.029,-0.381,-0.679,-0.451,2.6,1.781,0.829,0.453,0.016,-0.164,0.706,0.651,0.06,2303.6,1271.158,3261.73,2014.83,1264.423,371.666,1118.825,357.612,2711.5,111.81,870.55,1284.44,578.51,1050.19,79.58,2006.81,477.7,515.13,1212.23,171.54,138.219,1756.7,29.6,2843.0,2885.0,8692.5,1103.6,1433.5,112.13,110.305
2020-04-21,1673.14,0.254,728.0,106.293,100.258,107.78,1.227,10.01,45.41,1.163,0.571,0.203,0.086,0.667,-0.073,-0.479,-0.698,-0.453,3.005,2.153,1.268,0.47,0.011,-0.134,0.637,0.593,0.058,2303.29,1266.53,3278.01,1980.8,1243.924,367.608,1113.246,350.975,2608.72,108.5,857.59,1236.74,514.07,1051.59,79.09,1932.25,460.91,513.971,1232.3,172.91,139.391,1678.2,19.33,2732.0,2756.0,8431.75,1103.6,1417.5,112.165,110.344
2020-04-28,1705.65,0.238,655.0,108.206,99.865,106.88,1.243,12.34,33.57,1.204,0.614,0.211,0.086,0.438,-0.065,-0.471,-0.702,-0.454,2.56,1.726,0.699,0.411,-0.048,-0.181,0.639,0.603,0.047,2309.46,1251.701,3285.06,1976.58,1241.75,372.024,1110.443,356.026,2733.53,114.23,876.59,1210.81,559.87,1093.44,80.63,2023.35,481.58,516.604,1231.17,172.75,139.016,1710.5,20.46,2867.25,2893.0,8719.75,1103.6,1454.0,112.16,110.313
2020-05-05,1702.68,0.285,575.0,123.643,99.709,106.51,1.244,24.56,33.61,1.332,0.663,0.188,0.097,0.263,-0.14,-0.581,-0.805,-0.446,2.688,1.864,0.734,0.427,-0.031,-0.163,0.547,0.503,0.001,2314.22,1256.265,3268.17,1994.64,1254.941,370.049,1128.062,356.99,2741.08,112.16,865.26,1188.4,572.41,1077.77,78.93,2018.11,480.04,517.485,1238.89,174.41,138.859,1710.6,30.97,2858.25,2852.0,8924.25,1103.6,1427.5,112.37,110.324
2020-05-12,1702.65,0.157,433.0,122.629,99.933,107.36,1.229,25.78,33.04,1.37,0.666,0.159,0.12,0.191,-0.066,-0.508,-0.735,-0.456,2.767,1.887,0.699,0.461,-0.005,-0.159,0.59,0.552,-0.021,2312.89,1264.206,3241.21,2012.66,1271.434,370.151,1142.242,355.389,2748.57,113.76,892.16,1122.98,573.9,1086.32,81.45,2034.06,484.24,515.958,1239.26,173.37,138.953,1706.8,29.98,2852.5,2872.0,9078.25,1103.6,1470.0,112.215,110.375
2020-05-19,1742.39,0.155,453.0,129.574,99.371,107.83,1.225,32.5,30.53,1.409,0.69,0.165,0.114,0.171,-0.041,-0.465,-0.683,-0.458,2.596,1.632,0.522,0.474,-0.003,-0.164,0.638,0.584,-0.03,2314.88,1274.672,3281.13,2017.56,1279.78,369.334,1154.09,358.315,2799.37,113.24,897.38,1171.47,597.95,1052.76,83.62,2061.37,490.98,516.971,1239.42,172.7,138.859,1745.6,34.65,2918.75,2895.0,9300.75,1103.6,1490.5,112.09,110.375
2020-05-26,1712.42,0.114,506.0,131.621,98.908,107.57,1.234,34.35,28.01,1.445,0.698,0.172,0.117,0.174,0.009,-0.431,-0.653,-0.454,2.471,1.548,0.438,0.484,0.001,-0.164,0.639,0.576,-0.023,2314.8,1285.892,3315.33,2062.38,1307.064,375.082,1173.067,359.906,2867.61,116.21,925.85,1328.57,622.44,1066.62,80.81,2114.27,502.18,519.26,1249.33,172.16,138.953,1705.6,36.17,2994.5,2994.0,9406.5,1103.6,1537.0,112.035,110.387
2020-06-02,1724.85,0.19,546.0,134.115,97.673,108.69,1.254,36.81,26.84,1.487,0.686,0.162,0.14,0.178,0.061,-0.417,-0.665,-0.455,2.449,1.498,0.319,0.515,0.003,-0.163,0.634,0.561,-0.033,2318.33,1287.985,3344.67,2100.05,1333.859,384.634,1181.42,366.424,2955.15,119.69,960.41,1445.6,650.3,1160.32,83.64,2187.09,520.06,523.13,1256.38,171.86,139.188,1725.2,39.57,3077.0,3145.0,9647.75,1103.6,1588.5,112.02,110.383
2020-06-09,1715.46,0.275,714.0,138.453,96.324,107.72,1.274,38.94,27.57,1.576,0.826,0.202,0.158,0.177,0.19,-0.311,-0.619,-0.459,2.454,1.499,0.233,0.532,0.014,-0.156,0.732,0.656,0.004,2317.59,1289.646,3369.48,2144.58,1370.764,392.826,1200.464,368.048,3070.04,123.03,986.95,1633.33,651.16,1172.89,85.76,2275.28,541.23,526.083,1271.13,173.46,138.156,1714.7,41.18,3205.5,3319.0,9951.0,1103.6,1629.5,111.965,110.297
2020-06-16,1729.03,0.274,1054.0,136.272,96.958,107.34,1.259,38.38,33.67,1.543,0.754,0.199,0.152,0.194,0.053,-0.428,-0.661,-0.461,2.392,1.395,0.12,0.544,0.013,-0.162,0.612,0.549,-0.047,2316.36,1294.505,3394.04,2140.11,1364.611,391.674,1199.497,368.443,2998.49,120.98,966.24,1492.08,625.0,1160.9,86.0,2219.1,528.2,526.337,1268.01,175.4,138.797,1729.6,40.96,3128.75,3239.0,9972.5,1103.6,1582.0,112.065,110.316
2020-06-23,1765.56,0.418,1617.0,138.591,96.646,106.47,1.252,40.37,31.37,1.492,0.713,0.186,0.134,0.185,0.072,-0.409,-0.668,-0.461,2.266,1.254,0.077,0.574,0.007,-0.15,0.687,0.605,-0.066,2313.18,1296.519,3397.05,2132.94,1365.194,389.922,1205.74,371.087,3008.55,122.36,962.02,1539.01,641.52,1219.81,89.19,2236.04,533.33,528.831,1276.57,175.61,138.75,1772.1,42.63,3118.5,3282.0,10196.0,1103.6,1586.5,112.08,110.34
2020-06-30,1783.68,0.444,1799.0,137.972,97.391,107.83,1.238,39.27,30.43,1.411,0.657,0.149,0.129,0.171,0.003,-0.456,-0.695,-0.462,2.219,1.256,0.074,0.589,0.02,-0.147,0.641,0.562,-0.091,2315.19,1297.969,3403.1,2099.86,1348.645,388.873,1204.122,369.329,2980.73,119.94,945.48,1436.38,602.76,1195.72,87.42,2201.79,524.91,526.933,1277.48,176.52,139.172,1800.5,41.15,3090.25,3223.0,10147.25,1103.6,1558.5,112.14,110.414
2020-07-07,1795.82,0.457,1949.0,141.562,96.881,107.52,1.256,40.62,29.43,1.375,0.641,0.157,0.14,0.166,0.014,-0.43,-0.678,-0.464,2.162,1.202,0.063,0.617,0.033,-0.135,0.63,0.55,-0.08,2315.9,1300.072,3439.86,2127.78,1366.638,391.45,1215.722,373.378,3029.85,122.68,955.83,1523.86,620.17,1253.83,94.82,2243.17,537.26,529.287,1281.65,175.88,139.203,1809.9,43.08,3136.5,3312.0,10532.25,1103.6,1569.0,112.07,110.387
2020-07-14,1809.11,0.483,1742.0,139.99,96.259,107.2,1.255,40.29,29.52,1.311,0.624,0.157,0.132,0.175,-0.033,-0.448,-0.67,-0.464,2.147,1.211,0.078,0.595,0.019,-0.143,0.635,0.54,-0.109,2316.66,1307.238,3458.97,2128.19,1365.682,390.702,1214.262,373.788,3080.0,122.29,952.47,1528.26,600.1,1239.23,96.35,2270.69,543.47,531.663,1287.63,176.2,139.422,1813.4,42.9,3183.5,3304.0,10646.25,1103.6,1563.5,112.05,110.406
2020-07-21,1841.81,0.536,1594.0,142.504,95.117,106.74,1.274,41.96,24.84,1.309,0.602,0.141,0.109,0.176,-0.026,-0.462,-0.677,-0.466,2.038,1.092,-0.025,0.572,0.01,-0.143,0.652,0.546,-0.113,2317.7,1312.498,3495.4,2170.14,1391.104,395.26,1230.671,376.837,3140.63,125.22,962.17,1654.88,618.1,1297.79,97.83,2321.55,555.81,535.742,1291.31,176.37,139.516,1843.9,44.32,3251.25,3398.0,10851.0,1103.6,1578.5,112.065,110.434
2020-07-28,1946.99,0.532,1264.0,143.478,93.696,105.06,1.295,41.04,25.44,1.217,0.58,0.139,0.099,0.166,-0.097,-0.509,-0.694,-0.466,1.955,1.006,-0.052,0.558,0.018,-0.136,0.62,0.515,-0.099,2315.56,1316.297,3504.27,2182.51,1402.907,396.217,1235.393,383.856,3100.54,122.07,954.29,1666.74,616.19,1320.36,94.56,2299.91,551.03,541.785,1293.03,177.13,139.703,1944.6,43.22,3213.0,3301.0,10540.0,1103.6,1566.0,112.11,110.461
2020-08-04,1999.67,0.579,1463.0,147.916,93.382,105.75,1.307,41.7,23.76,1.186,0.508,0.107,0.086,0.157,-0.143,-0.553,-0.713,-0.465,1.894,0.946,-0.082,0.549,0.012,-0.136,0.598,0.489,-0.074,2320.86,1321.774,3522.62,2202.84,1413.093,396.308,1247.166,387.091,3189.37,120.49,946.7,1574.06,612.93,1309.58,98.11,2336.82,559.25,543.257,1295.72,177.81,140.328,2001.2,44.43,3300.0,3246.0,11086.0,1103.6,1556.0,112.15,110.527
2020-08-11,1942.06,0.515,1510.0,146.86,93.628,106.54,1.309,41.61,24.03,1.329,0.642,0.149,0.099,0.168,-0.047,-0.479,-0.686,-0.468,1.885,0.941,-0.084,0.568,0.027,-0.121,0.734,0.604,-0.001,2319.32,1326.294,3503.3,2213.3,1424.007,399.214,1255.837,384.813,3206.47,122.88,964.79,1562.15,637.03,1332.52,95.54,2359.47,564.09,541.341,1305.7,176.66,139.25,1932.6,44.5,3330.0,3326.0,10878.5,1103.6,1583.0,112.08,110.41
2020-08-18,2006.91,0.531,1586.0,151.695,92.271,105.34,1.324,42.89,21.51,1.396,0.67,0.143,0.091,0.161,-0.029,-0.464,-0.664,-0.464,1.876,0.925,-0.151,0.613,0.034,-0.128,0.777,0.651,-0.045,2320.48,1321.066,3473.34,2200.58,1421.95,399.598,1247.453,384.616,3271.45,121.71,980.09,1539.3,643.94,1342.64,98.33,2399.37,573.33,543.526,1304.86,176.43,139.391,1999.4,45.46,3387.0,3277.0,11409.25,1103.6,1611.0,112.03,110.441
2020-08-25,1916.35,0.618,1518.0,152.643,93.019,106.44,1.312,43.35,22.03,1.394,0.684,0.149,0.089,0.174,0.006,-0.433,-0.664,-0.469,1.976,1.024,-0.082,0.587,0.03,-0.118,0.84,0.711,-0.025,2317.25,1317.256,3472.47,2212.33,1425.662,400.797,1249.067,382.3,3322.61,122.54,988.37,1501.11,614.46,1343.31,101.11,2422.95,578.89,540.497,1308.19,175.89,139.313,1911.8,45.86,3443.0,3329.0,11726.25,1103.6,1628.0,112.015,110.434
2020-09-01,1975.06,0.632,1471.0,153.344,92.338,106.02,1.339,42.76,26.12,1.42,0.67,0.131,0.099,0.157,0.039,-0.421,-0.681,-0.467,1.989,1.034,-0.118,0.61,0.042,-0.117,0.879,0.837,-0.106,2321.74,1313.343,3477.36,2221.12,1436.257,402.274,1252.322,387.907,3414.21,120.9,982.46,1567.86,613.09,1336.11,102.4,2467.25,588.52,543.892,1314.13,175.72,139.578,1970.8,45.58,3527.0,3271.0,12312.5,1103.6,1616.5,112.05,110.469
2020-09-08,1939.01,0.661,1328.0,145.997,93.445,105.93,1.305,36.76,31.46,1.421,0.68,0.141,0.109,0.156,-0.047,-0.496,-0.711,-0.467,2.003,1.027,-0.088,0.609,0.035,-0.133,0.743,0.703,-0.138,2321.09,1313.482,3467.79,2211.57,1428.176,402.656,1250.412,385.211,3207.54,120.51,983.62,1532.36,569.41,1325.93,96.89,2354.41,562.81,541.41,1311.59,176.93,139.563,1935.1,39.78,3335.5,3268.0,11060.5,1103.6,1620.0,112.05,110.449
2020-09-15,1958.1,0.665,1289.0,147.761,93.05,105.46,1.289,38.28,25.59,1.431,0.681,0.139,0.099,0.152,-0.036,-0.48,-0.694,-0.468,1.911,0.997,-0.16,0.579,0.015,-0.144,0.768,0.727,-0.069,2316.93,1313.733,3477.88,2213.77,1430.935,402.531,1251.397,383.275,3286.16,122.94,994.06,1556.65,598.29,1366.27,98.85,2407.97,575.64,543.082,1309.9,174.0,139.672,1958.0,40.53,3405.25,3335.0,11464.25,1103.6,1630.0,112.28,110.453
2020-09-22,1899.4,0.664,1364.0,147.515,93.988,105.03,1.272,39.6,26.86,1.423,0.672,0.135,0.086,0.152,-0.058,-0.506,-0.718,-0.467,1.785,0.864,-0.231,0.583,0.009,-0.147,0.749,0.706,-0.055,2314.36,1314.798,3478.6,2195.81,1412.193,399.916,1239.415,380.724,3208.13,118.48,993.97,1465.33,566.91,1324.43,97.02,2343.39,560.21,541.604,1315.42,174.37,139.625,1899.3,41.72,3299.25,3163.0,11149.5,1103.6,1633.0,112.325,110.469
2020-09-29,1895.63,0.663,1658.0,146.76,93.891,105.66,1.285,39.29,26.27,1.415,0.65,0.123,0.086,0.147,-0.122,-0.546,-0.714,-0.469,1.737,0.851,-0.23,0.6,0.012,-0.151,0.718,0.685,-0.057,2317.52,1315.449,3462.61,2190.07,1402.058,398.365,1230.656,382.953,3228.71,119.75,1000.47,1358.64,549.4,1336.19,95.48,2359.63,562.7,541.167,1307.25,174.87,139.781,1894.3,41.03,3333.75,3203.0,11337.75,1103.6,1659.0,112.305,110.484
2020-10-06,1903.97,0.82,2097.0,149.506,93.686,105.62,1.296,40.67,29.48,1.537,0.736,0.147,0.084,0.143,-0.083,-0.509,-0.702,-0.47,1.681,0.775,-0.295,0.632,0.033,-0.125,0.867,0.82,-0.025,2317.98,1310.47,3461.43,2216.26,1418.865,401.732,1237.726,380.491,3258.03,121.12,994.4,1426.33,555.81,1380.54,99.09,2382.57,569.67,541.514,1314.07,174.27,139.047,1901.1,42.65,3353.25,3227.0,11273.75,1103.6,1645.0,112.275,110.43
2020-10-13,1891.41,0.791,1732.0,150.384,93.531,105.54,1.296,40.2,26.07,1.511,0.728,0.139,0.089,0.144,-0.134,-0.557,-0.739,-0.468,1.497,0.657,-0.35,0.644,0.026,-0.137,0.8,0.751,-0.048,2315.72,1309.153,3478.11,2231.04,1427.627,403.656,1247.348,384.037,3407.1,122.81,996.96,1448.15,548.67,1403.78,103.45,2464.18,588.94,543.047,1324.23,175.06,139.203,1888.5,42.45,3504.75,3267.0,12094.0,1103.6,1647.5,112.34,110.441
2020-10-20,1908.86,0.848,1350.0,152.327,93.067,105.57,1.294,41.46,29.35,1.592,0.787,0.143,0.086,0.143,-0.197,-0.607,-0.785,-0.468,1.599,0.727,-0.336,0.604,0.017,-0.142,0.74,0.693,-0.071,2314.88,1308.998,3462.31,2230.01,1424.233,402.92,1241.993,385.865,3339.04,121.05,983.79,1478.46,540.67,1395.8,103.75,2422.71,580.11,543.975,1326.62,175.81,138.703,1910.4,43.16,3432.25,3226.0,11660.75,1103.6,1624.5,112.445,110.449
2020-10-27,1908.71,0.854,1413.0,150.707,92.94,104.42,1.307,39.57,33.35,1.553,0.769,0.145,0.089,0.152,-0.198,-0.616,-0.78,-0.468,1.585,0.699,-0.379,0.632,0.026,-0.139,0.778,0.731,-0.055,2316.49,1309.84,3474.82,2222.95,1421.762,403.313,1239.599,386.86,3288.82,116.86,978.92,1448.59,536.0,1380.68,104.22,2381.65,571.53,545.47,1324.92,175.94,138.844,1908.8,41.2,3383.0,3068.0,11588.0,1103.6,1618.0,112.415,110.426
2020-11-03,1909.06,0.869,1263.0,147.023,93.553,104.5,1.304,37.66,35.55,1.68,0.9,0.166,0.089,0.141,-0.216,-0.62,-0.798,-0.472,1.573,0.733,-0.352,0.643,0.04,-0.126,0.838,0.788,-0.046,2316.15,1310.177,3453.26,2221.59,1418.305,402.316,1234.9,384.961,3263.76,117.98,974.61,1386.25,525.51,1365.83,103.51,2369.27,568.09,543.24,1310.57,176.02,138.094,1910.4,39.71,3361.5,3095.0,11265.75,1103.6,1605.0,112.46,110.383
2020-11-10,1881.88,0.81,1200.0,153.553,92.749,105.3,1.324,41.36,24.8,1.742,0.961,0.181,0.089,0.13,-0.048,-0.486,-0.716,-0.473,1.63,0.761,-0.38,0.653,0.041,-0.137,0.99,0.936,-0.002,2314.17,1315.691,3473.94,2274.06,1455.178,410.526,1255.381,380.982,3427.05,127.53,1032.55,1610.14,590.11,1441.98,105.89,2507.1,600.74,544.171,1331.36,174.02,137.438,1876.4,43.61,3541.0,3451.0,11618.25,1103.6,1701.5,112.29,110.336
2020-11-17,1886.94,0.796,1112.0,154.522,92.416,104.23,1.324,41.43,22.71,1.606,0.859,0.169,0.079,0.144,-0.159,-0.563,-0.733,-0.471,1.491,0.638,-0.391,0.645,0.02,-0.15,0.911,0.857,-0.039,2318.26,1322.417,3506.07,2274.75,1461.074,412.783,1262.275,384.82,3495.86,128.98,1057.92,1642.23,601.69,1472.77,105.88,2558.43,612.86,548.444,1334.43,175.18,138.297,1885.1,43.75,3606.75,3467.0,11975.0,1103.6,1736.5,112.31,110.359
2020-11-24,1805.04,0.749,1178.0,159.791,92.226,104.63,1.334,44.91,21.64,1.605,0.881,0.16,0.074,0.15,-0.152,-0.564,-0.751,-0.472,1.476,0.611,-0.418,0.642,0.021,-0.148,0.899,0.851,-0.024,2317.76,1328.391,3526.27,2290.75,1472.419,416.197,1266.359,386.169,3531.8,130.27,1075.03,1672.54,615.43,1482.81,108.51,2587.19,620.47,549.027,1342.17,175.26,138.25,1804.6,47.86,3632.75,3505.0,12076.0,1103.6,1768.0,112.34,110.387
2020-12-01,1813.0,0.65,1211.0,158.939,91.313,104.33,1.342,44.55,20.77,1.668,0.928,0.166,0.076,0.153,-0.119,-0.53,-0.724,-0.472,1.549,0.673,-0.377,0.645,0.016,-0.135,0.905,0.856,-0.019,2316.95,1330.213,3532.21,2299.29,1482.404,417.235,1269.149,391.406,3563.62,129.95,1081.11,1737.52,624.87,1492.07,106.53,2609.01,624.91,550.69,1349.86,174.56,137.844,1814.1,47.42,3660.5,3528.0,12452.25,1103.6,1766.5,112.275,110.359
2020-12-08,1872.94,0.53,1121.0,158.282,90.965,104.13,1.336,45.6,20.68,1.662,0.92,0.151,0.068,0.146,-0.188,-0.608,-0.778,-0.47,1.45,0.588,-0.421,0.632,0.014,-0.139,0.797,0.753,-0.087,2317.22,1332.523,3535.45,2317.59,1495.204,419.169,1274.225,396.251,3611.1,130.65,1075.19,1837.64,652.15,1535.63,106.16,2642.05,633.81,554.17,1356.64,175.43,138.219,1870.8,48.84,3702.0,3526.0,12637.5,1103.6,1758.5,112.37,110.406
2020-12-15,1850.46,0.517,1273.0,163.02,90.473,103.73,1.343,47.62,22.89,1.65,0.91,0.113,0.066,0.153,-0.204,-0.612,-0.766,-0.472,1.386,0.518,-0.458,0.618,0.001,-0.147,0.824,0.769,-0.063,2318.94,1335.573,3532.97,2320.67,1500.502,418.915,1279.52,395.853,3606.66,130.32,1087.23,1863.96,665.7,1551.28,104.65,2643.74,633.89,555.501,1359.61,178.27,138.297,1852.3,50.76,3694.5,3525.0,12591.75,1103.6,1777.5,112.39,110.465
2020-12-22,1867.74,0.37,1330.0,163.612,90.654,103.65,1.336,47.02,24.23,1.648,0.918,0.113,0.076,0.145,-0.202,-0.597,-0.743,-0.473,1.41,0.553,-0.417,0.625,0.007,-0.143,0.729,0.672,-0.155,2321.46,1337.051,3542.47,2321.82,1503.158,418.705,1284.129,397.058,3615.87,129.65,1077.39,1860.93,646.32,1543.19,105.85,2643.07,633.65,555.692,1370.54,177.93,137.984,1866.6,50.08,3677.25,3481.0,12710.0,1103.6,1759.5,112.31,110.48
2020-12-29,1879.17,0.245,1366.0,165.374,89.994,103.53,1.349,48.0,23.08,1.675,0.939,0.125,0.086,0.145,-0.172,-0.574,-0.724,-0.47,1.421,0.555,-0.42,0.647,0.021,-0.127,0.775,0.715,-0.163,2322.45,1337.825,3550.43,2336.15,1512.071,419.509,1286.353,398.146,3641.86,132.94,1114.27,1884.49,668.56,1591.76,105.05,2682.19,643.0,557.448,1370.7,177.7,137.922,1879.7,51.09,3720.0,3567.0,12841.0,1103.6,1815.5,112.28,110.477
2021-01-05,1950.23,0.241,1418.0,171.705,89.436,102.65,1.363,49.93,25.34,1.708,0.957,0.121,0.076,0.14,-0.169,-0.579,-0.721,-0.498,1.417,0.565,-0.406,0.637,0.007,-0.132,0.778,0.718,-0.15,2322.75,1339.26,3536.62,2338.55,1515.266,420.947,1286.191,398.707,3640.58,132.78,1098.3,1846.81,683.94,1636.95,111.33,2684.18,646.96,559.312,1380.48,177.9,137.844,1954.4,53.6,3718.25,3527.0,12793.5,1103.6,1785.0,112.315,110.477
2021-01-12,1839.55,0.346,1849.0,174.949,90.093,104.08,1.362,53.21,23.33,1.872,1.13,0.145,0.076,0.126,-0.067,-0.469,-0.695,-0.477,1.51,0.648,-0.334,0.643,0.03,-0.13,0.927,0.864,-0.084,2319.72,1336.91,3500.83,2338.69,1507.86,422.165,1270.306,393.241,3718.4,135.46,1139.92,1878.62,713.67,1677.32,112.84,2734.4,659.65,553.301,1391.58,176.44,136.391,1844.2,56.58,3794.5,3600.0,12890.25,1103.6,1856.0,112.245,110.426
2021-01-19,1842.82,0.32,1766.0,174.847,90.498,103.88,1.363,52.98,23.24,1.834,1.089,0.131,0.071,0.131,-0.118,-0.527,-0.711,-0.481,1.459,0.587,-0.349,0.658,0.042,-0.134,0.857,0.796,-0.132,2323.49,1338.733,3527.74,2349.11,1510.533,422.455,1274.311,396.264,3715.03,135.17,1141.61,1863.14,703.0,1659.52,118.46,2732.48,661.09,554.65,1390.93,177.4,136.938,1840.2,55.9,3790.5,3587.0,12985.5,1103.6,1856.5,112.275,110.461
2021-01-26,1852.72,0.382,1659.0,175.422,90.17,103.68,1.373,52.61,23.02,1.791,1.036,0.121,0.063,0.128,-0.118,-0.535,-0.728,-0.476,1.511,0.646,-0.322,0.645,0.028,-0.138,0.837,0.775,-0.144,2322.89,1344.644,3527.58,2349.78,1514.054,423.227,1278.661,398.04,3759.35,135.09,1135.71,1792.1,677.7,1631.3,122.21,2754.12,666.09,555.874,1395.85,177.52,137.375,1850.9,55.91,3842.5,3589.0,13485.5,1103.6,1846.5,112.305,110.473
2021-02-02,1835.24,0.362,1380.0,178.022,91.197,105.1,1.365,54.76,25.56,1.869,1.098,0.113,0.046,0.113,-0.046,-0.49,-0.727,-0.479,1.526,0.65,-0.324,0.664,0.049,-0.125,0.924,0.859,-0.097,2324.96,1346.501,3509.99,2351.92,1513.653,424.152,1279.259,394.801,3745.18,134.32,1132.26,1801.25,665.7,1657.77,121.33,2731.95,660.97,551.158,1378.2,176.75,136.938,1830.5,57.46,3818.25,3581.0,13449.0,1103.6,1852.0,112.28,110.473
2021-02-09,1837.96,0.397,1306.0,184.223,90.439,104.56,1.38,58.36,21.63,1.948,1.159,0.115,0.025,0.121,0.02,-0.447,-0.717,-0.48,1.425,0.512,-0.426,0.667,0.068,-0.131,1.038,0.977,-0.037,2325.86,1349.799,3507.21,2367.35,1523.497,426.245,1280.204,395.388,3832.33,135.84,1180.79,1800.71,691.35,1701.99,125.3,2798.55,676.7,552.043,1400.19,176.21,136.719,1835.3,61.09,3905.5,3654.0,13680.25,1103.6,1928.0,112.255,110.453
2021-02-16,1796.72,0.324,1495.0,187.667,90.509,105.89,1.391,60.05,21.46,2.092,1.316,0.119,0.033,0.106,0.16,-0.349,-0.695,-0.479,1.468,0.571,-0.37,0.673,0.079,-0.131,1.221,1.16,-0.044,2315.9,1350.5,3478.76,2369.82,1524.225,427.608,1274.207,393.061,3854.92,138.78,1210.58,1819.27,710.06,1730.51,129.2,2828.15,685.06,549.007,1410.19,174.8,135.781,1797.2,63.35,3927.75,3720.0,13767.75,1103.6,1978.0,112.225,110.445
2021-02-23,1806.98,0.52,1727.0,192.499,90.169,105.24,1.409,61.67,23.11,2.18,1.343,0.111,0.023,0.115,0.192,-0.317,-0.69,-0.478,1.556,0.643,-0.335,0.698,0.12,-0.119,1.325,1.268,0.034,2313.26,1332.408,3448.97,2365.29,1521.008,427.943,1265.817,389.939,3792.71,136.29,1193.39,1741.16,689.92,1674.01,122.8,2789.21,674.03,547.727,1412.87,174.35,135.422,1804.4,65.37,3878.0,3680.0,13192.0,1103.6,1939.5,112.22,110.473
2021-03-02,1736.79,0.511,1673.0,189.981,90.785,106.74,1.397,59.75,24.1,2.191,1.393,0.121,0.03,0.109,0.144,-0.353,-0.699,-0.481,1.601,0.674,-0.345,0.704,0.123,-0.126,1.238,1.198,0.042,2314.37,1325.261,3446.45,2361.4,1515.825,427.38,1260.681,390.083,3776.61,136.93,1163.81,1608.19,686.63,1698.3,117.31,2768.25,667.11,544.616,1399.11,174.67,134.641,1733.6,62.7,3867.6,3705.0,13055.25,1103.6,1901.5,112.235,110.449
2021-03-09,1716.7,0.479,1901.0,191.339,91.958,108.53,1.389,64.01,24.03,2.234,1.528,0.161,0.028,0.106,0.202,-0.301,-0.686,-0.477,1.613,0.691,-0.374,0.702,0.121,-0.121,1.24,1.211,0.077,2307.72,1332.366,3395.92,2345.46,1497.342,426.985,1240.658,389.252,3765.18,139.38,1171.38,1561.08,705.08,1715.38,110.68,2761.82,662.99,538.033,1393.19,171.23,133.406,1716.9,67.52,3873.3,3790.0,12788.75,1103.6,1919.5,112.075,110.352
2021-03-16,1729.18,0.506,2017.0,193.43,91.865,109.01,1.389,64.8,19.79,2.379,1.62,0.149,0.013,0.108,0.197,-0.337,-0.695,-0.477,1.566,0.624,-0.396,0.672,0.1,-0.146,1.316,1.285,0.087,2302.01,1335.37,3383.29,2348.39,1504.985,428.532,1249.635,391.035,3855.0,141.43,1209.22,1656.02,739.66,1702.77,112.76,2823.69,677.96,537.93,1403.53,171.78,133.078,1730.9,68.39,3962.4,3850.0,13151.5,1103.6,1960.0,112.1,110.379
2021-03-23,1727.96,0.339,2271.0,184.502,92.336,108.72,1.376,57.76,20.3,2.326,1.622,0.145,0.003,0.107,0.228,-0.343,-0.716,-0.48,1.603,0.601,-0.415,0.621,0.077,-0.14,1.286,1.261,0.04,2301.89,1330.717,3394.38,2346.07,1500.919,427.797,1249.403,389.85,3800.77,140.32,1199.57,1671.73,681.21,1695.96,110.83,2788.01,668.84,538.077,1401.39,171.92,131.922,1725.1,60.79,3899.8,3773.0,13006.25,1103.6,1958.5,112.14,110.383
2021-03-30,1685.56,0.303,2103.0,184.874,93.297,110.29,1.372,60.55,19.61,2.369,1.706,0.147,0.01,0.109,0.265,-0.288,-0.698,-0.483,1.67,0.679,-0.382,0.648,0.085,-0.145,1.358,1.321,0.069,2297.31,1333.4,3390.19,2352.95,1496.094,428.658,1242.264,385.815,3835.96,142.76,1206.29,1635.57,693.38,1690.76,108.8,2805.1,672.12,533.195,1396.11,171.0,131.188,1683.9,64.14,3947.7,3872.0,12878.25,1103.6,1978.0,112.09,110.387
2021-04-06,1743.28,0.44,2092.0,185.839,92.335,109.88,1.382,59.33,18.12,2.323,1.658,0.157,0.015,0.11,0.233,-0.317,-0.706,-0.481,1.69,0.691,-0.377,0.678,0.108,-0.121,1.335,1.299,0.07,2302.52,1335.609,3420.7,2370.97,1510.465,430.665,1250.256,390.682,3955.16,144.13,1194.62,1689.62,673.2,1689.48,111.92,2876.23,688.76,537.029,1400.07,171.68,131.688,1741.5,62.74,4064.0,3920.0,13570.0,1103.6,1955.0,112.12,110.281
2021-04-13,1742.69,0.467,2140.0,188.137,91.852,109.19,1.374,60.18,16.65,2.294,1.616,0.159,0.01,0.112,0.262,-0.293,-0.707,-0.483,1.756,0.748,-0.363,0.667,0.101,-0.133,1.305,1.266,0.044,2309.15,1341.393,3431.1,2371.86,1515.82,430.409,1252.563,390.385,4027.05,144.23,1197.06,1680.82,680.23,1672.46,108.4,2918.19,695.97,538.579,1412.16,171.26,132.078,1746.2,63.67,4132.8,3917.0,13975.75,1103.6,1961.5,112.115,110.293
2021-04-20,1779.72,0.492,2432.0,193.804,91.147,108.09,1.395,62.5,18.46,2.262,1.565,0.151,0.018,0.114,0.278,-0.263,-0.697,-0.48,1.802,0.778,-0.352,0.639,0.084,-0.132,1.264,1.218,0.033,2309.67,1345.902,3427.63,2378.53,1525.79,431.553,1261.678,395.339,4043.69,146.39,1196.16,1751.34,685.43,1656.19,110.31,2944.05,702.99,541.718,1415.11,170.87,132.547,1774.9,66.51,4127.0,3902.0,13802.75,1103.6,1927.0,112.1,110.293
